
> etc-client@0.0.0 test-coverage
> nx run etc-client:test-coverage


> nx run etc-client:test-coverage

(node:6636) Warning: The 'NO_COLOR' env is ignored due to the 'FORCE_COLOR' env being set.
(Use `node --trace-warnings ...` to show where the warning was created)
(node:6656) Warning: The 'NO_COLOR' env is ignored due to the 'FORCE_COLOR' env being set.
(Use `node --trace-warnings ...` to show where the warning was created)
(node:6657) Warning: The 'NO_COLOR' env is ignored due to the 'FORCE_COLOR' env being set.
(Use `node --trace-warnings ...` to show where the warning was created)
(node:6655) Warning: The 'NO_COLOR' env is ignored due to the 'FORCE_COLOR' env being set.
(Use `node --trace-warnings ...` to show where the warning was created)
- Generating browser application bundles (phase: setup)...
[32m✔[39m Browser application bundle generation complete.
[32m08 10 2026 15:40:32.619:INFO [karma-server]: [39mKarma v6.4.4 server started at http://localhost:9878/
[32m08 10 2026 15:40:32.620:INFO [launcher]: [39mLaunching browsers ChromeHeadlessNoSandbox with concurrency unlimited
[32m08 10 2026 15:40:32.624:INFO [launcher]: [39mStarting browser ChromeHeadless
[32m08 10 2026 15:40:32.871:INFO [Chrome Headless 151.0.7922.34 (Mac OS 10.15.7)]: [39mConnected on socket UZZ8Ffut-H8Da7X0AAAA with id 47000900
Chrome Headless 151.0.7922.34 (Mac OS 10.15.7): Executed 0 of 1642[32m SUCCESS[39m (0 secs / 0 secs)
[1A[2KChrome Headless 151.0.7922.34 (Mac OS 10.15.7): Executed 1 of 1642[32m SUCCESS[39m (0 secs / 0.076 secs)
[1A[2KChrome Headless 151.0.7922.34 (Mac OS 10.15.7): Executed 2 of 1642[32m SUCCESS[39m (0 secs / 0.086 secs)
[1A[2KChrome Headless 151.0.7922.34 (Mac OS 10.15.7): Executed 3 of 1642[32m SUCCESS[39m (0 secs / 0.094 secs)
[1A[2KChrome Headless 151.0.7922.34 (Mac OS 10.15.7): Executed 4 of 1642[32m SUCCESS[39m (0 secs / 0.101 secs)
[1A[2KChrome Headless 151.0.7922.34 (Mac OS 10.15.7): Executed 5 of 1642[32m SUCCESS[39m (0 secs / 0.107 secs)
[1A[2KChrome Headless 151.0.7922.34 (Mac OS 10.15.7): Executed 6 of 1642[32m SUCCESS[39m (0 secs / 0.113 secs)
[1A[2KChrome Headless 151.0.7922.34 (Mac OS 10.15.7): Executed 7 of 1642[32m SUCCESS[39m (0 secs / 0.119 secs)
[1A[2KChrome Headless 151.0.7922.34 (Mac OS 10.15.7): Executed 8 of 1642[32m SUCCESS[39m (0 secs / 0.125 secs)
[1A[2KChrome Headless 151.0.7922.34 (Mac OS 10.15.7): Executed 9 of 1642[32m SUCCESS[39m (0 secs / 0.13 secs)
[1A[2KChrome Headless 151.0.7922.34 (Mac OS 10.15.7): Executed 10 of 1642[32m SUCCESS[39m (0 secs / 0.134 secs)
[1A[2KChrome Headless 151.0.7922.34 (Mac OS 10.15.7): Executed 11 of 1642[32m SUCCESS[39m (0 secs / 0.139 secs)
[1A[2KChrome Headless 151.0.7922.34 (Mac OS 10.15.7): Executed 12 of 1642[32m SUCCESS[39m (0 secs / 0.143 secs)
[1A[2KChrome Headless 151.0.7922.34 (Mac OS 10.15.7): Executed 13 of 1642[32m SUCCESS[39m (0 secs / 0.148 secs)
[1A[2KChrome Headless 151.0.7922.34 (Mac OS 10.15.7): Executed 14 of 1642[32m SUCCESS[39m (0 secs / 0.152 secs)
[1A[2KChrome Headless 151.0.7922.34 (Mac OS 10.15.7): Executed 15 of 1642[32m SUCCESS[39m (0 secs / 0.161 secs)
[1A[2KChrome Headless 151.0.7922.34 (Mac OS 10.15.7): Executed 16 of 1642[32m SUCCESS[39m (0 secs / 0.166 secs)
[1A[2KChrome Headless 151.0.7922.34 (Mac OS 10.15.7): Executed 17 of 1642[32m SUCCESS[39m (0 secs / 0.172 secs)
[1A[2KChrome Headless 151.0.7922.34 (Mac OS 10.15.7): Executed 18 of 1642[32m SUCCESS[39m (0 secs / 0.179 secs)
[1A[2KChrome Headless 151.0.7922.34 (Mac OS 10.15.7): Executed 19 of 1642[32m SUCCESS[39m (0 secs / 0.183 secs)
[1A[2KChrome Headless 151.0.7922.34 (Mac OS 10.15.7): Executed 20 of 1642[32m SUCCESS[39m (0 secs / 0.188 secs)
[1A[2KChrome Headless 151.0.7922.34 (Mac OS 10.15.7): Executed 21 of 1642[32m SUCCESS[39m (0 secs / 0.193 secs)
[1A[2KChrome Headless 151.0.7922.34 (Mac OS 10.15.7): Executed 22 of 1642[32m SUCCESS[39m (0 secs / 0.198 secs)
[1A[2KChrome Headless 151.0.7922.34 (Mac OS 10.15.7): Executed 23 of 1642[32m SUCCESS[39m (0 secs / 0.202 secs)
[1A[2KChrome Headless 151.0.7922.34 (Mac OS 10.15.7): Executed 24 of 1642[32m SUCCESS[39m (0 secs / 0.206 secs)
[1A[2KChrome Headless 151.0.7922.34 (Mac OS 10.15.7): Executed 25 of 1642[32m SUCCESS[39m (0 secs / 0.207 secs)
[1A[2KChrome Headless 151.0.7922.34 (Mac OS 10.15.7): Executed 26 of 1642[32m SUCCESS[39m (0 secs / 0.207 secs)
[1A[2KChrome Headless 151.0.7922.34 (Mac OS 10.15.7): Executed 27 of 1642[32m SUCCESS[39m (0 secs / 0.208 secs)
[1A[2KChrome Headless 151.0.7922.34 (Mac OS 10.15.7): Executed 28 of 1642[32m SUCCESS[39m (0 secs / 0.208 secs)
[1A[2KChrome Headless 151.0.7922.34 (Mac OS 10.15.7): Executed 29 of 1642[32m SUCCESS[39m (0 secs / 0.209 secs)
[1A[2KChrome Headless 151.0.7922.34 (Mac OS 10.15.7): Executed 30 of 1642[32m SUCCESS[39m (0 secs / 0.213 secs)
[1A[2KChrome Headless 151.0.7922.34 (Mac OS 10.15.7): Executed 31 of 1642[32m SUCCESS[39m (0 secs / 0.214 secs)
[1A[2KChrome Headless 151.0.7922.34 (Mac OS 10.15.7): Executed 32 of 1642[32m SUCCESS[39m (0 secs / 0.221 secs)
[1A[2KChrome Headless 151.0.7922.34 (Mac OS 10.15.7): Executed 33 of 1642[32m SUCCESS[39m (0 secs / 0.223 secs)
[1A[2KChrome Headless 151.0.7922.34 (Mac OS 10.15.7): Executed 34 of 1642[32m SUCCESS[39m (0 secs / 0.223 secs)
[1A[2KChrome Headless 151.0.7922.34 (Mac OS 10.15.7): Executed 35 of 1642[32m SUCCESS[39m (0 secs / 0.224 secs)
[1A[2KChrome Headless 151.0.7922.34 (Mac OS 10.15.7): Executed 36 of 1642[32m SUCCESS[39m (0 secs / 0.225 secs)
[1A[2KChrome Headless 151.0.7922.34 (Mac OS 10.15.7): Executed 37 of 1642[32m SUCCESS[39m (0 secs / 0.226 secs)
[1A[2KChrome Headless 151.0.7922.34 (Mac OS 10.15.7): Executed 38 of 1642[32m SUCCESS[39m (0 secs / 0.226 secs)
[1A[2KChrome Headless 151.0.7922.34 (Mac OS 10.15.7): Executed 39 of 1642[32m SUCCESS[39m (0 secs / 0.227 secs)
[1A[2KChrome Headless 151.0.7922.34 (Mac OS 10.15.7): Executed 40 of 1642[32m SUCCESS[39m (0 secs / 0.228 secs)
[1A[2KChrome Headless 151.0.7922.34 (Mac OS 10.15.7): Executed 41 of 1642[32m SUCCESS[39m (0 secs / 0.229 secs)
[1A[2KChrome Headless 151.0.7922.34 (Mac OS 10.15.7): Executed 42 of 1642[32m SUCCESS[39m (0 secs / 0.229 secs)
[1A[2KChrome Headless 151.0.7922.34 (Mac OS 10.15.7): Executed 43 of 1642[32m SUCCESS[39m (0 secs / 0.251 secs)
[1A[2KChrome Headless 151.0.7922.34 (Mac OS 10.15.7): Executed 44 of 1642[32m SUCCESS[39m (0 secs / 0.257 secs)
[1A[2KChrome Headless 151.0.7922.34 (Mac OS 10.15.7): Executed 45 of 1642[32m SUCCESS[39m (0 secs / 0.266 secs)
[1A[2KChrome Headless 151.0.7922.34 (Mac OS 10.15.7): Executed 46 of 1642[32m SUCCESS[39m (0 secs / 0.271 secs)
[1A[2KChrome Headless 151.0.7922.34 (Mac OS 10.15.7): Executed 47 of 1642[32m SUCCESS[39m (0 secs / 0.277 secs)
[1A[2KChrome Headless 151.0.7922.34 (Mac OS 10.15.7): Executed 48 of 1642[32m SUCCESS[39m (0 secs / 0.286 secs)
[1A[2KChrome Headless 151.0.7922.34 (Mac OS 10.15.7): Executed 49 of 1642[32m SUCCESS[39m (0 secs / 0.291 secs)
[1A[2KChrome Headless 151.0.7922.34 (Mac OS 10.15.7): Executed 50 of 1642[32m SUCCESS[39m (0 secs / 0.296 secs)
[1A[2KChrome Headless 151.0.7922.34 (Mac OS 10.15.7): Executed 51 of 1642[32m SUCCESS[39m (0 secs / 0.301 secs)
[1A[2KChrome Headless 151.0.7922.34 (Mac OS 10.15.7): Executed 52 of 1642[32m SUCCESS[39m (0 secs / 0.309 secs)
[1A[2KChrome Headless 151.0.7922.34 (Mac OS 10.15.7): Executed 53 of 1642[32m SUCCESS[39m (0 secs / 0.311 secs)
[1A[2KChrome Headless 151.0.7922.34 (Mac OS 10.15.7): Executed 54 of 1642[32m SUCCESS[39m (0 secs / 0.312 secs)
[1A[2KChrome Headless 151.0.7922.34 (Mac OS 10.15.7): Executed 55 of 1642[32m SUCCESS[39m (0 secs / 0.314 secs)
[1A[2KChrome Headless 151.0.7922.34 (Mac OS 10.15.7): Executed 56 of 1642[32m SUCCESS[39m (0 secs / 0.315 secs)
[1A[2KChrome Headless 151.0.7922.34 (Mac OS 10.15.7): Executed 57 of 1642[32m SUCCESS[39m (0 secs / 0.317 secs)
[1A[2KChrome Headless 151.0.7922.34 (Mac OS 10.15.7): Executed 58 of 1642[32m SUCCESS[39m (0 secs / 0.318 secs)
[1A[2KChrome Headless 151.0.7922.34 (Mac OS 10.15.7): Executed 59 of 1642[32m SUCCESS[39m (0 secs / 0.334 secs)
[1A[2KChrome Headless 151.0.7922.34 (Mac OS 10.15.7): Executed 60 of 1642[32m SUCCESS[39m (0 secs / 0.344 secs)
[1A[2KChrome Headless 151.0.7922.34 (Mac OS 10.15.7): Executed 61 of 1642[32m SUCCESS[39m (0 secs / 0.348 secs)
[1A[2KChrome Headless 151.0.7922.34 (Mac OS 10.15.7): Executed 62 of 1642[32m SUCCESS[39m (0 secs / 0.35 secs)
[1A[2KChrome Headless 151.0.7922.34 (Mac OS 10.15.7): Executed 63 of 1642[32m SUCCESS[39m (0 secs / 0.352 secs)
[1A[2KChrome Headless 151.0.7922.34 (Mac OS 10.15.7): Executed 64 of 1642[32m SUCCESS[39m (0 secs / 0.353 secs)
[1A[2KChrome Headless 151.0.7922.34 (Mac OS 10.15.7): Executed 65 of 1642[32m SUCCESS[39m (0 secs / 0.353 secs)
[1A[2KChrome Headless 151.0.7922.34 (Mac OS 10.15.7): Executed 66 of 1642[32m SUCCESS[39m (0 secs / 0.354 secs)
[1A[2KChrome Headless 151.0.7922.34 (Mac OS 10.15.7): Executed 67 of 1642[32m SUCCESS[39m (0 secs / 0.355 secs)
[1A[2KERROR: [36m'[WorkstepMenuComponent (headless builder) action wiring & refresh (builder) falls back to the template picker when the template count lookup fails]', 'Failed to resolve NNC form template count', Error: template lookup failed
Error: template lookup failed
    at errorFactory (http://localhost:9878/_karma_webpack_/webpack:/src/app/main/components/work-order/work-card-tabs/shared/workstep-menu/workstep-menu.component.spec.ts:399:26)
    at Observable._subscribe (http://localhost:9878/_karma_webpack_/webpack:/node_modules/rxjs/dist/esm/internal/observable/throwError.js:5:51)
    at Observable._trySubscribe (http://localhost:9878/_karma_webpack_/webpack:/node_modules/rxjs/dist/esm/internal/Observable.js:37:25)
    at cb (http://localhost:9878/_karma_webpack_/webpack:/node_modules/rxjs/dist/esm/internal/Observable.js:31:30)
    at errorContext (http://localhost:9878/_karma_webpack_/webpack:/node_modules/rxjs/dist/esm/internal/util/errorContext.js:19:9)
    at Observable.subscribe (http://localhost:9878/_karma_webpack_/webpack:/node_modules/rxjs/dist/esm/internal/Observable.js:22:21)
    at init (http://localhost:9878/_karma_webpack_/webpack:/node_modules/rxjs/dist/esm/internal/operators/switchMap.js:10:16)
    at OperatorSubscriber.call (http://localhost:9878/_karma_webpack_/webpack:/node_modules/rxjs/dist/esm/internal/util/lift.js:10:28)
    at cb (http://localhost:9878/_karma_webpack_/webpack:/node_modules/rxjs/dist/esm/internal/Observable.js:26:30)
    at errorContext (http://localhost:9878/_karma_webpack_/webpack:/node_modules/rxjs/dist/esm/internal/util/errorContext.js:19:9)[39m
Chrome Headless 151.0.7922.34 (Mac OS 10.15.7): Executed 67 of 1642[32m SUCCESS[39m (0 secs / 0.355 secs)
ERROR: '[WorkstepMenuComponent (headless builder) action wiring & refresh (builder) falls back to the template picker when the template count lookup fails]', 'Failed to resolve NNC form template count', Error: template lookup failed
Error: template lookup failed
    at errorFactory (http://localhost:9878/_karma_webpack_/webpack:/src/app/main/components/work-order/work-card-tabs/shared/workstep-menu/workstep-menu.component.spec.ts:399:26)
    at Observable._subscribe (http://localhost:9878/_karma_webpack_/webpack:/node_modules/rxjs/dist/esm/internal/observable/throwError.js:5:51)
    at Observable._trySubscribe (http://localhost:9878/_karma_webpack_/webpack:/node_modules/rxjs/dist/esm/internal/Observable.js:37:25)
    at cb (http://localhost:9878/_karma_webpack_/webpack:/node_modules/rxjs/dist/esm/internal/Observable.js:31:30)
    at errorContext (http://localhost:9878/_karma_webpack_/webpack:/node_modules/rxjs/dist/esm/internal/util/errorContext.js:19:9)
    at Observable.subscribe (http://localhost:9878/_karma_webpack_/webpack:/node_modules/rxjs/dist/esm/internal/Observable.js:22:21)
    at init (http://localhost:9878/_karma_webpack_/webpack:/node_modules/rxjs/dist/esm/internal/operators/switchMap.js:10:16)
    at OperatorSubscriber.call (http://localhost:9878/_karma_webpack_/webpack:/node_modules/rxjs/dist/esm/internal/util/lift.js:10:28)
    at cb (http://localhost:9878/_karma_webpack_/webpack:/node_modules/rxjs/dist/esm/internal/Observable.js:26:30)
    at errorContext (http://localhost:9878/_karma_webpack_/webpack:/node_modules/rxjs/dist/esm/internal/util/errorContext.js:19:9)
[1A[2KChrome Headless 151.0.7922.34 (Mac OS 10.15.7): Executed 68 of 1642[32m SUCCESS[39m (0 secs / 0.356 secs)
[1A[2KChrome Headless 151.0.7922.34 (Mac OS 10.15.7): Executed 69 of 1642[32m SUCCESS[39m (0 secs / 0.357 secs)
[1A[2KChrome Headless 151.0.7922.34 (Mac OS 10.15.7): Executed 70 of 1642[32m SUCCESS[39m (0 secs / 0.357 secs)
[1A[2KChrome Headless 151.0.7922.34 (Mac OS 10.15.7): Executed 71 of 1642[32m SUCCESS[39m (0 secs / 0.358 secs)
[1A[2KChrome Headless 151.0.7922.34 (Mac OS 10.15.7): Executed 72 of 1642[32m SUCCESS[39m (0 secs / 0.358 secs)
[1A[2KChrome Headless 151.0.7922.34 (Mac OS 10.15.7): Executed 73 of 1642[32m SUCCESS[39m (0 secs / 0.359 secs)
[1A[2KChrome Headless 151.0.7922.34 (Mac OS 10.15.7): Executed 74 of 1642[32m SUCCESS[39m (0 secs / 0.36 secs)
[1A[2KChrome Headless 151.0.7922.34 (Mac OS 10.15.7): Executed 75 of 1642[32m SUCCESS[39m (0 secs / 0.36 secs)
[1A[2KChrome Headless 151.0.7922.34 (Mac OS 10.15.7): Executed 76 of 1642[32m SUCCESS[39m (0 secs / 0.36 secs)
[1A[2KChrome Headless 151.0.7922.34 (Mac OS 10.15.7): Executed 77 of 1642[32m SUCCESS[39m (0 secs / 0.36 secs)
[1A[2KChrome Headless 151.0.7922.34 (Mac OS 10.15.7): Executed 78 of 1642[32m SUCCESS[39m (0 secs / 0.373 secs)
[1A[2KChrome Headless 151.0.7922.34 (Mac OS 10.15.7): Executed 79 of 1642[32m SUCCESS[39m (0 secs / 0.39 secs)
[33m08 10 2026 15:40:39.412:WARN [web-server]: [39m404: /_karma_webpack_/etcclient/assets/fonts/Flatirons-DDL_Icon-Font-v304.ttf
[1A[2KChrome Headless 151.0.7922.34 (Mac OS 10.15.7): Executed 80 of 1642[32m SUCCESS[39m (0 secs / 0.395 secs)
[33m08 10 2026 15:40:39.418:WARN [web-server]: [39m404: /_karma_webpack_/etcclient/assets/fonts/Flatirons-DDL_Icon-Font-v304.woff
[1A[2KChrome Headless 151.0.7922.34 (Mac OS 10.15.7): Executed 81 of 1642[32m SUCCESS[39m (0 secs / 0.397 secs)
[1A[2KChrome Headless 151.0.7922.34 (Mac OS 10.15.7): Executed 82 of 1642[32m SUCCESS[39m (0 secs / 0.397 secs)
[1A[2KChrome Headless 151.0.7922.34 (Mac OS 10.15.7): Executed 83 of 1642[32m SUCCESS[39m (0 secs / 0.398 secs)
[1A[2KChrome Headless 151.0.7922.34 (Mac OS 10.15.7): Executed 84 of 1642[32m SUCCESS[39m (0 secs / 0.401 secs)
[1A[2KChrome Headless 151.0.7922.34 (Mac OS 10.15.7): Executed 85 of 1642[32m SUCCESS[39m (0 secs / 0.403 secs)
[1A[2KChrome Headless 151.0.7922.34 (Mac OS 10.15.7): Executed 86 of 1642[32m SUCCESS[39m (0 secs / 0.406 secs)
[1A[2KChrome Headless 151.0.7922.34 (Mac OS 10.15.7): Executed 87 of 1642[32m SUCCESS[39m (0 secs / 0.412 secs)
[1A[2KChrome Headless 151.0.7922.34 (Mac OS 10.15.7): Executed 88 of 1642[32m SUCCESS[39m (0 secs / 0.413 secs)
[1A[2KChrome Headless 151.0.7922.34 (Mac OS 10.15.7): Executed 89 of 1642[32m SUCCESS[39m (0 secs / 0.414 secs)
[1A[2KChrome Headless 151.0.7922.34 (Mac OS 10.15.7): Executed 90 of 1642[32m SUCCESS[39m (0 secs / 0.416 secs)
[1A[2KChrome Headless 151.0.7922.34 (Mac OS 10.15.7): Executed 91 of 1642[32m SUCCESS[39m (0 secs / 0.418 secs)
[1A[2KChrome Headless 151.0.7922.34 (Mac OS 10.15.7): Executed 92 of 1642[32m SUCCESS[39m (0 secs / 0.419 secs)
[1A[2KChrome Headless 151.0.7922.34 (Mac OS 10.15.7): Executed 93 of 1642[32m SUCCESS[39m (0 secs / 0.42 secs)
[1A[2KChrome Headless 151.0.7922.34 (Mac OS 10.15.7): Executed 94 of 1642[32m SUCCESS[39m (0 secs / 0.421 secs)
[1A[2KChrome Headless 151.0.7922.34 (Mac OS 10.15.7): Executed 95 of 1642[32m SUCCESS[39m (0 secs / 0.421 secs)
[1A[2KChrome Headless 151.0.7922.34 (Mac OS 10.15.7): Executed 96 of 1642[32m SUCCESS[39m (0 secs / 0.422 secs)
[1A[2KChrome Headless 151.0.7922.34 (Mac OS 10.15.7): Executed 97 of 1642[32m SUCCESS[39m (0 secs / 0.422 secs)
[1A[2KChrome Headless 151.0.7922.34 (Mac OS 10.15.7): Executed 98 of 1642[32m SUCCESS[39m (0 secs / 0.423 secs)
[1A[2KChrome Headless 151.0.7922.34 (Mac OS 10.15.7): Executed 99 of 1642[32m SUCCESS[39m (0 secs / 0.423 secs)
[1A[2KChrome Headless 151.0.7922.34 (Mac OS 10.15.7): Executed 100 of 1642[32m SUCCESS[39m (0 secs / 0.424 secs)
[1A[2KChrome Headless 151.0.7922.34 (Mac OS 10.15.7): Executed 101 of 1642[32m SUCCESS[39m (0 secs / 0.424 secs)
[1A[2KChrome Headless 151.0.7922.34 (Mac OS 10.15.7): Executed 102 of 1642[32m SUCCESS[39m (0 secs / 0.424 secs)
[1A[2KChrome Headless 151.0.7922.34 (Mac OS 10.15.7): Executed 103 of 1642[32m SUCCESS[39m (0 secs / 0.424 secs)
[1A[2KChrome Headless 151.0.7922.34 (Mac OS 10.15.7): Executed 104 of 1642[32m SUCCESS[39m (0 secs / 0.424 secs)
[1A[2KChrome Headless 151.0.7922.34 (Mac OS 10.15.7): Executed 105 of 1642[32m SUCCESS[39m (0 secs / 0.427 secs)
[1A[2KChrome Headless 151.0.7922.34 (Mac OS 10.15.7): Executed 106 of 1642[32m SUCCESS[39m (0 secs / 0.447 secs)
[1A[2KChrome Headless 151.0.7922.34 (Mac OS 10.15.7): Executed 107 of 1642[32m SUCCESS[39m (0 secs / 0.451 secs)
[1A[2KChrome Headless 151.0.7922.34 (Mac OS 10.15.7): Executed 108 of 1642[32m SUCCESS[39m (0 secs / 0.455 secs)
[1A[2KChrome Headless 151.0.7922.34 (Mac OS 10.15.7): Executed 109 of 1642[32m SUCCESS[39m (0 secs / 0.458 secs)
[1A[2KChrome Headless 151.0.7922.34 (Mac OS 10.15.7): Executed 110 of 1642[32m SUCCESS[39m (0 secs / 0.461 secs)
[1A[2KChrome Headless 151.0.7922.34 (Mac OS 10.15.7): Executed 111 of 1642[32m SUCCESS[39m (0 secs / 0.464 secs)
[1A[2KChrome Headless 151.0.7922.34 (Mac OS 10.15.7): Executed 112 of 1642[32m SUCCESS[39m (0 secs / 0.467 secs)
[1A[2KChrome Headless 151.0.7922.34 (Mac OS 10.15.7): Executed 113 of 1642[32m SUCCESS[39m (0 secs / 0.47 secs)
[1A[2KChrome Headless 151.0.7922.34 (Mac OS 10.15.7): Executed 114 of 1642[32m SUCCESS[39m (0 secs / 0.473 secs)
[1A[2KChrome Headless 151.0.7922.34 (Mac OS 10.15.7): Executed 115 of 1642[32m SUCCESS[39m (0 secs / 0.475 secs)
[1A[2KChrome Headless 151.0.7922.34 (Mac OS 10.15.7): Executed 116 of 1642[32m SUCCESS[39m (0 secs / 0.478 secs)
[1A[2KChrome Headless 151.0.7922.34 (Mac OS 10.15.7): Executed 117 of 1642[32m SUCCESS[39m (0 secs / 0.48 secs)
[1A[2KChrome Headless 151.0.7922.34 (Mac OS 10.15.7): Executed 118 of 1642[32m SUCCESS[39m (0 secs / 0.483 secs)
[1A[2KChrome Headless 151.0.7922.34 (Mac OS 10.15.7): Executed 119 of 1642[32m SUCCESS[39m (0 secs / 0.489 secs)
[1A[2KChrome Headless 151.0.7922.34 (Mac OS 10.15.7): Executed 120 of 1642[32m SUCCESS[39m (0 secs / 0.495 secs)
[1A[2KChrome Headless 151.0.7922.34 (Mac OS 10.15.7): Executed 121 of 1642[32m SUCCESS[39m (0 secs / 0.495 secs)
[1A[2KChrome Headless 151.0.7922.34 (Mac OS 10.15.7): Executed 122 of 1642[32m SUCCESS[39m (0 secs / 0.495 secs)
[1A[2KChrome Headless 151.0.7922.34 (Mac OS 10.15.7): Executed 123 of 1642[32m SUCCESS[39m (0 secs / 0.495 secs)
[1A[2KChrome Headless 151.0.7922.34 (Mac OS 10.15.7): Executed 124 of 1642[32m SUCCESS[39m (0 secs / 0.495 secs)
[1A[2KChrome Headless 151.0.7922.34 (Mac OS 10.15.7): Executed 125 of 1642[32m SUCCESS[39m (0 secs / 0.531 secs)
[1A[2KChrome Headless 151.0.7922.34 (Mac OS 10.15.7): Executed 126 of 1642[32m SUCCESS[39m (0 secs / 0.54 secs)
[1A[2KChrome Headless 151.0.7922.34 (Mac OS 10.15.7): Executed 127 of 1642[32m SUCCESS[39m (0 secs / 0.543 secs)
[1A[2KChrome Headless 151.0.7922.34 (Mac OS 10.15.7): Executed 128 of 1642[32m SUCCESS[39m (0 secs / 0.546 secs)
[1A[2KChrome Headless 151.0.7922.34 (Mac OS 10.15.7): Executed 129 of 1642[32m SUCCESS[39m (0 secs / 0.547 secs)
[1A[2KChrome Headless 151.0.7922.34 (Mac OS 10.15.7): Executed 130 of 1642[32m SUCCESS[39m (0 secs / 0.55 secs)
[1A[2KChrome Headless 151.0.7922.34 (Mac OS 10.15.7): Executed 131 of 1642[32m SUCCESS[39m (0 secs / 0.552 secs)
[1A[2KChrome Headless 151.0.7922.34 (Mac OS 10.15.7): Executed 132 of 1642[32m SUCCESS[39m (0 secs / 0.557 secs)
[1A[2KWARN: [36m'[DynamicFieldComponent validation messages remounts the textarea when its row count changes on the same field]', 'NG0956: The configured tracking expression (track by identity) caused re-creation of the entire collection of size 1. This is an expensive operation requiring destruction and subsequent creation of DOM nodes, directives, components etc. Please review the "track expression" and make sure that it uniquely identifies items in a collection. Find more at https://v20.angular.dev/errors/NG0956'[39m
Chrome Headless 151.0.7922.34 (Mac OS 10.15.7): Executed 132 of 1642[32m SUCCESS[39m (0 secs / 0.557 secs)
WARN: '[DynamicFieldComponent validation messages remounts the textarea when its row count changes on the same field]', 'NG0956: The configured tracking expression (track by identity) caused re-creation of the entire collection of size 1. This is an expensive operation requiring destruction and subsequent creation of DOM nodes, directives, components etc. Please review the "track expression" and make sure that it uniquely identifies items in a collection. Find more at https://v20.angular.dev/errors/NG0956'
[1A[2KChrome Headless 151.0.7922.34 (Mac OS 10.15.7): Executed 133 of 1642[32m SUCCESS[39m (0 secs / 0.56 secs)
[1A[2KChrome Headless 151.0.7922.34 (Mac OS 10.15.7): Executed 134 of 1642[32m SUCCESS[39m (0 secs / 0.562 secs)
[1A[2KChrome Headless 151.0.7922.34 (Mac OS 10.15.7): Executed 135 of 1642[32m SUCCESS[39m (0 secs / 0.565 secs)
[1A[2KChrome Headless 151.0.7922.34 (Mac OS 10.15.7): Executed 136 of 1642[32m SUCCESS[39m (0 secs / 0.567 secs)
[1A[2KChrome Headless 151.0.7922.34 (Mac OS 10.15.7): Executed 137 of 1642[32m SUCCESS[39m (0 secs / 0.571 secs)
[1A[2KChrome Headless 151.0.7922.34 (Mac OS 10.15.7): Executed 138 of 1642[32m SUCCESS[39m (0 secs / 0.573 secs)
[1A[2KChrome Headless 151.0.7922.34 (Mac OS 10.15.7): Executed 139 of 1642[32m SUCCESS[39m (0 secs / 0.576 secs)
[1A[2KChrome Headless 151.0.7922.34 (Mac OS 10.15.7): Executed 140 of 1642[32m SUCCESS[39m (0 secs / 0.578 secs)
[1A[2KChrome Headless 151.0.7922.34 (Mac OS 10.15.7): Executed 141 of 1642[32m SUCCESS[39m (0 secs / 0.595 secs)
[1A[2KChrome Headless 151.0.7922.34 (Mac OS 10.15.7): Executed 142 of 1642[32m SUCCESS[39m (0 secs / 0.599 secs)
[1A[2KChrome Headless 151.0.7922.34 (Mac OS 10.15.7): Executed 143 of 1642[32m SUCCESS[39m (0 secs / 0.601 secs)
[1A[2KChrome Headless 151.0.7922.34 (Mac OS 10.15.7): Executed 144 of 1642[32m SUCCESS[39m (0 secs / 0.604 secs)
[1A[2KChrome Headless 151.0.7922.34 (Mac OS 10.15.7): Executed 145 of 1642[32m SUCCESS[39m (0 secs / 0.607 secs)
[1A[2KChrome Headless 151.0.7922.34 (Mac OS 10.15.7): Executed 146 of 1642[32m SUCCESS[39m (0 secs / 0.61 secs)
[1A[2KChrome Headless 151.0.7922.34 (Mac OS 10.15.7): Executed 147 of 1642[32m SUCCESS[39m (0 secs / 0.612 secs)
[1A[2KChrome Headless 151.0.7922.34 (Mac OS 10.15.7): Executed 148 of 1642[32m SUCCESS[39m (0 secs / 0.615 secs)
[1A[2KChrome Headless 151.0.7922.34 (Mac OS 10.15.7): Executed 149 of 1642[32m SUCCESS[39m (0 secs / 0.619 secs)
[1A[2KChrome Headless 151.0.7922.34 (Mac OS 10.15.7): Executed 150 of 1642[32m SUCCESS[39m (0 secs / 0.622 secs)
[1A[2KWARN: [36m'[DynamicFieldComponent validation messages passes textarea defaults, validation, rows, placeholder, and disabled state to runtime rendering]', 'NG0956: The configured tracking expression (track by identity) caused re-creation of the entire collection of size 1. This is an expensive operation requiring destruction and subsequent creation of DOM nodes, directives, components etc. Please review the "track expression" and make sure that it uniquely identifies items in a collection. Find more at https://v20.angular.dev/errors/NG0956'[39m
Chrome Headless 151.0.7922.34 (Mac OS 10.15.7): Executed 150 of 1642[32m SUCCESS[39m (0 secs / 0.622 secs)
WARN: '[DynamicFieldComponent validation messages passes textarea defaults, validation, rows, placeholder, and disabled state to runtime rendering]', 'NG0956: The configured tracking expression (track by identity) caused re-creation of the entire collection of size 1. This is an expensive operation requiring destruction and subsequent creation of DOM nodes, directives, components etc. Please review the "track expression" and make sure that it uniquely identifies items in a collection. Find more at https://v20.angular.dev/errors/NG0956'
[1A[2KChrome Headless 151.0.7922.34 (Mac OS 10.15.7): Executed 151 of 1642[32m SUCCESS[39m (0 secs / 0.625 secs)
[1A[2KChrome Headless 151.0.7922.34 (Mac OS 10.15.7): Executed 152 of 1642[32m SUCCESS[39m (0 secs / 0.629 secs)
[1A[2KChrome Headless 151.0.7922.34 (Mac OS 10.15.7): Executed 153 of 1642[32m SUCCESS[39m (0 secs / 0.631 secs)
[1A[2KChrome Headless 151.0.7922.34 (Mac OS 10.15.7): Executed 154 of 1642[32m SUCCESS[39m (0 secs / 0.634 secs)
[1A[2KChrome Headless 151.0.7922.34 (Mac OS 10.15.7): Executed 155 of 1642[32m SUCCESS[39m (0 secs / 0.637 secs)
[1A[2KChrome Headless 151.0.7922.34 (Mac OS 10.15.7): Executed 156 of 1642[32m SUCCESS[39m (0 secs / 0.639 secs)
[1A[2KChrome Headless 151.0.7922.34 (Mac OS 10.15.7): Executed 157 of 1642[32m SUCCESS[39m (0 secs / 0.641 secs)
[1A[2KChrome Headless 151.0.7922.34 (Mac OS 10.15.7): Executed 158 of 1642[32m SUCCESS[39m (0 secs / 0.641 secs)
[1A[2KChrome Headless 151.0.7922.34 (Mac OS 10.15.7): Executed 159 of 1642[32m SUCCESS[39m (0 secs / 0.641 secs)
[1A[2KChrome Headless 151.0.7922.34 (Mac OS 10.15.7): Executed 160 of 1642[32m SUCCESS[39m (0 secs / 0.641 secs)
[1A[2KChrome Headless 151.0.7922.34 (Mac OS 10.15.7): Executed 161 of 1642[32m SUCCESS[39m (0 secs / 0.641 secs)
[1A[2KChrome Headless 151.0.7922.34 (Mac OS 10.15.7): Executed 162 of 1642[32m SUCCESS[39m (0 secs / 0.641 secs)
[1A[2KChrome Headless 151.0.7922.34 (Mac OS 10.15.7): Executed 163 of 1642[32m SUCCESS[39m (0 secs / 0.644 secs)
[1A[2KChrome Headless 151.0.7922.34 (Mac OS 10.15.7): Executed 164 of 1642[32m SUCCESS[39m (0 secs / 0.648 secs)
[1A[2KChrome Headless 151.0.7922.34 (Mac OS 10.15.7): Executed 165 of 1642[32m SUCCESS[39m (0 secs / 0.65 secs)
[1A[2KChrome Headless 151.0.7922.34 (Mac OS 10.15.7): Executed 166 of 1642[32m SUCCESS[39m (0 secs / 0.65 secs)
[1A[2KChrome Headless 151.0.7922.34 (Mac OS 10.15.7): Executed 167 of 1642[32m SUCCESS[39m (0 secs / 0.661 secs)
[1A[2KChrome Headless 151.0.7922.34 (Mac OS 10.15.7): Executed 168 of 1642[32m SUCCESS[39m (0 secs / 0.668 secs)
[1A[2KChrome Headless 151.0.7922.34 (Mac OS 10.15.7): Executed 169 of 1642[32m SUCCESS[39m (0 secs / 0.674 secs)
[1A[2KChrome Headless 151.0.7922.34 (Mac OS 10.15.7): Executed 170 of 1642[32m SUCCESS[39m (0 secs / 0.679 secs)
[1A[2KChrome Headless 151.0.7922.34 (Mac OS 10.15.7): Executed 171 of 1642[32m SUCCESS[39m (0 secs / 0.689 secs)
[1A[2KChrome Headless 151.0.7922.34 (Mac OS 10.15.7): Executed 172 of 1642[32m SUCCESS[39m (0 secs / 0.699 secs)
[1A[2KChrome Headless 151.0.7922.34 (Mac OS 10.15.7): Executed 173 of 1642[32m SUCCESS[39m (0 secs / 0.707 secs)
[1A[2KLOG: [36m'Signature updated successfully', Object{id: 1, revision: 1, sourceId: 1, sourceType: 'Work Card', formFieldId: '123', requiredQualification: 'Inspector', userName: 'testuser', userFullName: 'Test User', pin: '1234', comment: 'test comment', signatureType: 'Signoff', signedDate: '2024-01-01T10:00:00Z', createdDate: '2024-01-01T09:00:00Z', updatedDate: '2024-01-01T10:00:00Z', formData: '{"critical": true}'}[39m
Chrome Headless 151.0.7922.34 (Mac OS 10.15.7): Executed 173 of 1642[32m SUCCESS[39m (0 secs / 0.707 secs)
LOG: 'Signature updated successfully', Object{id: 1, revision: 1, sourceId: 1, sourceType: 'Work Card', formFieldId: '123', requiredQualification: 'Inspector', userName: 'testuser', userFullName: 'Test User', pin: '1234', comment: 'test comment', signatureType: 'Signoff', signedDate: '2024-01-01T10:00:00Z', createdDate: '2024-01-01T09:00:00Z', updatedDate: '2024-01-01T10:00:00Z', formData: '{"critical": true}'}
[1A[2KChrome Headless 151.0.7922.34 (Mac OS 10.15.7): Executed 174 of 1642[32m SUCCESS[39m (0 secs / 0.714 secs)
[1A[2KChrome Headless 151.0.7922.34 (Mac OS 10.15.7): Executed 175 of 1642[32m SUCCESS[39m (0 secs / 0.721 secs)
[1A[2KLOG: [36m'Signature created successfully', Object{id: 1, revision: 1, sourceId: 1, sourceType: 'Work Card', formFieldId: '123', requiredQualification: 'Inspector', userName: 'testuser', userFullName: 'Test User', pin: '1234', comment: 'test comment', signatureType: 'Signoff', signedDate: '2024-01-01T10:00:00Z', createdDate: '2024-01-01T09:00:00Z', updatedDate: '2024-01-01T10:00:00Z', formData: '{"critical": true}'}[39m
Chrome Headless 151.0.7922.34 (Mac OS 10.15.7): Executed 175 of 1642[32m SUCCESS[39m (0 secs / 0.721 secs)
LOG: 'Signature created successfully', Object{id: 1, revision: 1, sourceId: 1, sourceType: 'Work Card', formFieldId: '123', requiredQualification: 'Inspector', userName: 'testuser', userFullName: 'Test User', pin: '1234', comment: 'test comment', signatureType: 'Signoff', signedDate: '2024-01-01T10:00:00Z', createdDate: '2024-01-01T09:00:00Z', updatedDate: '2024-01-01T10:00:00Z', formData: '{"critical": true}'}
[1A[2KChrome Headless 151.0.7922.34 (Mac OS 10.15.7): Executed 176 of 1642[32m SUCCESS[39m (0 secs / 0.727 secs)
[1A[2KLOG: [36m'Signature updated successfully', Object{id: 1, revision: 1, sourceId: 1, sourceType: 'Work Card', formFieldId: '123', requiredQualification: 'Inspector', userName: 'testuser', userFullName: 'Test User', pin: '1234', comment: 'test comment', signatureType: 'Signoff', signedDate: '2024-01-01T10:00:00Z', createdDate: '2024-01-01T09:00:00Z', updatedDate: '2024-01-01T10:00:00Z', formData: '{"critical": true}'}[39m
Chrome Headless 151.0.7922.34 (Mac OS 10.15.7): Executed 176 of 1642[32m SUCCESS[39m (0 secs / 0.727 secs)
LOG: 'Signature updated successfully', Object{id: 1, revision: 1, sourceId: 1, sourceType: 'Work Card', formFieldId: '123', requiredQualification: 'Inspector', userName: 'testuser', userFullName: 'Test User', pin: '1234', comment: 'test comment', signatureType: 'Signoff', signedDate: '2024-01-01T10:00:00Z', createdDate: '2024-01-01T09:00:00Z', updatedDate: '2024-01-01T10:00:00Z', formData: '{"critical": true}'}
[1A[2KChrome Headless 151.0.7922.34 (Mac OS 10.15.7): Executed 177 of 1642[32m SUCCESS[39m (0 secs / 0.734 secs)
[1A[2KChrome Headless 151.0.7922.34 (Mac OS 10.15.7): Executed 178 of 1642[32m SUCCESS[39m (0 secs / 0.741 secs)
[1A[2KChrome Headless 151.0.7922.34 (Mac OS 10.15.7): Executed 179 of 1642[32m SUCCESS[39m (0 secs / 0.747 secs)
[1A[2KChrome Headless 151.0.7922.34 (Mac OS 10.15.7): Executed 180 of 1642[32m SUCCESS[39m (0 secs / 0.753 secs)
[1A[2KChrome Headless 151.0.7922.34 (Mac OS 10.15.7): Executed 181 of 1642[32m SUCCESS[39m (0 secs / 0.758 secs)
[1A[2KChrome Headless 151.0.7922.34 (Mac OS 10.15.7): Executed 182 of 1642[32m SUCCESS[39m (0 secs / 0.764 secs)
[1A[2KChrome Headless 151.0.7922.34 (Mac OS 10.15.7): Executed 183 of 1642[32m SUCCESS[39m (0 secs / 0.771 secs)
[1A[2KChrome Headless 151.0.7922.34 (Mac OS 10.15.7): Executed 184 of 1642[32m SUCCESS[39m (0 secs / 0.779 secs)
[1A[2KChrome Headless 151.0.7922.34 (Mac OS 10.15.7): Executed 185 of 1642[32m SUCCESS[39m (0 secs / 0.783 secs)
[1A[2KChrome Headless 151.0.7922.34 (Mac OS 10.15.7): Executed 186 of 1642[32m SUCCESS[39m (0 secs / 0.787 secs)
[1A[2KChrome Headless 151.0.7922.34 (Mac OS 10.15.7): Executed 187 of 1642[32m SUCCESS[39m (0 secs / 0.791 secs)
[1A[2KChrome Headless 151.0.7922.34 (Mac OS 10.15.7): Executed 188 of 1642[32m SUCCESS[39m (0 secs / 0.795 secs)
[1A[2KChrome Headless 151.0.7922.34 (Mac OS 10.15.7): Executed 189 of 1642[32m SUCCESS[39m (0 secs / 0.796 secs)
[1A[2KChrome Headless 151.0.7922.34 (Mac OS 10.15.7): Executed 190 of 1642[32m SUCCESS[39m (0 secs / 0.796 secs)
[1A[2KChrome Headless 151.0.7922.34 (Mac OS 10.15.7): Executed 191 of 1642[32m SUCCESS[39m (0 secs / 0.796 secs)
[1A[2KChrome Headless 151.0.7922.34 (Mac OS 10.15.7): Executed 192 of 1642[32m SUCCESS[39m (0 secs / 0.796 secs)
[1A[2KChrome Headless 151.0.7922.34 (Mac OS 10.15.7): Executed 193 of 1642[32m SUCCESS[39m (0 secs / 0.797 secs)
[1A[2KChrome Headless 151.0.7922.34 (Mac OS 10.15.7): Executed 194 of 1642[32m SUCCESS[39m (0 secs / 0.798 secs)
[1A[2KChrome Headless 151.0.7922.34 (Mac OS 10.15.7): Executed 195 of 1642[32m SUCCESS[39m (0 secs / 0.798 secs)
[1A[2KChrome Headless 151.0.7922.34 (Mac OS 10.15.7): Executed 196 of 1642[32m SUCCESS[39m (0 secs / 0.798 secs)
[1A[2KChrome Headless 151.0.7922.34 (Mac OS 10.15.7): Executed 197 of 1642[32m SUCCESS[39m (0 secs / 0.799 secs)
[1A[2KChrome Headless 151.0.7922.34 (Mac OS 10.15.7): Executed 198 of 1642[32m SUCCESS[39m (0 secs / 0.799 secs)
[1A[2KChrome Headless 151.0.7922.34 (Mac OS 10.15.7): Executed 199 of 1642[32m SUCCESS[39m (0 secs / 0.799 secs)
[1A[2KChrome Headless 151.0.7922.34 (Mac OS 10.15.7): Executed 200 of 1642[32m SUCCESS[39m (0 secs / 0.799 secs)
[1A[2KChrome Headless 151.0.7922.34 (Mac OS 10.15.7): Executed 201 of 1642[32m SUCCESS[39m (0 secs / 0.799 secs)
[1A[2KChrome Headless 151.0.7922.34 (Mac OS 10.15.7): Executed 202 of 1642[32m SUCCESS[39m (0 secs / 0.799 secs)
[1A[2KChrome Headless 151.0.7922.34 (Mac OS 10.15.7): Executed 203 of 1642[32m SUCCESS[39m (0 secs / 0.799 secs)
[1A[2KChrome Headless 151.0.7922.34 (Mac OS 10.15.7): Executed 204 of 1642[32m SUCCESS[39m (0 secs / 0.799 secs)
[1A[2KChrome Headless 151.0.7922.34 (Mac OS 10.15.7): Executed 205 of 1642[32m SUCCESS[39m (0 secs / 0.8 secs)
[1A[2KChrome Headless 151.0.7922.34 (Mac OS 10.15.7): Executed 206 of 1642[32m SUCCESS[39m (0 secs / 0.8 secs)
[1A[2KChrome Headless 151.0.7922.34 (Mac OS 10.15.7): Executed 207 of 1642[32m SUCCESS[39m (0 secs / 0.8 secs)
[1A[2KChrome Headless 151.0.7922.34 (Mac OS 10.15.7): Executed 208 of 1642[32m SUCCESS[39m (0 secs / 0.801 secs)
[1A[2KChrome Headless 151.0.7922.34 (Mac OS 10.15.7): Executed 209 of 1642[32m SUCCESS[39m (0 secs / 0.802 secs)
[1A[2KChrome Headless 151.0.7922.34 (Mac OS 10.15.7): Executed 210 of 1642[32m SUCCESS[39m (0 secs / 0.802 secs)
[1A[2KChrome Headless 151.0.7922.34 (Mac OS 10.15.7): Executed 211 of 1642[32m SUCCESS[39m (0 secs / 0.803 secs)
[1A[2KChrome Headless 151.0.7922.34 (Mac OS 10.15.7): Executed 212 of 1642[32m SUCCESS[39m (0 secs / 0.803 secs)
[1A[2KChrome Headless 151.0.7922.34 (Mac OS 10.15.7): Executed 213 of 1642[32m SUCCESS[39m (0 secs / 0.804 secs)
[1A[2KChrome Headless 151.0.7922.34 (Mac OS 10.15.7): Executed 214 of 1642[32m SUCCESS[39m (0 secs / 0.804 secs)
[1A[2KChrome Headless 151.0.7922.34 (Mac OS 10.15.7): Executed 215 of 1642[32m SUCCESS[39m (0 secs / 0.804 secs)
[1A[2KChrome Headless 151.0.7922.34 (Mac OS 10.15.7): Executed 216 of 1642[32m SUCCESS[39m (0 secs / 0.805 secs)
[1A[2KChrome Headless 151.0.7922.34 (Mac OS 10.15.7): Executed 217 of 1642[32m SUCCESS[39m (0 secs / 0.806 secs)
[1A[2KChrome Headless 151.0.7922.34 (Mac OS 10.15.7): Executed 218 of 1642[32m SUCCESS[39m (0 secs / 0.806 secs)
[1A[2KChrome Headless 151.0.7922.34 (Mac OS 10.15.7): Executed 219 of 1642[32m SUCCESS[39m (0 secs / 0.807 secs)
[1A[2KChrome Headless 151.0.7922.34 (Mac OS 10.15.7): Executed 220 of 1642[32m SUCCESS[39m (0 secs / 0.807 secs)
[1A[2KChrome Headless 151.0.7922.34 (Mac OS 10.15.7): Executed 221 of 1642[32m SUCCESS[39m (0 secs / 0.807 secs)
[1A[2KChrome Headless 151.0.7922.34 (Mac OS 10.15.7): Executed 222 of 1642[32m SUCCESS[39m (0 secs / 0.807 secs)
[1A[2KChrome Headless 151.0.7922.34 (Mac OS 10.15.7): Executed 223 of 1642[32m SUCCESS[39m (0 secs / 0.808 secs)
[1A[2KChrome Headless 151.0.7922.34 (Mac OS 10.15.7): Executed 224 of 1642[32m SUCCESS[39m (0 secs / 0.808 secs)
[1A[2KChrome Headless 151.0.7922.34 (Mac OS 10.15.7): Executed 225 of 1642[32m SUCCESS[39m (0 secs / 0.808 secs)
[1A[2KChrome Headless 151.0.7922.34 (Mac OS 10.15.7): Executed 226 of 1642[32m SUCCESS[39m (0 secs / 0.808 secs)
[1A[2KChrome Headless 151.0.7922.34 (Mac OS 10.15.7): Executed 227 of 1642[32m SUCCESS[39m (0 secs / 0.808 secs)
[1A[2KChrome Headless 151.0.7922.34 (Mac OS 10.15.7): Executed 228 of 1642[32m SUCCESS[39m (0 secs / 0.808 secs)
[1A[2KChrome Headless 151.0.7922.34 (Mac OS 10.15.7): Executed 229 of 1642[32m SUCCESS[39m (0 secs / 0.808 secs)
[1A[2KChrome Headless 151.0.7922.34 (Mac OS 10.15.7): Executed 230 of 1642[32m SUCCESS[39m (0 secs / 0.808 secs)
[1A[2KChrome Headless 151.0.7922.34 (Mac OS 10.15.7): Executed 231 of 1642[32m SUCCESS[39m (0 secs / 0.808 secs)
[1A[2KChrome Headless 151.0.7922.34 (Mac OS 10.15.7): Executed 232 of 1642[32m SUCCESS[39m (0 secs / 0.808 secs)
[1A[2KChrome Headless 151.0.7922.34 (Mac OS 10.15.7): Executed 233 of 1642[32m SUCCESS[39m (0 secs / 0.808 secs)
[1A[2KChrome Headless 151.0.7922.34 (Mac OS 10.15.7): Executed 234 of 1642[32m SUCCESS[39m (0 secs / 0.808 secs)
[1A[2KChrome Headless 151.0.7922.34 (Mac OS 10.15.7): Executed 235 of 1642[32m SUCCESS[39m (0 secs / 0.808 secs)
[1A[2KChrome Headless 151.0.7922.34 (Mac OS 10.15.7): Executed 236 of 1642[32m SUCCESS[39m (0 secs / 0.808 secs)
[1A[2KChrome Headless 151.0.7922.34 (Mac OS 10.15.7): Executed 237 of 1642[32m SUCCESS[39m (0 secs / 0.808 secs)
[1A[2KChrome Headless 151.0.7922.34 (Mac OS 10.15.7): Executed 238 of 1642[32m SUCCESS[39m (0 secs / 0.808 secs)
[1A[2KChrome Headless 151.0.7922.34 (Mac OS 10.15.7): Executed 239 of 1642[32m SUCCESS[39m (0 secs / 0.809 secs)
[1A[2KChrome Headless 151.0.7922.34 (Mac OS 10.15.7): Executed 240 of 1642[32m SUCCESS[39m (0 secs / 0.809 secs)
[1A[2KChrome Headless 151.0.7922.34 (Mac OS 10.15.7): Executed 241 of 1642[32m SUCCESS[39m (0 secs / 0.809 secs)
[1A[2KChrome Headless 151.0.7922.34 (Mac OS 10.15.7): Executed 242 of 1642[32m SUCCESS[39m (0 secs / 0.809 secs)
[1A[2KChrome Headless 151.0.7922.34 (Mac OS 10.15.7): Executed 243 of 1642[32m SUCCESS[39m (0 secs / 0.809 secs)
[1A[2KChrome Headless 151.0.7922.34 (Mac OS 10.15.7): Executed 244 of 1642[32m SUCCESS[39m (0 secs / 0.809 secs)
[1A[2KChrome Headless 151.0.7922.34 (Mac OS 10.15.7): Executed 245 of 1642[32m SUCCESS[39m (0 secs / 0.817 secs)
[1A[2KChrome Headless 151.0.7922.34 (Mac OS 10.15.7): Executed 246 of 1642[32m SUCCESS[39m (0 secs / 0.82 secs)
[1A[2KChrome Headless 151.0.7922.34 (Mac OS 10.15.7): Executed 247 of 1642[32m SUCCESS[39m (0 secs / 0.822 secs)
[1A[2KChrome Headless 151.0.7922.34 (Mac OS 10.15.7): Executed 248 of 1642[32m SUCCESS[39m (0 secs / 0.825 secs)
[1A[2KChrome Headless 151.0.7922.34 (Mac OS 10.15.7): Executed 249 of 1642[32m SUCCESS[39m (0 secs / 0.827 secs)
[1A[2KChrome Headless 151.0.7922.34 (Mac OS 10.15.7): Executed 250 of 1642[32m SUCCESS[39m (0 secs / 0.828 secs)
[1A[2KChrome Headless 151.0.7922.34 (Mac OS 10.15.7): Executed 251 of 1642[32m SUCCESS[39m (0 secs / 0.83 secs)
[1A[2KChrome Headless 151.0.7922.34 (Mac OS 10.15.7): Executed 252 of 1642[32m SUCCESS[39m (0 secs / 0.832 secs)
[1A[2KChrome Headless 151.0.7922.34 (Mac OS 10.15.7): Executed 253 of 1642[32m SUCCESS[39m (0 secs / 0.834 secs)
[1A[2KChrome Headless 151.0.7922.34 (Mac OS 10.15.7): Executed 254 of 1642[32m SUCCESS[39m (0 secs / 0.835 secs)
[1A[2KChrome Headless 151.0.7922.34 (Mac OS 10.15.7): Executed 255 of 1642[32m SUCCESS[39m (0 secs / 0.835 secs)
[1A[2KChrome Headless 151.0.7922.34 (Mac OS 10.15.7): Executed 256 of 1642[32m SUCCESS[39m (0 secs / 0.835 secs)
[1A[2KChrome Headless 151.0.7922.34 (Mac OS 10.15.7): Executed 257 of 1642[32m SUCCESS[39m (0 secs / 0.844 secs)
[1A[2KChrome Headless 151.0.7922.34 (Mac OS 10.15.7): Executed 258 of 1642[32m SUCCESS[39m (0 secs / 0.85 secs)
[1A[2KERROR: [36m'[WorkOrderSummaryComponent should create]', 'Signature search API failed'[39m
Chrome Headless 151.0.7922.34 (Mac OS 10.15.7): Executed 258 of 1642[32m SUCCESS[39m (0 secs / 0.85 secs)
ERROR: '[WorkOrderSummaryComponent should create]', 'Signature search API failed'
[1A[2KERROR: [36m'[WorkOrderSummaryComponent should create]', 'Fetching Audit Events failed', TypeError: Cannot read properties of undefined (reading 'map')
TypeError: Cannot read properties of undefined (reading 'map')
    at call (http://localhost:9878/_karma_webpack_/webpack:/src/app/shared/components/audit-events/audit-events-table/audit-events-table.component.ts:115:32)
    at onNext (http://localhost:9878/_karma_webpack_/webpack:/node_modules/rxjs/dist/esm/internal/operators/map.js:7:37)
    at OperatorSubscriber._next (http://localhost:9878/_karma_webpack_/webpack:/node_modules/rxjs/dist/esm/internal/operators/OperatorSubscriber.js:13:21)
    at OperatorSubscriber.next (http://localhost:9878/_karma_webpack_/webpack:/node_modules/rxjs/dist/esm/internal/Subscriber.js:31:18)
    at Observable._subscribe (http://localhost:9878/_karma_webpack_/webpack:/node_modules/rxjs/dist/esm/internal/observable/innerFrom.js:51:24)
    at Observable._trySubscribe (http://localhost:9878/_karma_webpack_/webpack:/node_modules/rxjs/dist/esm/internal/Observable.js:37:25)
    at cb (http://localhost:9878/_karma_webpack_/webpack:/node_modules/rxjs/dist/esm/internal/Observable.js:31:30)
    at errorContext (http://localhost:9878/_karma_webpack_/webpack:/node_modules/rxjs/dist/esm/internal/util/errorContext.js:19:9)
    at Observable.subscribe (http://localhost:9878/_karma_webpack_/webpack:/node_modules/rxjs/dist/esm/internal/Observable.js:22:21)
    at http://localhost:9878/_karma_webpack_/webpack:/node_modules/rxjs/dist/esm/internal/operators/map.js:6:16[39m
Chrome Headless 151.0.7922.34 (Mac OS 10.15.7): Executed 258 of 1642[32m SUCCESS[39m (0 secs / 0.85 secs)
ERROR: '[WorkOrderSummaryComponent should create]', 'Fetching Audit Events failed', TypeError: Cannot read properties of undefined (reading 'map')
TypeError: Cannot read properties of undefined (reading 'map')
    at call (http://localhost:9878/_karma_webpack_/webpack:/src/app/shared/components/audit-events/audit-events-table/audit-events-table.component.ts:115:32)
    at onNext (http://localhost:9878/_karma_webpack_/webpack:/node_modules/rxjs/dist/esm/internal/operators/map.js:7:37)
    at OperatorSubscriber._next (http://localhost:9878/_karma_webpack_/webpack:/node_modules/rxjs/dist/esm/internal/operators/OperatorSubscriber.js:13:21)
    at OperatorSubscriber.next (http://localhost:9878/_karma_webpack_/webpack:/node_modules/rxjs/dist/esm/internal/Subscriber.js:31:18)
    at Observable._subscribe (http://localhost:9878/_karma_webpack_/webpack:/node_modules/rxjs/dist/esm/internal/observable/innerFrom.js:51:24)
    at Observable._trySubscribe (http://localhost:9878/_karma_webpack_/webpack:/node_modules/rxjs/dist/esm/internal/Observable.js:37:25)
    at cb (http://localhost:9878/_karma_webpack_/webpack:/node_modules/rxjs/dist/esm/internal/Observable.js:31:30)
    at errorContext (http://localhost:9878/_karma_webpack_/webpack:/node_modules/rxjs/dist/esm/internal/util/errorContext.js:19:9)
    at Observable.subscribe (http://localhost:9878/_karma_webpack_/webpack:/node_modules/rxjs/dist/esm/internal/Observable.js:22:21)
    at http://localhost:9878/_karma_webpack_/webpack:/node_modules/rxjs/dist/esm/internal/operators/map.js:6:16
[1A[2KChrome Headless 151.0.7922.34 (Mac OS 10.15.7): Executed 259 of 1642[32m SUCCESS[39m (0 secs / 0.864 secs)
[1A[2KERROR: [36m'[WorkOrderSummaryComponent should initialize workOrderId and workOrderDto from route data]', 'Signature search API failed'[39m
Chrome Headless 151.0.7922.34 (Mac OS 10.15.7): Executed 259 of 1642[32m SUCCESS[39m (0 secs / 0.864 secs)
ERROR: '[WorkOrderSummaryComponent should initialize workOrderId and workOrderDto from route data]', 'Signature search API failed'
[1A[2KERROR: [36m'[WorkOrderSummaryComponent should initialize workOrderId and workOrderDto from route data]', 'Fetching Audit Events failed', TypeError: Cannot read properties of undefined (reading 'map')
TypeError: Cannot read properties of undefined (reading 'map')
    at call (http://localhost:9878/_karma_webpack_/webpack:/src/app/shared/components/audit-events/audit-events-table/audit-events-table.component.ts:115:32)
    at onNext (http://localhost:9878/_karma_webpack_/webpack:/node_modules/rxjs/dist/esm/internal/operators/map.js:7:37)
    at OperatorSubscriber._next (http://localhost:9878/_karma_webpack_/webpack:/node_modules/rxjs/dist/esm/internal/operators/OperatorSubscriber.js:13:21)
    at OperatorSubscriber.next (http://localhost:9878/_karma_webpack_/webpack:/node_modules/rxjs/dist/esm/internal/Subscriber.js:31:18)
    at Observable._subscribe (http://localhost:9878/_karma_webpack_/webpack:/node_modules/rxjs/dist/esm/internal/observable/innerFrom.js:51:24)
    at Observable._trySubscribe (http://localhost:9878/_karma_webpack_/webpack:/node_modules/rxjs/dist/esm/internal/Observable.js:37:25)
    at cb (http://localhost:9878/_karma_webpack_/webpack:/node_modules/rxjs/dist/esm/internal/Observable.js:31:30)
    at errorContext (http://localhost:9878/_karma_webpack_/webpack:/node_modules/rxjs/dist/esm/internal/util/errorContext.js:19:9)
    at Observable.subscribe (http://localhost:9878/_karma_webpack_/webpack:/node_modules/rxjs/dist/esm/internal/Observable.js:22:21)
    at http://localhost:9878/_karma_webpack_/webpack:/node_modules/rxjs/dist/esm/internal/operators/map.js:6:16[39m
Chrome Headless 151.0.7922.34 (Mac OS 10.15.7): Executed 259 of 1642[32m SUCCESS[39m (0 secs / 0.864 secs)
ERROR: '[WorkOrderSummaryComponent should initialize workOrderId and workOrderDto from route data]', 'Fetching Audit Events failed', TypeError: Cannot read properties of undefined (reading 'map')
TypeError: Cannot read properties of undefined (reading 'map')
    at call (http://localhost:9878/_karma_webpack_/webpack:/src/app/shared/components/audit-events/audit-events-table/audit-events-table.component.ts:115:32)
    at onNext (http://localhost:9878/_karma_webpack_/webpack:/node_modules/rxjs/dist/esm/internal/operators/map.js:7:37)
    at OperatorSubscriber._next (http://localhost:9878/_karma_webpack_/webpack:/node_modules/rxjs/dist/esm/internal/operators/OperatorSubscriber.js:13:21)
    at OperatorSubscriber.next (http://localhost:9878/_karma_webpack_/webpack:/node_modules/rxjs/dist/esm/internal/Subscriber.js:31:18)
    at Observable._subscribe (http://localhost:9878/_karma_webpack_/webpack:/node_modules/rxjs/dist/esm/internal/observable/innerFrom.js:51:24)
    at Observable._trySubscribe (http://localhost:9878/_karma_webpack_/webpack:/node_modules/rxjs/dist/esm/internal/Observable.js:37:25)
    at cb (http://localhost:9878/_karma_webpack_/webpack:/node_modules/rxjs/dist/esm/internal/Observable.js:31:30)
    at errorContext (http://localhost:9878/_karma_webpack_/webpack:/node_modules/rxjs/dist/esm/internal/util/errorContext.js:19:9)
    at Observable.subscribe (http://localhost:9878/_karma_webpack_/webpack:/node_modules/rxjs/dist/esm/internal/Observable.js:22:21)
    at http://localhost:9878/_karma_webpack_/webpack:/node_modules/rxjs/dist/esm/internal/operators/map.js:6:16
[1A[2KChrome Headless 151.0.7922.34 (Mac OS 10.15.7): Executed 260 of 1642[32m SUCCESS[39m (0 secs / 0.873 secs)
[1A[2KERROR: [36m'[WorkOrderSummaryComponent should set uploadDocumentModel with correct source info]', 'Signature search API failed'[39m
Chrome Headless 151.0.7922.34 (Mac OS 10.15.7): Executed 260 of 1642[32m SUCCESS[39m (0 secs / 0.873 secs)
ERROR: '[WorkOrderSummaryComponent should set uploadDocumentModel with correct source info]', 'Signature search API failed'
[1A[2KERROR: [36m'[WorkOrderSummaryComponent should set uploadDocumentModel with correct source info]', 'Fetching Audit Events failed', TypeError: Cannot read properties of undefined (reading 'map')
TypeError: Cannot read properties of undefined (reading 'map')
    at call (http://localhost:9878/_karma_webpack_/webpack:/src/app/shared/components/audit-events/audit-events-table/audit-events-table.component.ts:115:32)
    at onNext (http://localhost:9878/_karma_webpack_/webpack:/node_modules/rxjs/dist/esm/internal/operators/map.js:7:37)
    at OperatorSubscriber._next (http://localhost:9878/_karma_webpack_/webpack:/node_modules/rxjs/dist/esm/internal/operators/OperatorSubscriber.js:13:21)
    at OperatorSubscriber.next (http://localhost:9878/_karma_webpack_/webpack:/node_modules/rxjs/dist/esm/internal/Subscriber.js:31:18)
    at Observable._subscribe (http://localhost:9878/_karma_webpack_/webpack:/node_modules/rxjs/dist/esm/internal/observable/innerFrom.js:51:24)
    at Observable._trySubscribe (http://localhost:9878/_karma_webpack_/webpack:/node_modules/rxjs/dist/esm/internal/Observable.js:37:25)
    at cb (http://localhost:9878/_karma_webpack_/webpack:/node_modules/rxjs/dist/esm/internal/Observable.js:31:30)
    at errorContext (http://localhost:9878/_karma_webpack_/webpack:/node_modules/rxjs/dist/esm/internal/util/errorContext.js:19:9)
    at Observable.subscribe (http://localhost:9878/_karma_webpack_/webpack:/node_modules/rxjs/dist/esm/internal/Observable.js:22:21)
    at http://localhost:9878/_karma_webpack_/webpack:/node_modules/rxjs/dist/esm/internal/operators/map.js:6:16[39m
Chrome Headless 151.0.7922.34 (Mac OS 10.15.7): Executed 260 of 1642[32m SUCCESS[39m (0 secs / 0.873 secs)
ERROR: '[WorkOrderSummaryComponent should set uploadDocumentModel with correct source info]', 'Fetching Audit Events failed', TypeError: Cannot read properties of undefined (reading 'map')
TypeError: Cannot read properties of undefined (reading 'map')
    at call (http://localhost:9878/_karma_webpack_/webpack:/src/app/shared/components/audit-events/audit-events-table/audit-events-table.component.ts:115:32)
    at onNext (http://localhost:9878/_karma_webpack_/webpack:/node_modules/rxjs/dist/esm/internal/operators/map.js:7:37)
    at OperatorSubscriber._next (http://localhost:9878/_karma_webpack_/webpack:/node_modules/rxjs/dist/esm/internal/operators/OperatorSubscriber.js:13:21)
    at OperatorSubscriber.next (http://localhost:9878/_karma_webpack_/webpack:/node_modules/rxjs/dist/esm/internal/Subscriber.js:31:18)
    at Observable._subscribe (http://localhost:9878/_karma_webpack_/webpack:/node_modules/rxjs/dist/esm/internal/observable/innerFrom.js:51:24)
    at Observable._trySubscribe (http://localhost:9878/_karma_webpack_/webpack:/node_modules/rxjs/dist/esm/internal/Observable.js:37:25)
    at cb (http://localhost:9878/_karma_webpack_/webpack:/node_modules/rxjs/dist/esm/internal/Observable.js:31:30)
    at errorContext (http://localhost:9878/_karma_webpack_/webpack:/node_modules/rxjs/dist/esm/internal/util/errorContext.js:19:9)
    at Observable.subscribe (http://localhost:9878/_karma_webpack_/webpack:/node_modules/rxjs/dist/esm/internal/Observable.js:22:21)
    at http://localhost:9878/_karma_webpack_/webpack:/node_modules/rxjs/dist/esm/internal/operators/map.js:6:16
[1A[2KChrome Headless 151.0.7922.34 (Mac OS 10.15.7): Executed 261 of 1642[32m SUCCESS[39m (0 secs / 0.882 secs)
[33m08 10 2026 15:40:39.959:WARN [web-server]: [39m404: /_karma_webpack_/assets/tinymce/tinymce.min.js
[1A[2KChrome Headless 151.0.7922.34 (Mac OS 10.15.7): Executed 262 of 1642[32m SUCCESS[39m (0 secs / 0.888 secs)
[1A[2KChrome Headless 151.0.7922.34 (Mac OS 10.15.7): Executed 263 of 1642[32m SUCCESS[39m (0 secs / 0.89 secs)
[1A[2KChrome Headless 151.0.7922.34 (Mac OS 10.15.7): Executed 264 of 1642[32m SUCCESS[39m (0 secs / 0.892 secs)
[1A[2KChrome Headless 151.0.7922.34 (Mac OS 10.15.7): Executed 265 of 1642[32m SUCCESS[39m (0 secs / 0.893 secs)
[1A[2KChrome Headless 151.0.7922.34 (Mac OS 10.15.7): Executed 266 of 1642[32m SUCCESS[39m (0 secs / 0.893 secs)
[1A[2KERROR: [36m'[AddLibraryComponent onSaveClick should set saveError and keep modal open on failure]', 'Failed to create library', Error: server error
Error: server error
    at errorFactory (http://localhost:9878/_karma_webpack_/webpack:/src/app/shared/components/library-tree/add-libraries/add-library.component.spec.ts:110:71)
    at Observable._subscribe (http://localhost:9878/_karma_webpack_/webpack:/node_modules/rxjs/dist/esm/internal/observable/throwError.js:5:51)
    at Observable._trySubscribe (http://localhost:9878/_karma_webpack_/webpack:/node_modules/rxjs/dist/esm/internal/Observable.js:37:25)
    at cb (http://localhost:9878/_karma_webpack_/webpack:/node_modules/rxjs/dist/esm/internal/Observable.js:31:30)
    at errorContext (http://localhost:9878/_karma_webpack_/webpack:/node_modules/rxjs/dist/esm/internal/util/errorContext.js:19:9)
    at Observable.subscribe (http://localhost:9878/_karma_webpack_/webpack:/node_modules/rxjs/dist/esm/internal/Observable.js:22:21)
    at init (http://localhost:9878/_karma_webpack_/webpack:/node_modules/rxjs/dist/esm/internal/operators/finalize.js:5:20)
    at SafeSubscriber.call (http://localhost:9878/_karma_webpack_/webpack:/node_modules/rxjs/dist/esm/internal/util/lift.js:10:28)
    at cb (http://localhost:9878/_karma_webpack_/webpack:/node_modules/rxjs/dist/esm/internal/Observable.js:26:30)
    at errorContext (http://localhost:9878/_karma_webpack_/webpack:/node_modules/rxjs/dist/esm/internal/util/errorContext.js:19:9)[39m
Chrome Headless 151.0.7922.34 (Mac OS 10.15.7): Executed 266 of 1642[32m SUCCESS[39m (0 secs / 0.893 secs)
ERROR: '[AddLibraryComponent onSaveClick should set saveError and keep modal open on failure]', 'Failed to create library', Error: server error
Error: server error
    at errorFactory (http://localhost:9878/_karma_webpack_/webpack:/src/app/shared/components/library-tree/add-libraries/add-library.component.spec.ts:110:71)
    at Observable._subscribe (http://localhost:9878/_karma_webpack_/webpack:/node_modules/rxjs/dist/esm/internal/observable/throwError.js:5:51)
    at Observable._trySubscribe (http://localhost:9878/_karma_webpack_/webpack:/node_modules/rxjs/dist/esm/internal/Observable.js:37:25)
    at cb (http://localhost:9878/_karma_webpack_/webpack:/node_modules/rxjs/dist/esm/internal/Observable.js:31:30)
    at errorContext (http://localhost:9878/_karma_webpack_/webpack:/node_modules/rxjs/dist/esm/internal/util/errorContext.js:19:9)
    at Observable.subscribe (http://localhost:9878/_karma_webpack_/webpack:/node_modules/rxjs/dist/esm/internal/Observable.js:22:21)
    at init (http://localhost:9878/_karma_webpack_/webpack:/node_modules/rxjs/dist/esm/internal/operators/finalize.js:5:20)
    at SafeSubscriber.call (http://localhost:9878/_karma_webpack_/webpack:/node_modules/rxjs/dist/esm/internal/util/lift.js:10:28)
    at cb (http://localhost:9878/_karma_webpack_/webpack:/node_modules/rxjs/dist/esm/internal/Observable.js:26:30)
    at errorContext (http://localhost:9878/_karma_webpack_/webpack:/node_modules/rxjs/dist/esm/internal/util/errorContext.js:19:9)
[1A[2KChrome Headless 151.0.7922.34 (Mac OS 10.15.7): Executed 267 of 1642[32m SUCCESS[39m (0 secs / 0.9 secs)
[1A[2KLOG: [36m'Saved successfully: ', Object{id: 'LIB-1', name: 'My Library', comment: '', metadata: Object{}, parentId: 'PARENT-1', parentUri: '', variant: 'FORMS'}[39m
Chrome Headless 151.0.7922.34 (Mac OS 10.15.7): Executed 267 of 1642[32m SUCCESS[39m (0 secs / 0.9 secs)
LOG: 'Saved successfully: ', Object{id: 'LIB-1', name: 'My Library', comment: '', metadata: Object{}, parentId: 'PARENT-1', parentUri: '', variant: 'FORMS'}
[1A[2KChrome Headless 151.0.7922.34 (Mac OS 10.15.7): Executed 268 of 1642[32m SUCCESS[39m (0 secs / 0.905 secs)
[1A[2KChrome Headless 151.0.7922.34 (Mac OS 10.15.7): Executed 269 of 1642[32m SUCCESS[39m (0 secs / 0.909 secs)
[1A[2KChrome Headless 151.0.7922.34 (Mac OS 10.15.7): Executed 270 of 1642[32m SUCCESS[39m (0 secs / 0.913 secs)
[1A[2KWARN: [36m'[AddLibraryComponent onSaveClick should set validation error when name is empty]', 'Library name is required'[39m
Chrome Headless 151.0.7922.34 (Mac OS 10.15.7): Executed 270 of 1642[32m SUCCESS[39m (0 secs / 0.913 secs)
WARN: '[AddLibraryComponent onSaveClick should set validation error when name is empty]', 'Library name is required'
[1A[2KChrome Headless 151.0.7922.34 (Mac OS 10.15.7): Executed 271 of 1642[32m SUCCESS[39m (0 secs / 0.916 secs)
[1A[2KChrome Headless 151.0.7922.34 (Mac OS 10.15.7): Executed 272 of 1642[32m SUCCESS[39m (0 secs / 0.926 secs)
[1A[2KChrome Headless 151.0.7922.34 (Mac OS 10.15.7): Executed 273 of 1642[32m SUCCESS[39m (0 secs / 0.93 secs)
[1A[2KChrome Headless 151.0.7922.34 (Mac OS 10.15.7): Executed 274 of 1642[32m SUCCESS[39m (0 secs / 0.933 secs)
[1A[2KChrome Headless 151.0.7922.34 (Mac OS 10.15.7): Executed 275 of 1642[32m SUCCESS[39m (0 secs / 0.936 secs)
[1A[2KChrome Headless 151.0.7922.34 (Mac OS 10.15.7): Executed 276 of 1642[32m SUCCESS[39m (0 secs / 0.938 secs)
[1A[2KChrome Headless 151.0.7922.34 (Mac OS 10.15.7): Executed 277 of 1642[32m SUCCESS[39m (0 secs / 0.942 secs)
[1A[2KChrome Headless 151.0.7922.34 (Mac OS 10.15.7): Executed 278 of 1642[32m SUCCESS[39m (0 secs / 0.945 secs)
[1A[2KChrome Headless 151.0.7922.34 (Mac OS 10.15.7): Executed 279 of 1642[32m SUCCESS[39m (0 secs / 0.956 secs)
[1A[2KChrome Headless 151.0.7922.34 (Mac OS 10.15.7): Executed 280 of 1642[32m SUCCESS[39m (0 secs / 0.962 secs)
[1A[2KChrome Headless 151.0.7922.34 (Mac OS 10.15.7): Executed 281 of 1642[32m SUCCESS[39m (0 secs / 0.968 secs)
[1A[2KChrome Headless 151.0.7922.34 (Mac OS 10.15.7): Executed 282 of 1642[32m SUCCESS[39m (0 secs / 0.974 secs)
[1A[2KERROR: [36m'[EmbeddedRichTextFieldHostComponent uses the configured standard signature form type rather than the embedded field id]', 'NG0303: Can't bind to 'ruleSourceId' since it isn't a known property of 'single-signature' (used in the 'EmbeddedRichTextFieldHostComponent' component template).
1. If 'single-signature' is an Angular component and it has the 'ruleSourceId' input, then verify that it is included in the '@Component.imports' of this component.
2. If 'single-signature' is a Web Component then add 'CUSTOM_ELEMENTS_SCHEMA' to the '@Component.schemas' of this component to suppress this message.
3. To allow any property add 'NO_ERRORS_SCHEMA' to the '@Component.schemas' of this component.'[39m
Chrome Headless 151.0.7922.34 (Mac OS 10.15.7): Executed 282 of 1642[32m SUCCESS[39m (0 secs / 0.974 secs)
ERROR: '[EmbeddedRichTextFieldHostComponent uses the configured standard signature form type rather than the embedded field id]', 'NG0303: Can't bind to 'ruleSourceId' since it isn't a known property of 'single-signature' (used in the 'EmbeddedRichTextFieldHostComponent' component template).
1. If 'single-signature' is an Angular component and it has the 'ruleSourceId' input, then verify that it is included in the '@Component.imports' of this component.
2. If 'single-signature' is a Web Component then add 'CUSTOM_ELEMENTS_SCHEMA' to the '@Component.schemas' of this component to suppress this message.
3. To allow any property add 'NO_ERRORS_SCHEMA' to the '@Component.schemas' of this component.'
[1A[2KERROR: [36m'[EmbeddedRichTextFieldHostComponent uses the configured standard signature form type rather than the embedded field id]', 'NG0303: Can't bind to 'compact' since it isn't a known property of 'single-signature' (used in the 'EmbeddedRichTextFieldHostComponent' component template).
1. If 'single-signature' is an Angular component and it has the 'compact' input, then verify that it is included in the '@Component.imports' of this component.
2. If 'single-signature' is a Web Component then add 'CUSTOM_ELEMENTS_SCHEMA' to the '@Component.schemas' of this component to suppress this message.
3. To allow any property add 'NO_ERRORS_SCHEMA' to the '@Component.schemas' of this component.'[39m
Chrome Headless 151.0.7922.34 (Mac OS 10.15.7): Executed 282 of 1642[32m SUCCESS[39m (0 secs / 0.974 secs)
ERROR: '[EmbeddedRichTextFieldHostComponent uses the configured standard signature form type rather than the embedded field id]', 'NG0303: Can't bind to 'compact' since it isn't a known property of 'single-signature' (used in the 'EmbeddedRichTextFieldHostComponent' component template).
1. If 'single-signature' is an Angular component and it has the 'compact' input, then verify that it is included in the '@Component.imports' of this component.
2. If 'single-signature' is a Web Component then add 'CUSTOM_ELEMENTS_SCHEMA' to the '@Component.schemas' of this component to suppress this message.
3. To allow any property add 'NO_ERRORS_SCHEMA' to the '@Component.schemas' of this component.'
[1A[2KChrome Headless 151.0.7922.34 (Mac OS 10.15.7): Executed 283 of 1642[32m SUCCESS[39m (0 secs / 0.979 secs)
[1A[2KERROR: [36m'[EmbeddedRichTextFieldHostComponent builds a standard signature model and renders the single-signature runtime control]', 'NG0303: Can't bind to 'ruleSourceId' since it isn't a known property of 'single-signature' (used in the 'EmbeddedRichTextFieldHostComponent' component template).
1. If 'single-signature' is an Angular component and it has the 'ruleSourceId' input, then verify that it is included in the '@Component.imports' of this component.
2. If 'single-signature' is a Web Component then add 'CUSTOM_ELEMENTS_SCHEMA' to the '@Component.schemas' of this component to suppress this message.
3. To allow any property add 'NO_ERRORS_SCHEMA' to the '@Component.schemas' of this component.'[39m
Chrome Headless 151.0.7922.34 (Mac OS 10.15.7): Executed 283 of 1642[32m SUCCESS[39m (0 secs / 0.979 secs)
ERROR: '[EmbeddedRichTextFieldHostComponent builds a standard signature model and renders the single-signature runtime control]', 'NG0303: Can't bind to 'ruleSourceId' since it isn't a known property of 'single-signature' (used in the 'EmbeddedRichTextFieldHostComponent' component template).
1. If 'single-signature' is an Angular component and it has the 'ruleSourceId' input, then verify that it is included in the '@Component.imports' of this component.
2. If 'single-signature' is a Web Component then add 'CUSTOM_ELEMENTS_SCHEMA' to the '@Component.schemas' of this component to suppress this message.
3. To allow any property add 'NO_ERRORS_SCHEMA' to the '@Component.schemas' of this component.'
[1A[2KERROR: [36m'[EmbeddedRichTextFieldHostComponent builds a standard signature model and renders the single-signature runtime control]', 'NG0303: Can't bind to 'compact' since it isn't a known property of 'single-signature' (used in the 'EmbeddedRichTextFieldHostComponent' component template).
1. If 'single-signature' is an Angular component and it has the 'compact' input, then verify that it is included in the '@Component.imports' of this component.
2. If 'single-signature' is a Web Component then add 'CUSTOM_ELEMENTS_SCHEMA' to the '@Component.schemas' of this component to suppress this message.
3. To allow any property add 'NO_ERRORS_SCHEMA' to the '@Component.schemas' of this component.'[39m
Chrome Headless 151.0.7922.34 (Mac OS 10.15.7): Executed 283 of 1642[32m SUCCESS[39m (0 secs / 0.979 secs)
ERROR: '[EmbeddedRichTextFieldHostComponent builds a standard signature model and renders the single-signature runtime control]', 'NG0303: Can't bind to 'compact' since it isn't a known property of 'single-signature' (used in the 'EmbeddedRichTextFieldHostComponent' component template).
1. If 'single-signature' is an Angular component and it has the 'compact' input, then verify that it is included in the '@Component.imports' of this component.
2. If 'single-signature' is a Web Component then add 'CUSTOM_ELEMENTS_SCHEMA' to the '@Component.schemas' of this component to suppress this message.
3. To allow any property add 'NO_ERRORS_SCHEMA' to the '@Component.schemas' of this component.'
[1A[2KChrome Headless 151.0.7922.34 (Mac OS 10.15.7): Executed 284 of 1642[32m SUCCESS[39m (0 secs / 0.985 secs)
[1A[2KERROR: [36m'[EmbeddedRichTextFieldHostComponent uses -1 when a signature field has no resolved runtime source id]', 'NG0303: Can't bind to 'ruleSourceId' since it isn't a known property of 'single-signature' (used in the 'EmbeddedRichTextFieldHostComponent' component template).
1. If 'single-signature' is an Angular component and it has the 'ruleSourceId' input, then verify that it is included in the '@Component.imports' of this component.
2. If 'single-signature' is a Web Component then add 'CUSTOM_ELEMENTS_SCHEMA' to the '@Component.schemas' of this component to suppress this message.
3. To allow any property add 'NO_ERRORS_SCHEMA' to the '@Component.schemas' of this component.'[39m
Chrome Headless 151.0.7922.34 (Mac OS 10.15.7): Executed 284 of 1642[32m SUCCESS[39m (0 secs / 0.985 secs)
ERROR: '[EmbeddedRichTextFieldHostComponent uses -1 when a signature field has no resolved runtime source id]', 'NG0303: Can't bind to 'ruleSourceId' since it isn't a known property of 'single-signature' (used in the 'EmbeddedRichTextFieldHostComponent' component template).
1. If 'single-signature' is an Angular component and it has the 'ruleSourceId' input, then verify that it is included in the '@Component.imports' of this component.
2. If 'single-signature' is a Web Component then add 'CUSTOM_ELEMENTS_SCHEMA' to the '@Component.schemas' of this component to suppress this message.
3. To allow any property add 'NO_ERRORS_SCHEMA' to the '@Component.schemas' of this component.'
[1A[2KERROR: [36m'[EmbeddedRichTextFieldHostComponent uses -1 when a signature field has no resolved runtime source id]', 'NG0303: Can't bind to 'compact' since it isn't a known property of 'single-signature' (used in the 'EmbeddedRichTextFieldHostComponent' component template).
1. If 'single-signature' is an Angular component and it has the 'compact' input, then verify that it is included in the '@Component.imports' of this component.
2. If 'single-signature' is a Web Component then add 'CUSTOM_ELEMENTS_SCHEMA' to the '@Component.schemas' of this component to suppress this message.
3. To allow any property add 'NO_ERRORS_SCHEMA' to the '@Component.schemas' of this component.'[39m
Chrome Headless 151.0.7922.34 (Mac OS 10.15.7): Executed 284 of 1642[32m SUCCESS[39m (0 secs / 0.985 secs)
ERROR: '[EmbeddedRichTextFieldHostComponent uses -1 when a signature field has no resolved runtime source id]', 'NG0303: Can't bind to 'compact' since it isn't a known property of 'single-signature' (used in the 'EmbeddedRichTextFieldHostComponent' component template).
1. If 'single-signature' is an Angular component and it has the 'compact' input, then verify that it is included in the '@Component.imports' of this component.
2. If 'single-signature' is a Web Component then add 'CUSTOM_ELEMENTS_SCHEMA' to the '@Component.schemas' of this component to suppress this message.
3. To allow any property add 'NO_ERRORS_SCHEMA' to the '@Component.schemas' of this component.'
[1A[2KChrome Headless 151.0.7922.34 (Mac OS 10.15.7): Executed 285 of 1642[32m SUCCESS[39m (0 secs / 0.99 secs)
[1A[2KChrome Headless 151.0.7922.34 (Mac OS 10.15.7): Executed 286 of 1642[32m SUCCESS[39m (0 secs / 0.99 secs)
[1A[2KChrome Headless 151.0.7922.34 (Mac OS 10.15.7): Executed 287 of 1642[32m SUCCESS[39m (0 secs / 0.99 secs)
[1A[2KChrome Headless 151.0.7922.34 (Mac OS 10.15.7): Executed 288 of 1642[32m SUCCESS[39m (0 secs / 0.99 secs)
[1A[2KChrome Headless 151.0.7922.34 (Mac OS 10.15.7): Executed 289 of 1642[32m SUCCESS[39m (0 secs / 0.991 secs)
[1A[2KChrome Headless 151.0.7922.34 (Mac OS 10.15.7): Executed 290 of 1642[32m SUCCESS[39m (0 secs / 0.991 secs)
[1A[2KChrome Headless 151.0.7922.34 (Mac OS 10.15.7): Executed 291 of 1642[32m SUCCESS[39m (0 secs / 0.995 secs)
[1A[2KChrome Headless 151.0.7922.34 (Mac OS 10.15.7): Executed 292 of 1642[32m SUCCESS[39m (0 secs / 0.997 secs)
[1A[2KChrome Headless 151.0.7922.34 (Mac OS 10.15.7): Executed 293 of 1642[32m SUCCESS[39m (0 secs / 0.998 secs)
[1A[2KChrome Headless 151.0.7922.34 (Mac OS 10.15.7): Executed 294 of 1642[32m SUCCESS[39m (0 secs / 0.999 secs)
[1A[2KChrome Headless 151.0.7922.34 (Mac OS 10.15.7): Executed 295 of 1642[32m SUCCESS[39m (0 secs / 1 sec)
[1A[2KChrome Headless 151.0.7922.34 (Mac OS 10.15.7): Executed 296 of 1642[32m SUCCESS[39m (0 secs / 1.002 secs)
[1A[2KChrome Headless 151.0.7922.34 (Mac OS 10.15.7): Executed 297 of 1642[32m SUCCESS[39m (0 secs / 1.003 secs)
[1A[2KChrome Headless 151.0.7922.34 (Mac OS 10.15.7): Executed 298 of 1642[32m SUCCESS[39m (0 secs / 1.004 secs)
[1A[2KChrome Headless 151.0.7922.34 (Mac OS 10.15.7): Executed 299 of 1642[32m SUCCESS[39m (0 secs / 1.005 secs)
[1A[2KChrome Headless 151.0.7922.34 (Mac OS 10.15.7): Executed 300 of 1642[32m SUCCESS[39m (0 secs / 1.007 secs)
[1A[2KChrome Headless 151.0.7922.34 (Mac OS 10.15.7): Executed 301 of 1642[32m SUCCESS[39m (0 secs / 1.009 secs)
[1A[2KChrome Headless 151.0.7922.34 (Mac OS 10.15.7): Executed 302 of 1642[32m SUCCESS[39m (0 secs / 1.011 secs)
[1A[2KChrome Headless 151.0.7922.34 (Mac OS 10.15.7): Executed 303 of 1642[32m SUCCESS[39m (0 secs / 1.012 secs)
[1A[2KChrome Headless 151.0.7922.34 (Mac OS 10.15.7): Executed 304 of 1642[32m SUCCESS[39m (0 secs / 1.013 secs)
[1A[2KChrome Headless 151.0.7922.34 (Mac OS 10.15.7): Executed 305 of 1642[32m SUCCESS[39m (0 secs / 1.015 secs)
[1A[2KChrome Headless 151.0.7922.34 (Mac OS 10.15.7): Executed 306 of 1642[32m SUCCESS[39m (0 secs / 1.017 secs)
[1A[2KChrome Headless 151.0.7922.34 (Mac OS 10.15.7): Executed 307 of 1642[32m SUCCESS[39m (0 secs / 1.018 secs)
[1A[2KChrome Headless 151.0.7922.34 (Mac OS 10.15.7): Executed 308 of 1642[32m SUCCESS[39m (0 secs / 1.019 secs)
[1A[2KChrome Headless 151.0.7922.34 (Mac OS 10.15.7): Executed 309 of 1642[32m SUCCESS[39m (0 secs / 1.021 secs)
[1A[2KChrome Headless 151.0.7922.34 (Mac OS 10.15.7): Executed 310 of 1642[32m SUCCESS[39m (0 secs / 1.022 secs)
[1A[2KChrome Headless 151.0.7922.34 (Mac OS 10.15.7): Executed 311 of 1642[32m SUCCESS[39m (0 secs / 1.024 secs)
[1A[2KChrome Headless 151.0.7922.34 (Mac OS 10.15.7): Executed 312 of 1642[32m SUCCESS[39m (0 secs / 1.026 secs)
[1A[2KChrome Headless 151.0.7922.34 (Mac OS 10.15.7): Executed 313 of 1642[32m SUCCESS[39m (0 secs / 1.028 secs)
[1A[2KChrome Headless 151.0.7922.34 (Mac OS 10.15.7): Executed 314 of 1642[32m SUCCESS[39m (0 secs / 1.029 secs)
[1A[2KChrome Headless 151.0.7922.34 (Mac OS 10.15.7): Executed 315 of 1642[32m SUCCESS[39m (0 secs / 1.03 secs)
[1A[2KChrome Headless 151.0.7922.34 (Mac OS 10.15.7): Executed 316 of 1642[32m SUCCESS[39m (0 secs / 1.032 secs)
[1A[2KChrome Headless 151.0.7922.34 (Mac OS 10.15.7): Executed 317 of 1642[32m SUCCESS[39m (0 secs / 1.034 secs)
[1A[2KChrome Headless 151.0.7922.34 (Mac OS 10.15.7): Executed 318 of 1642[32m SUCCESS[39m (0 secs / 1.035 secs)
[1A[2KChrome Headless 151.0.7922.34 (Mac OS 10.15.7): Executed 319 of 1642[32m SUCCESS[39m (0 secs / 1.037 secs)
[1A[2KChrome Headless 151.0.7922.34 (Mac OS 10.15.7): Executed 320 of 1642[32m SUCCESS[39m (0 secs / 1.039 secs)
[1A[2KChrome Headless 151.0.7922.34 (Mac OS 10.15.7): Executed 321 of 1642[32m SUCCESS[39m (0 secs / 1.04 secs)
[1A[2KChrome Headless 151.0.7922.34 (Mac OS 10.15.7): Executed 322 of 1642[32m SUCCESS[39m (0 secs / 1.041 secs)
[1A[2KChrome Headless 151.0.7922.34 (Mac OS 10.15.7): Executed 323 of 1642[32m SUCCESS[39m (0 secs / 1.042 secs)
[1A[2KChrome Headless 151.0.7922.34 (Mac OS 10.15.7): Executed 324 of 1642[32m SUCCESS[39m (0 secs / 1.043 secs)
[1A[2KChrome Headless 151.0.7922.34 (Mac OS 10.15.7): Executed 325 of 1642[32m SUCCESS[39m (0 secs / 1.045 secs)
[1A[2KChrome Headless 151.0.7922.34 (Mac OS 10.15.7): Executed 326 of 1642[32m SUCCESS[39m (0 secs / 1.046 secs)
[1A[2KChrome Headless 151.0.7922.34 (Mac OS 10.15.7): Executed 327 of 1642[32m SUCCESS[39m (0 secs / 1.047 secs)
[1A[2KChrome Headless 151.0.7922.34 (Mac OS 10.15.7): Executed 328 of 1642[32m SUCCESS[39m (0 secs / 1.048 secs)
[1A[2KChrome Headless 151.0.7922.34 (Mac OS 10.15.7): Executed 329 of 1642[32m SUCCESS[39m (0 secs / 1.05 secs)
[1A[2KChrome Headless 151.0.7922.34 (Mac OS 10.15.7): Executed 330 of 1642[32m SUCCESS[39m (0 secs / 1.051 secs)
[1A[2KChrome Headless 151.0.7922.34 (Mac OS 10.15.7): Executed 331 of 1642[32m SUCCESS[39m (0 secs / 1.053 secs)
[1A[2KChrome Headless 151.0.7922.34 (Mac OS 10.15.7): Executed 332 of 1642[32m SUCCESS[39m (0 secs / 1.054 secs)
[1A[2KChrome Headless 151.0.7922.34 (Mac OS 10.15.7): Executed 333 of 1642[32m SUCCESS[39m (0 secs / 1.055 secs)
[1A[2KChrome Headless 151.0.7922.34 (Mac OS 10.15.7): Executed 334 of 1642[32m SUCCESS[39m (0 secs / 1.056 secs)
[1A[2KChrome Headless 151.0.7922.34 (Mac OS 10.15.7): Executed 335 of 1642[32m SUCCESS[39m (0 secs / 1.057 secs)
[1A[2KChrome Headless 151.0.7922.34 (Mac OS 10.15.7): Executed 336 of 1642[32m SUCCESS[39m (0 secs / 1.059 secs)
[1A[2KChrome Headless 151.0.7922.34 (Mac OS 10.15.7): Executed 337 of 1642[32m SUCCESS[39m (0 secs / 1.06 secs)
[1A[2KChrome Headless 151.0.7922.34 (Mac OS 10.15.7): Executed 338 of 1642[32m SUCCESS[39m (0 secs / 1.067 secs)
[1A[2KChrome Headless 151.0.7922.34 (Mac OS 10.15.7): Executed 339 of 1642[32m SUCCESS[39m (0 secs / 1.07 secs)
[1A[2KChrome Headless 151.0.7922.34 (Mac OS 10.15.7): Executed 340 of 1642[32m SUCCESS[39m (0 secs / 1.07 secs)
[1A[2KChrome Headless 151.0.7922.34 (Mac OS 10.15.7): Executed 341 of 1642[32m SUCCESS[39m (0 secs / 1.071 secs)
[1A[2KChrome Headless 151.0.7922.34 (Mac OS 10.15.7): Executed 342 of 1642[32m SUCCESS[39m (0 secs / 1.071 secs)
[33m08 10 2026 15:40:40.174:WARN [web-server]: [39m404: /_karma_webpack_/etcclient/assets/tinymce/skins/content/default/content.min.css
[1A[2KChrome Headless 151.0.7922.34 (Mac OS 10.15.7): Executed 343 of 1642[32m SUCCESS[39m (0 secs / 1.075 secs)
[33m08 10 2026 15:40:40.176:WARN [web-server]: [39m404: /_karma_webpack_/etcclient/assets/indicators/rte-indicators.css
[1A[2KChrome Headless 151.0.7922.34 (Mac OS 10.15.7): Executed 344 of 1642[32m SUCCESS[39m (0 secs / 1.075 secs)
[1A[2KChrome Headless 151.0.7922.34 (Mac OS 10.15.7): Executed 345 of 1642[32m SUCCESS[39m (0 secs / 1.075 secs)
[1A[2KChrome Headless 151.0.7922.34 (Mac OS 10.15.7): Executed 346 of 1642[32m SUCCESS[39m (0 secs / 1.077 secs)
[1A[2KChrome Headless 151.0.7922.34 (Mac OS 10.15.7): Executed 347 of 1642[32m SUCCESS[39m (0 secs / 1.078 secs)
[1A[2KChrome Headless 151.0.7922.34 (Mac OS 10.15.7): Executed 348 of 1642[32m SUCCESS[39m (0 secs / 1.084 secs)
[1A[2KChrome Headless 151.0.7922.34 (Mac OS 10.15.7): Executed 349 of 1642[32m SUCCESS[39m (0 secs / 1.085 secs)
[1A[2KChrome Headless 151.0.7922.34 (Mac OS 10.15.7): Executed 350 of 1642[32m SUCCESS[39m (0 secs / 1.087 secs)
[1A[2KChrome Headless 151.0.7922.34 (Mac OS 10.15.7): Executed 351 of 1642[32m SUCCESS[39m (0 secs / 1.09 secs)
[1A[2KChrome Headless 151.0.7922.34 (Mac OS 10.15.7): Executed 352 of 1642[32m SUCCESS[39m (0 secs / 1.091 secs)
[1A[2KChrome Headless 151.0.7922.34 (Mac OS 10.15.7): Executed 353 of 1642[32m SUCCESS[39m (0 secs / 1.093 secs)
[1A[2KChrome Headless 151.0.7922.34 (Mac OS 10.15.7): Executed 354 of 1642[32m SUCCESS[39m (0 secs / 1.095 secs)
[1A[2KChrome Headless 151.0.7922.34 (Mac OS 10.15.7): Executed 355 of 1642[32m SUCCESS[39m (0 secs / 1.096 secs)
[1A[2KChrome Headless 151.0.7922.34 (Mac OS 10.15.7): Executed 356 of 1642[32m SUCCESS[39m (0 secs / 1.098 secs)
[1A[2KChrome Headless 151.0.7922.34 (Mac OS 10.15.7): Executed 357 of 1642[32m SUCCESS[39m (0 secs / 1.098 secs)
[1A[2KChrome Headless 151.0.7922.34 (Mac OS 10.15.7): Executed 358 of 1642[32m SUCCESS[39m (0 secs / 1.098 secs)
[1A[2KChrome Headless 151.0.7922.34 (Mac OS 10.15.7): Executed 359 of 1642[32m SUCCESS[39m (0 secs / 1.098 secs)
[1A[2KChrome Headless 151.0.7922.34 (Mac OS 10.15.7): Executed 360 of 1642[32m SUCCESS[39m (0 secs / 1.098 secs)
[1A[2KChrome Headless 151.0.7922.34 (Mac OS 10.15.7): Executed 361 of 1642[32m SUCCESS[39m (0 secs / 1.099 secs)
[1A[2KChrome Headless 151.0.7922.34 (Mac OS 10.15.7): Executed 362 of 1642[32m SUCCESS[39m (0 secs / 1.099 secs)
[1A[2KChrome Headless 151.0.7922.34 (Mac OS 10.15.7): Executed 363 of 1642[32m SUCCESS[39m (0 secs / 1.099 secs)
[1A[2KChrome Headless 151.0.7922.34 (Mac OS 10.15.7): Executed 364 of 1642[32m SUCCESS[39m (0 secs / 1.099 secs)
[1A[2KChrome Headless 151.0.7922.34 (Mac OS 10.15.7): Executed 365 of 1642[32m SUCCESS[39m (0 secs / 1.099 secs)
[1A[2KChrome Headless 151.0.7922.34 (Mac OS 10.15.7): Executed 366 of 1642[32m SUCCESS[39m (0 secs / 1.099 secs)
[1A[2KChrome Headless 151.0.7922.34 (Mac OS 10.15.7): Executed 367 of 1642[32m SUCCESS[39m (0 secs / 1.099 secs)
[1A[2KChrome Headless 151.0.7922.34 (Mac OS 10.15.7): Executed 368 of 1642[32m SUCCESS[39m (0 secs / 1.099 secs)
[1A[2KChrome Headless 151.0.7922.34 (Mac OS 10.15.7): Executed 369 of 1642[32m SUCCESS[39m (0 secs / 1.1 secs)
[1A[2KChrome Headless 151.0.7922.34 (Mac OS 10.15.7): Executed 370 of 1642[32m SUCCESS[39m (0 secs / 1.1 secs)
[1A[2KChrome Headless 151.0.7922.34 (Mac OS 10.15.7): Executed 371 of 1642[32m SUCCESS[39m (0 secs / 1.114 secs)
[1A[2KChrome Headless 151.0.7922.34 (Mac OS 10.15.7): Executed 372 of 1642[32m SUCCESS[39m (0 secs / 1.124 secs)
[1A[2KChrome Headless 151.0.7922.34 (Mac OS 10.15.7): Executed 373 of 1642[32m SUCCESS[39m (0 secs / 1.129 secs)
[1A[2KChrome Headless 151.0.7922.34 (Mac OS 10.15.7): Executed 374 of 1642[32m SUCCESS[39m (0 secs / 1.135 secs)
[1A[2KChrome Headless 151.0.7922.34 (Mac OS 10.15.7): Executed 375 of 1642[32m SUCCESS[39m (0 secs / 1.139 secs)
[1A[2KChrome Headless 151.0.7922.34 (Mac OS 10.15.7): Executed 376 of 1642[32m SUCCESS[39m (0 secs / 1.145 secs)
[1A[2KChrome Headless 151.0.7922.34 (Mac OS 10.15.7): Executed 377 of 1642[32m SUCCESS[39m (0 secs / 1.149 secs)
[1A[2KChrome Headless 151.0.7922.34 (Mac OS 10.15.7): Executed 378 of 1642[32m SUCCESS[39m (0 secs / 1.155 secs)
[1A[2KChrome Headless 151.0.7922.34 (Mac OS 10.15.7): Executed 379 of 1642[32m SUCCESS[39m (0 secs / 1.163 secs)
[1A[2KChrome Headless 151.0.7922.34 (Mac OS 10.15.7): Executed 380 of 1642[32m SUCCESS[39m (0 secs / 1.167 secs)
[1A[2KChrome Headless 151.0.7922.34 (Mac OS 10.15.7): Executed 381 of 1642[32m SUCCESS[39m (0 secs / 1.174 secs)
[1A[2KChrome Headless 151.0.7922.34 (Mac OS 10.15.7): Executed 382 of 1642[32m SUCCESS[39m (0 secs / 1.178 secs)
[1A[2KChrome Headless 151.0.7922.34 (Mac OS 10.15.7): Executed 383 of 1642[32m SUCCESS[39m (0 secs / 1.199 secs)
[1A[2KChrome Headless 151.0.7922.34 (Mac OS 10.15.7): Executed 384 of 1642[32m SUCCESS[39m (0 secs / 1.261 secs)
[1A[2KChrome Headless 151.0.7922.34 (Mac OS 10.15.7): Executed 385 of 1642[32m SUCCESS[39m (0 secs / 1.275 secs)
[1A[2KChrome Headless 151.0.7922.34 (Mac OS 10.15.7): Executed 386 of 1642[32m SUCCESS[39m (0 secs / 1.291 secs)
[1A[2KChrome Headless 151.0.7922.34 (Mac OS 10.15.7): Executed 387 of 1642[32m SUCCESS[39m (0 secs / 1.305 secs)
[1A[2KChrome Headless 151.0.7922.34 (Mac OS 10.15.7): Executed 388 of 1642[32m SUCCESS[39m (0 secs / 1.318 secs)
[1A[2KChrome Headless 151.0.7922.34 (Mac OS 10.15.7): Executed 389 of 1642[32m SUCCESS[39m (0 secs / 1.33 secs)
[1A[2KERROR: [36m'[WorkCardStepsComponent Fullscreen functionality should save scroll position when entering fullscreen]', 'ERROR', Error: Assertion error: signal read during notification phase
Error: Assertion error: signal read during notification phase
    at producerAccessed (http://localhost:9878/_karma_webpack_/webpack:/node_modules/@angular/core/fesm2022/signal.mjs:64:15)
    at signalGetFn (http://localhost:9878/_karma_webpack_/webpack:/node_modules/@angular/core/fesm2022/signal.mjs:541:5)
    at MatFormField._appearanceSignal (http://localhost:9878/_karma_webpack_/webpack:/node_modules/@angular/core/fesm2022/signal.mjs:524:27)
    at apply (http://localhost:9878/_karma_webpack_/webpack:/node_modules/@angular/material/fesm2022/form-field2.mjs:793:26)
    at Object.phaseFn (http://localhost:9878/_karma_webpack_/webpack:/node_modules/@angular/core/fesm2022/core.mjs:4200:36)
    at hookFn (http://localhost:9878/_karma_webpack_/webpack:/node_modules/@angular/core/fesm2022/core.mjs:4254:49)
    at fn (http://localhost:9878/_karma_webpack_/webpack:/node_modules/@angular/core/fesm2022/debug_node.mjs:8088:39)
    at AfterRenderImpl.maybeTrace (http://localhost:9878/_karma_webpack_/webpack:/node_modules/@angular/core/fesm2022/debug_node.mjs:8159:79)
    at apply (http://localhost:9878/_karma_webpack_/webpack:/node_modules/@angular/core/fesm2022/debug_node.mjs:8086:88)
    at _ZoneDelegate.invoke (http://localhost:9878/_karma_webpack_/webpack:/node_modules/zone.js/fesm2015/zone.js:369:28)[39m
Chrome Headless 151.0.7922.34 (Mac OS 10.15.7): Executed 389 of 1642[32m SUCCESS[39m (0 secs / 1.33 secs)
ERROR: '[WorkCardStepsComponent Fullscreen functionality should save scroll position when entering fullscreen]', 'ERROR', Error: Assertion error: signal read during notification phase
Error: Assertion error: signal read during notification phase
    at producerAccessed (http://localhost:9878/_karma_webpack_/webpack:/node_modules/@angular/core/fesm2022/signal.mjs:64:15)
    at signalGetFn (http://localhost:9878/_karma_webpack_/webpack:/node_modules/@angular/core/fesm2022/signal.mjs:541:5)
    at MatFormField._appearanceSignal (http://localhost:9878/_karma_webpack_/webpack:/node_modules/@angular/core/fesm2022/signal.mjs:524:27)
    at apply (http://localhost:9878/_karma_webpack_/webpack:/node_modules/@angular/material/fesm2022/form-field2.mjs:793:26)
    at Object.phaseFn (http://localhost:9878/_karma_webpack_/webpack:/node_modules/@angular/core/fesm2022/core.mjs:4200:36)
    at hookFn (http://localhost:9878/_karma_webpack_/webpack:/node_modules/@angular/core/fesm2022/core.mjs:4254:49)
    at fn (http://localhost:9878/_karma_webpack_/webpack:/node_modules/@angular/core/fesm2022/debug_node.mjs:8088:39)
    at AfterRenderImpl.maybeTrace (http://localhost:9878/_karma_webpack_/webpack:/node_modules/@angular/core/fesm2022/debug_node.mjs:8159:79)
    at apply (http://localhost:9878/_karma_webpack_/webpack:/node_modules/@angular/core/fesm2022/debug_node.mjs:8086:88)
    at _ZoneDelegate.invoke (http://localhost:9878/_karma_webpack_/webpack:/node_modules/zone.js/fesm2015/zone.js:369:28)
[1A[2KChrome Headless 151.0.7922.34 (Mac OS 10.15.7): Executed 390 of 1642[32m SUCCESS[39m (0 secs / 1.345 secs)
[1A[2KERROR: [36m'[WorkCardStepsComponent Fullscreen functionality should restore scroll position when exiting fullscreen]', 'ERROR', Error: Assertion error: signal read during notification phase
Error: Assertion error: signal read during notification phase
    at producerAccessed (http://localhost:9878/_karma_webpack_/webpack:/node_modules/@angular/core/fesm2022/signal.mjs:64:15)
    at signalGetFn (http://localhost:9878/_karma_webpack_/webpack:/node_modules/@angular/core/fesm2022/signal.mjs:541:5)
    at MatFormField._appearanceSignal (http://localhost:9878/_karma_webpack_/webpack:/node_modules/@angular/core/fesm2022/signal.mjs:524:27)
    at apply (http://localhost:9878/_karma_webpack_/webpack:/node_modules/@angular/material/fesm2022/form-field2.mjs:793:26)
    at Object.phaseFn (http://localhost:9878/_karma_webpack_/webpack:/node_modules/@angular/core/fesm2022/core.mjs:4200:36)
    at hookFn (http://localhost:9878/_karma_webpack_/webpack:/node_modules/@angular/core/fesm2022/core.mjs:4254:49)
    at fn (http://localhost:9878/_karma_webpack_/webpack:/node_modules/@angular/core/fesm2022/debug_node.mjs:8088:39)
    at AfterRenderImpl.maybeTrace (http://localhost:9878/_karma_webpack_/webpack:/node_modules/@angular/core/fesm2022/debug_node.mjs:8159:79)
    at apply (http://localhost:9878/_karma_webpack_/webpack:/node_modules/@angular/core/fesm2022/debug_node.mjs:8086:88)
    at _ZoneDelegate.invoke (http://localhost:9878/_karma_webpack_/webpack:/node_modules/zone.js/fesm2015/zone.js:369:28)[39m
Chrome Headless 151.0.7922.34 (Mac OS 10.15.7): Executed 390 of 1642[32m SUCCESS[39m (0 secs / 1.345 secs)
ERROR: '[WorkCardStepsComponent Fullscreen functionality should restore scroll position when exiting fullscreen]', 'ERROR', Error: Assertion error: signal read during notification phase
Error: Assertion error: signal read during notification phase
    at producerAccessed (http://localhost:9878/_karma_webpack_/webpack:/node_modules/@angular/core/fesm2022/signal.mjs:64:15)
    at signalGetFn (http://localhost:9878/_karma_webpack_/webpack:/node_modules/@angular/core/fesm2022/signal.mjs:541:5)
    at MatFormField._appearanceSignal (http://localhost:9878/_karma_webpack_/webpack:/node_modules/@angular/core/fesm2022/signal.mjs:524:27)
    at apply (http://localhost:9878/_karma_webpack_/webpack:/node_modules/@angular/material/fesm2022/form-field2.mjs:793:26)
    at Object.phaseFn (http://localhost:9878/_karma_webpack_/webpack:/node_modules/@angular/core/fesm2022/core.mjs:4200:36)
    at hookFn (http://localhost:9878/_karma_webpack_/webpack:/node_modules/@angular/core/fesm2022/core.mjs:4254:49)
    at fn (http://localhost:9878/_karma_webpack_/webpack:/node_modules/@angular/core/fesm2022/debug_node.mjs:8088:39)
    at AfterRenderImpl.maybeTrace (http://localhost:9878/_karma_webpack_/webpack:/node_modules/@angular/core/fesm2022/debug_node.mjs:8159:79)
    at apply (http://localhost:9878/_karma_webpack_/webpack:/node_modules/@angular/core/fesm2022/debug_node.mjs:8086:88)
    at _ZoneDelegate.invoke (http://localhost:9878/_karma_webpack_/webpack:/node_modules/zone.js/fesm2015/zone.js:369:28)
[1A[2KChrome Headless 151.0.7922.34 (Mac OS 10.15.7): Executed 391 of 1642[32m SUCCESS[39m (0 secs / 1.359 secs)
[1A[2KERROR: [36m'[WorkCardStepsComponent Fullscreen functionality should handle null scrollable element gracefully]', 'ERROR', Error: Assertion error: signal read during notification phase
Error: Assertion error: signal read during notification phase
    at producerAccessed (http://localhost:9878/_karma_webpack_/webpack:/node_modules/@angular/core/fesm2022/signal.mjs:64:15)
    at signalGetFn (http://localhost:9878/_karma_webpack_/webpack:/node_modules/@angular/core/fesm2022/signal.mjs:541:5)
    at MatFormField._appearanceSignal (http://localhost:9878/_karma_webpack_/webpack:/node_modules/@angular/core/fesm2022/signal.mjs:524:27)
    at apply (http://localhost:9878/_karma_webpack_/webpack:/node_modules/@angular/material/fesm2022/form-field2.mjs:793:26)
    at Object.phaseFn (http://localhost:9878/_karma_webpack_/webpack:/node_modules/@angular/core/fesm2022/core.mjs:4200:36)
    at hookFn (http://localhost:9878/_karma_webpack_/webpack:/node_modules/@angular/core/fesm2022/core.mjs:4254:49)
    at fn (http://localhost:9878/_karma_webpack_/webpack:/node_modules/@angular/core/fesm2022/debug_node.mjs:8088:39)
    at AfterRenderImpl.maybeTrace (http://localhost:9878/_karma_webpack_/webpack:/node_modules/@angular/core/fesm2022/debug_node.mjs:8159:79)
    at apply (http://localhost:9878/_karma_webpack_/webpack:/node_modules/@angular/core/fesm2022/debug_node.mjs:8086:88)
    at _ZoneDelegate.invoke (http://localhost:9878/_karma_webpack_/webpack:/node_modules/zone.js/fesm2015/zone.js:369:28)[39m
Chrome Headless 151.0.7922.34 (Mac OS 10.15.7): Executed 391 of 1642[32m SUCCESS[39m (0 secs / 1.359 secs)
ERROR: '[WorkCardStepsComponent Fullscreen functionality should handle null scrollable element gracefully]', 'ERROR', Error: Assertion error: signal read during notification phase
Error: Assertion error: signal read during notification phase
    at producerAccessed (http://localhost:9878/_karma_webpack_/webpack:/node_modules/@angular/core/fesm2022/signal.mjs:64:15)
    at signalGetFn (http://localhost:9878/_karma_webpack_/webpack:/node_modules/@angular/core/fesm2022/signal.mjs:541:5)
    at MatFormField._appearanceSignal (http://localhost:9878/_karma_webpack_/webpack:/node_modules/@angular/core/fesm2022/signal.mjs:524:27)
    at apply (http://localhost:9878/_karma_webpack_/webpack:/node_modules/@angular/material/fesm2022/form-field2.mjs:793:26)
    at Object.phaseFn (http://localhost:9878/_karma_webpack_/webpack:/node_modules/@angular/core/fesm2022/core.mjs:4200:36)
    at hookFn (http://localhost:9878/_karma_webpack_/webpack:/node_modules/@angular/core/fesm2022/core.mjs:4254:49)
    at fn (http://localhost:9878/_karma_webpack_/webpack:/node_modules/@angular/core/fesm2022/debug_node.mjs:8088:39)
    at AfterRenderImpl.maybeTrace (http://localhost:9878/_karma_webpack_/webpack:/node_modules/@angular/core/fesm2022/debug_node.mjs:8159:79)
    at apply (http://localhost:9878/_karma_webpack_/webpack:/node_modules/@angular/core/fesm2022/debug_node.mjs:8086:88)
    at _ZoneDelegate.invoke (http://localhost:9878/_karma_webpack_/webpack:/node_modules/zone.js/fesm2015/zone.js:369:28)
[1A[2KChrome Headless 151.0.7922.34 (Mac OS 10.15.7): Executed 392 of 1642[32m SUCCESS[39m (0 secs / 1.373 secs)
[1A[2KERROR: [36m'[WorkCardStepsComponent Fullscreen functionality should use the first viable ancestor (simulated) when immediate parent is not scrollable]', 'ERROR', Error: Assertion error: signal read during notification phase
Error: Assertion error: signal read during notification phase
    at producerAccessed (http://localhost:9878/_karma_webpack_/webpack:/node_modules/@angular/core/fesm2022/signal.mjs:64:15)
    at signalGetFn (http://localhost:9878/_karma_webpack_/webpack:/node_modules/@angular/core/fesm2022/signal.mjs:541:5)
    at MatFormField._appearanceSignal (http://localhost:9878/_karma_webpack_/webpack:/node_modules/@angular/core/fesm2022/signal.mjs:524:27)
    at apply (http://localhost:9878/_karma_webpack_/webpack:/node_modules/@angular/material/fesm2022/form-field2.mjs:793:26)
    at Object.phaseFn (http://localhost:9878/_karma_webpack_/webpack:/node_modules/@angular/core/fesm2022/core.mjs:4200:36)
    at hookFn (http://localhost:9878/_karma_webpack_/webpack:/node_modules/@angular/core/fesm2022/core.mjs:4254:49)
    at fn (http://localhost:9878/_karma_webpack_/webpack:/node_modules/@angular/core/fesm2022/debug_node.mjs:8088:39)
    at AfterRenderImpl.maybeTrace (http://localhost:9878/_karma_webpack_/webpack:/node_modules/@angular/core/fesm2022/debug_node.mjs:8159:79)
    at apply (http://localhost:9878/_karma_webpack_/webpack:/node_modules/@angular/core/fesm2022/debug_node.mjs:8086:88)
    at _ZoneDelegate.invoke (http://localhost:9878/_karma_webpack_/webpack:/node_modules/zone.js/fesm2015/zone.js:369:28)[39m
Chrome Headless 151.0.7922.34 (Mac OS 10.15.7): Executed 392 of 1642[32m SUCCESS[39m (0 secs / 1.373 secs)
ERROR: '[WorkCardStepsComponent Fullscreen functionality should use the first viable ancestor (simulated) when immediate parent is not scrollable]', 'ERROR', Error: Assertion error: signal read during notification phase
Error: Assertion error: signal read during notification phase
    at producerAccessed (http://localhost:9878/_karma_webpack_/webpack:/node_modules/@angular/core/fesm2022/signal.mjs:64:15)
    at signalGetFn (http://localhost:9878/_karma_webpack_/webpack:/node_modules/@angular/core/fesm2022/signal.mjs:541:5)
    at MatFormField._appearanceSignal (http://localhost:9878/_karma_webpack_/webpack:/node_modules/@angular/core/fesm2022/signal.mjs:524:27)
    at apply (http://localhost:9878/_karma_webpack_/webpack:/node_modules/@angular/material/fesm2022/form-field2.mjs:793:26)
    at Object.phaseFn (http://localhost:9878/_karma_webpack_/webpack:/node_modules/@angular/core/fesm2022/core.mjs:4200:36)
    at hookFn (http://localhost:9878/_karma_webpack_/webpack:/node_modules/@angular/core/fesm2022/core.mjs:4254:49)
    at fn (http://localhost:9878/_karma_webpack_/webpack:/node_modules/@angular/core/fesm2022/debug_node.mjs:8088:39)
    at AfterRenderImpl.maybeTrace (http://localhost:9878/_karma_webpack_/webpack:/node_modules/@angular/core/fesm2022/debug_node.mjs:8159:79)
    at apply (http://localhost:9878/_karma_webpack_/webpack:/node_modules/@angular/core/fesm2022/debug_node.mjs:8086:88)
    at _ZoneDelegate.invoke (http://localhost:9878/_karma_webpack_/webpack:/node_modules/zone.js/fesm2015/zone.js:369:28)
[1A[2KChrome Headless 151.0.7922.34 (Mac OS 10.15.7): Executed 393 of 1642[32m SUCCESS[39m (0 secs / 1.387 secs)
[1A[2KERROR: [36m'[WorkCardStepsComponent Fullscreen functionality should toggle fullscreen state]', 'ERROR', Error: Assertion error: signal read during notification phase
Error: Assertion error: signal read during notification phase
    at producerAccessed (http://localhost:9878/_karma_webpack_/webpack:/node_modules/@angular/core/fesm2022/signal.mjs:64:15)
    at signalGetFn (http://localhost:9878/_karma_webpack_/webpack:/node_modules/@angular/core/fesm2022/signal.mjs:541:5)
    at MatFormField._appearanceSignal (http://localhost:9878/_karma_webpack_/webpack:/node_modules/@angular/core/fesm2022/signal.mjs:524:27)
    at apply (http://localhost:9878/_karma_webpack_/webpack:/node_modules/@angular/material/fesm2022/form-field2.mjs:793:26)
    at Object.phaseFn (http://localhost:9878/_karma_webpack_/webpack:/node_modules/@angular/core/fesm2022/core.mjs:4200:36)
    at hookFn (http://localhost:9878/_karma_webpack_/webpack:/node_modules/@angular/core/fesm2022/core.mjs:4254:49)
    at fn (http://localhost:9878/_karma_webpack_/webpack:/node_modules/@angular/core/fesm2022/debug_node.mjs:8088:39)
    at AfterRenderImpl.maybeTrace (http://localhost:9878/_karma_webpack_/webpack:/node_modules/@angular/core/fesm2022/debug_node.mjs:8159:79)
    at apply (http://localhost:9878/_karma_webpack_/webpack:/node_modules/@angular/core/fesm2022/debug_node.mjs:8086:88)
    at _ZoneDelegate.invoke (http://localhost:9878/_karma_webpack_/webpack:/node_modules/zone.js/fesm2015/zone.js:369:28)[39m
Chrome Headless 151.0.7922.34 (Mac OS 10.15.7): Executed 393 of 1642[32m SUCCESS[39m (0 secs / 1.387 secs)
ERROR: '[WorkCardStepsComponent Fullscreen functionality should toggle fullscreen state]', 'ERROR', Error: Assertion error: signal read during notification phase
Error: Assertion error: signal read during notification phase
    at producerAccessed (http://localhost:9878/_karma_webpack_/webpack:/node_modules/@angular/core/fesm2022/signal.mjs:64:15)
    at signalGetFn (http://localhost:9878/_karma_webpack_/webpack:/node_modules/@angular/core/fesm2022/signal.mjs:541:5)
    at MatFormField._appearanceSignal (http://localhost:9878/_karma_webpack_/webpack:/node_modules/@angular/core/fesm2022/signal.mjs:524:27)
    at apply (http://localhost:9878/_karma_webpack_/webpack:/node_modules/@angular/material/fesm2022/form-field2.mjs:793:26)
    at Object.phaseFn (http://localhost:9878/_karma_webpack_/webpack:/node_modules/@angular/core/fesm2022/core.mjs:4200:36)
    at hookFn (http://localhost:9878/_karma_webpack_/webpack:/node_modules/@angular/core/fesm2022/core.mjs:4254:49)
    at fn (http://localhost:9878/_karma_webpack_/webpack:/node_modules/@angular/core/fesm2022/debug_node.mjs:8088:39)
    at AfterRenderImpl.maybeTrace (http://localhost:9878/_karma_webpack_/webpack:/node_modules/@angular/core/fesm2022/debug_node.mjs:8159:79)
    at apply (http://localhost:9878/_karma_webpack_/webpack:/node_modules/@angular/core/fesm2022/debug_node.mjs:8086:88)
    at _ZoneDelegate.invoke (http://localhost:9878/_karma_webpack_/webpack:/node_modules/zone.js/fesm2015/zone.js:369:28)
[1A[2KChrome Headless 151.0.7922.34 (Mac OS 10.15.7): Executed 394 of 1642[32m SUCCESS[39m (0 secs / 1.401 secs)
[1A[2KChrome Headless 151.0.7922.34 (Mac OS 10.15.7): Executed 395 of 1642[32m SUCCESS[39m (0 secs / 1.415 secs)
[1A[2KChrome Headless 151.0.7922.34 (Mac OS 10.15.7): Executed 396 of 1642[32m SUCCESS[39m (0 secs / 1.428 secs)
[1A[2KChrome Headless 151.0.7922.34 (Mac OS 10.15.7): Executed 397 of 1642[32m SUCCESS[39m (0 secs / 1.444 secs)
[1A[2KChrome Headless 151.0.7922.34 (Mac OS 10.15.7): Executed 398 of 1642[32m SUCCESS[39m (0 secs / 1.457 secs)
[1A[2KChrome Headless 151.0.7922.34 (Mac OS 10.15.7): Executed 399 of 1642[32m SUCCESS[39m (0 secs / 1.469 secs)
[1A[2KChrome Headless 151.0.7922.34 (Mac OS 10.15.7): Executed 400 of 1642[32m SUCCESS[39m (0 secs / 1.481 secs)
[1A[2KChrome Headless 151.0.7922.34 (Mac OS 10.15.7): Executed 401 of 1642[32m SUCCESS[39m (0 secs / 1.493 secs)
[1A[2KChrome Headless 151.0.7922.34 (Mac OS 10.15.7): Executed 402 of 1642[32m SUCCESS[39m (0 secs / 1.505 secs)
[1A[2KChrome Headless 151.0.7922.34 (Mac OS 10.15.7): Executed 403 of 1642[32m SUCCESS[39m (0 secs / 1.517 secs)
[1A[2KChrome Headless 151.0.7922.34 (Mac OS 10.15.7): Executed 404 of 1642[32m SUCCESS[39m (0 secs / 1.529 secs)
[1A[2KChrome Headless 151.0.7922.34 (Mac OS 10.15.7): Executed 405 of 1642[32m SUCCESS[39m (0 secs / 1.546 secs)
[1A[2KChrome Headless 151.0.7922.34 (Mac OS 10.15.7): Executed 406 of 1642[32m SUCCESS[39m (0 secs / 1.559 secs)
[1A[2KChrome Headless 151.0.7922.34 (Mac OS 10.15.7): Executed 407 of 1642[32m SUCCESS[39m (0 secs / 1.571 secs)
[1A[2KChrome Headless 151.0.7922.34 (Mac OS 10.15.7): Executed 408 of 1642[32m SUCCESS[39m (0 secs / 1.584 secs)
[1A[2KChrome Headless 151.0.7922.34 (Mac OS 10.15.7): Executed 409 of 1642[32m SUCCESS[39m (0 secs / 1.595 secs)
[1A[2KChrome Headless 151.0.7922.34 (Mac OS 10.15.7): Executed 410 of 1642[32m SUCCESS[39m (0 secs / 1.607 secs)
[1A[2KChrome Headless 151.0.7922.34 (Mac OS 10.15.7): Executed 411 of 1642[32m SUCCESS[39m (0 secs / 1.618 secs)
[1A[2KChrome Headless 151.0.7922.34 (Mac OS 10.15.7): Executed 412 of 1642[32m SUCCESS[39m (0 secs / 1.63 secs)
[1A[2KChrome Headless 151.0.7922.34 (Mac OS 10.15.7): Executed 413 of 1642[32m SUCCESS[39m (0 secs / 1.64 secs)
[1A[2KChrome Headless 151.0.7922.34 (Mac OS 10.15.7): Executed 414 of 1642[32m SUCCESS[39m (0 secs / 1.652 secs)
[1A[2KChrome Headless 151.0.7922.34 (Mac OS 10.15.7): Executed 415 of 1642[32m SUCCESS[39m (0 secs / 1.669 secs)
[1A[2KChrome Headless 151.0.7922.34 (Mac OS 10.15.7): Executed 416 of 1642[32m SUCCESS[39m (0 secs / 1.682 secs)
[1A[2KChrome Headless 151.0.7922.34 (Mac OS 10.15.7): Executed 417 of 1642[32m SUCCESS[39m (0 secs / 1.694 secs)
[1A[2KChrome Headless 151.0.7922.34 (Mac OS 10.15.7): Executed 418 of 1642[32m SUCCESS[39m (0 secs / 1.706 secs)
[1A[2KChrome Headless 151.0.7922.34 (Mac OS 10.15.7): Executed 419 of 1642[32m SUCCESS[39m (0 secs / 1.717 secs)
[1A[2KChrome Headless 151.0.7922.34 (Mac OS 10.15.7): Executed 420 of 1642[32m SUCCESS[39m (0 secs / 1.728 secs)
[1A[2KChrome Headless 151.0.7922.34 (Mac OS 10.15.7): Executed 421 of 1642[32m SUCCESS[39m (0 secs / 1.741 secs)
[1A[2KChrome Headless 151.0.7922.34 (Mac OS 10.15.7): Executed 422 of 1642[32m SUCCESS[39m (0 secs / 1.753 secs)
[1A[2KChrome Headless 151.0.7922.34 (Mac OS 10.15.7): Executed 423 of 1642[32m SUCCESS[39m (0 secs / 1.765 secs)
[1A[2KChrome Headless 151.0.7922.34 (Mac OS 10.15.7): Executed 424 of 1642[32m SUCCESS[39m (0 secs / 1.781 secs)
[1A[2KChrome Headless 151.0.7922.34 (Mac OS 10.15.7): Executed 425 of 1642[32m SUCCESS[39m (0 secs / 1.793 secs)
[1A[2KChrome Headless 151.0.7922.34 (Mac OS 10.15.7): Executed 426 of 1642[32m SUCCESS[39m (0 secs / 1.805 secs)
[1A[2KChrome Headless 151.0.7922.34 (Mac OS 10.15.7): Executed 427 of 1642[32m SUCCESS[39m (0 secs / 1.817 secs)
[1A[2KChrome Headless 151.0.7922.34 (Mac OS 10.15.7): Executed 428 of 1642[32m SUCCESS[39m (0 secs / 1.829 secs)
[1A[2KChrome Headless 151.0.7922.34 (Mac OS 10.15.7): Executed 429 of 1642[32m SUCCESS[39m (0 secs / 1.84 secs)
[1A[2KChrome Headless 151.0.7922.34 (Mac OS 10.15.7): Executed 430 of 1642[32m SUCCESS[39m (0 secs / 1.852 secs)
[1A[2KChrome Headless 151.0.7922.34 (Mac OS 10.15.7): Executed 431 of 1642[32m SUCCESS[39m (0 secs / 1.862 secs)
[1A[2KChrome Headless 151.0.7922.34 (Mac OS 10.15.7): Executed 432 of 1642[32m SUCCESS[39m (0 secs / 1.871 secs)
[1A[2KChrome Headless 151.0.7922.34 (Mac OS 10.15.7): Executed 433 of 1642[32m SUCCESS[39m (0 secs / 1.886 secs)
[1A[2KChrome Headless 151.0.7922.34 (Mac OS 10.15.7): Executed 434 of 1642[32m SUCCESS[39m (0 secs / 1.897 secs)
[1A[2KChrome Headless 151.0.7922.34 (Mac OS 10.15.7): Executed 435 of 1642[32m SUCCESS[39m (0 secs / 1.909 secs)
[1A[2KChrome Headless 151.0.7922.34 (Mac OS 10.15.7): Executed 436 of 1642[32m SUCCESS[39m (0 secs / 1.92 secs)
[1A[2KChrome Headless 151.0.7922.34 (Mac OS 10.15.7): Executed 437 of 1642[32m SUCCESS[39m (0 secs / 1.931 secs)
[1A[2KChrome Headless 151.0.7922.34 (Mac OS 10.15.7): Executed 438 of 1642[32m SUCCESS[39m (0 secs / 1.943 secs)
[1A[2KChrome Headless 151.0.7922.34 (Mac OS 10.15.7): Executed 439 of 1642[32m SUCCESS[39m (0 secs / 1.955 secs)
[1A[2KChrome Headless 151.0.7922.34 (Mac OS 10.15.7): Executed 440 of 1642[32m SUCCESS[39m (0 secs / 1.966 secs)
[1A[2KChrome Headless 151.0.7922.34 (Mac OS 10.15.7): Executed 441 of 1642[32m SUCCESS[39m (0 secs / 1.979 secs)
[1A[2KChrome Headless 151.0.7922.34 (Mac OS 10.15.7): Executed 442 of 1642[32m SUCCESS[39m (0 secs / 1.99 secs)
[1A[2KChrome Headless 151.0.7922.34 (Mac OS 10.15.7): Executed 443 of 1642[32m SUCCESS[39m (0 secs / 2.005 secs)
[1A[2KChrome Headless 151.0.7922.34 (Mac OS 10.15.7): Executed 444 of 1642[32m SUCCESS[39m (0 secs / 2.016 secs)
[1A[2KChrome Headless 151.0.7922.34 (Mac OS 10.15.7): Executed 445 of 1642[32m SUCCESS[39m (0 secs / 2.027 secs)
[1A[2KChrome Headless 151.0.7922.34 (Mac OS 10.15.7): Executed 446 of 1642[32m SUCCESS[39m (0 secs / 2.039 secs)
[1A[2KChrome Headless 151.0.7922.34 (Mac OS 10.15.7): Executed 447 of 1642[32m SUCCESS[39m (0 secs / 2.051 secs)
[1A[2KChrome Headless 151.0.7922.34 (Mac OS 10.15.7): Executed 448 of 1642[32m SUCCESS[39m (0 secs / 2.063 secs)
[1A[2KChrome Headless 151.0.7922.34 (Mac OS 10.15.7): Executed 449 of 1642[32m SUCCESS[39m (0 secs / 2.07 secs)
[1A[2KChrome Headless 151.0.7922.34 (Mac OS 10.15.7): Executed 450 of 1642[32m SUCCESS[39m (0 secs / 2.077 secs)
[1A[2KChrome Headless 151.0.7922.34 (Mac OS 10.15.7): Executed 451 of 1642[32m SUCCESS[39m (0 secs / 2.084 secs)
[1A[2KChrome Headless 151.0.7922.34 (Mac OS 10.15.7): Executed 452 of 1642[32m SUCCESS[39m (0 secs / 2.091 secs)
[1A[2KChrome Headless 151.0.7922.34 (Mac OS 10.15.7): Executed 453 of 1642[32m SUCCESS[39m (0 secs / 2.097 secs)
[1A[2KChrome Headless 151.0.7922.34 (Mac OS 10.15.7): Executed 454 of 1642[32m SUCCESS[39m (0 secs / 2.103 secs)
[1A[2KChrome Headless 151.0.7922.34 (Mac OS 10.15.7): Executed 455 of 1642[32m SUCCESS[39m (0 secs / 2.103 secs)
[1A[2KChrome Headless 151.0.7922.34 (Mac OS 10.15.7): Executed 456 of 1642[32m SUCCESS[39m (0 secs / 2.103 secs)
[1A[2KChrome Headless 151.0.7922.34 (Mac OS 10.15.7): Executed 457 of 1642[32m SUCCESS[39m (0 secs / 2.103 secs)
[1A[2KChrome Headless 151.0.7922.34 (Mac OS 10.15.7): Executed 458 of 1642[32m SUCCESS[39m (0 secs / 2.103 secs)
[1A[2KChrome Headless 151.0.7922.34 (Mac OS 10.15.7): Executed 459 of 1642[32m SUCCESS[39m (0 secs / 2.103 secs)
[1A[2KChrome Headless 151.0.7922.34 (Mac OS 10.15.7): Executed 460 of 1642[32m SUCCESS[39m (0 secs / 2.122 secs)
[1A[2KChrome Headless 151.0.7922.34 (Mac OS 10.15.7): Executed 461 of 1642[32m SUCCESS[39m (0 secs / 2.125 secs)
[1A[2KChrome Headless 151.0.7922.34 (Mac OS 10.15.7): Executed 462 of 1642[32m SUCCESS[39m (0 secs / 2.129 secs)
[1A[2KChrome Headless 151.0.7922.34 (Mac OS 10.15.7): Executed 463 of 1642[32m SUCCESS[39m (0 secs / 2.132 secs)
[1A[2KChrome Headless 151.0.7922.34 (Mac OS 10.15.7): Executed 464 of 1642[32m SUCCESS[39m (0 secs / 2.135 secs)
[1A[2KChrome Headless 151.0.7922.34 (Mac OS 10.15.7): Executed 465 of 1642[32m SUCCESS[39m (0 secs / 2.138 secs)
[1A[2KChrome Headless 151.0.7922.34 (Mac OS 10.15.7): Executed 466 of 1642[32m SUCCESS[39m (0 secs / 2.141 secs)
[1A[2KChrome Headless 151.0.7922.34 (Mac OS 10.15.7): Executed 467 of 1642[32m SUCCESS[39m (0 secs / 2.145 secs)
[1A[2KChrome Headless 151.0.7922.34 (Mac OS 10.15.7): Executed 468 of 1642[32m SUCCESS[39m (0 secs / 2.148 secs)
[1A[2KChrome Headless 151.0.7922.34 (Mac OS 10.15.7): Executed 469 of 1642[32m SUCCESS[39m (0 secs / 2.151 secs)
[1A[2KChrome Headless 151.0.7922.34 (Mac OS 10.15.7): Executed 470 of 1642[32m SUCCESS[39m (0 secs / 2.154 secs)
[1A[2KChrome Headless 151.0.7922.34 (Mac OS 10.15.7): Executed 471 of 1642[32m SUCCESS[39m (0 secs / 2.157 secs)
[1A[2KChrome Headless 151.0.7922.34 (Mac OS 10.15.7): Executed 472 of 1642[32m SUCCESS[39m (0 secs / 2.16 secs)
[1A[2KChrome Headless 151.0.7922.34 (Mac OS 10.15.7): Executed 473 of 1642[32m SUCCESS[39m (0 secs / 2.163 secs)
[1A[2KChrome Headless 151.0.7922.34 (Mac OS 10.15.7): Executed 474 of 1642[32m SUCCESS[39m (0 secs / 2.166 secs)
[1A[2KChrome Headless 151.0.7922.34 (Mac OS 10.15.7): Executed 475 of 1642[32m SUCCESS[39m (0 secs / 2.172 secs)
[1A[2KChrome Headless 151.0.7922.34 (Mac OS 10.15.7): Executed 476 of 1642[32m SUCCESS[39m (0 secs / 2.176 secs)
[1A[2KChrome Headless 151.0.7922.34 (Mac OS 10.15.7): Executed 477 of 1642[32m SUCCESS[39m (0 secs / 2.179 secs)
[1A[2KChrome Headless 151.0.7922.34 (Mac OS 10.15.7): Executed 478 of 1642[32m SUCCESS[39m (0 secs / 2.182 secs)
[1A[2KChrome Headless 151.0.7922.34 (Mac OS 10.15.7): Executed 479 of 1642[32m SUCCESS[39m (0 secs / 2.186 secs)
[1A[2KChrome Headless 151.0.7922.34 (Mac OS 10.15.7): Executed 480 of 1642[32m SUCCESS[39m (0 secs / 2.19 secs)
[1A[2KChrome Headless 151.0.7922.34 (Mac OS 10.15.7): Executed 481 of 1642[32m SUCCESS[39m (0 secs / 2.193 secs)
[1A[2KChrome Headless 151.0.7922.34 (Mac OS 10.15.7): Executed 482 of 1642[32m SUCCESS[39m (0 secs / 2.195 secs)
[1A[2KChrome Headless 151.0.7922.34 (Mac OS 10.15.7): Executed 483 of 1642[32m SUCCESS[39m (0 secs / 2.199 secs)
[1A[2KChrome Headless 151.0.7922.34 (Mac OS 10.15.7): Executed 484 of 1642[32m SUCCESS[39m (0 secs / 2.203 secs)
[1A[2KChrome Headless 151.0.7922.34 (Mac OS 10.15.7): Executed 485 of 1642[32m SUCCESS[39m (0 secs / 2.206 secs)
[1A[2KChrome Headless 151.0.7922.34 (Mac OS 10.15.7): Executed 486 of 1642[32m SUCCESS[39m (0 secs / 2.21 secs)
[1A[2KChrome Headless 151.0.7922.34 (Mac OS 10.15.7): Executed 487 of 1642[32m SUCCESS[39m (0 secs / 2.214 secs)
[1A[2KChrome Headless 151.0.7922.34 (Mac OS 10.15.7): Executed 488 of 1642[32m SUCCESS[39m (0 secs / 2.216 secs)
[1A[2KChrome Headless 151.0.7922.34 (Mac OS 10.15.7): Executed 489 of 1642[32m SUCCESS[39m (0 secs / 2.219 secs)
[1A[2KChrome Headless 151.0.7922.34 (Mac OS 10.15.7): Executed 490 of 1642[32m SUCCESS[39m (0 secs / 2.221 secs)
[1A[2KChrome Headless 151.0.7922.34 (Mac OS 10.15.7): Executed 491 of 1642[32m SUCCESS[39m (0 secs / 2.224 secs)
[1A[2KChrome Headless 151.0.7922.34 (Mac OS 10.15.7): Executed 492 of 1642[32m SUCCESS[39m (0 secs / 2.228 secs)
[1A[2KChrome Headless 151.0.7922.34 (Mac OS 10.15.7): Executed 493 of 1642[32m SUCCESS[39m (0 secs / 2.231 secs)
[1A[2KChrome Headless 151.0.7922.34 (Mac OS 10.15.7): Executed 494 of 1642[32m SUCCESS[39m (0 secs / 2.234 secs)
[1A[2KChrome Headless 151.0.7922.34 (Mac OS 10.15.7): Executed 495 of 1642[32m SUCCESS[39m (0 secs / 2.237 secs)
[1A[2KChrome Headless 151.0.7922.34 (Mac OS 10.15.7): Executed 496 of 1642[32m SUCCESS[39m (0 secs / 2.239 secs)
[1A[2KChrome Headless 151.0.7922.34 (Mac OS 10.15.7): Executed 497 of 1642[32m SUCCESS[39m (0 secs / 2.243 secs)
[1A[2KChrome Headless 151.0.7922.34 (Mac OS 10.15.7): Executed 498 of 1642[32m SUCCESS[39m (0 secs / 2.248 secs)
[1A[2KChrome Headless 151.0.7922.34 (Mac OS 10.15.7): Executed 499 of 1642[32m SUCCESS[39m (0 secs / 2.251 secs)
[1A[2KChrome Headless 151.0.7922.34 (Mac OS 10.15.7): Executed 500 of 1642[32m SUCCESS[39m (0 secs / 2.254 secs)
[1A[2KChrome Headless 151.0.7922.34 (Mac OS 10.15.7): Executed 501 of 1642[32m SUCCESS[39m (0 secs / 2.257 secs)
[1A[2KChrome Headless 151.0.7922.34 (Mac OS 10.15.7): Executed 502 of 1642[32m SUCCESS[39m (0 secs / 2.259 secs)
[1A[2KChrome Headless 151.0.7922.34 (Mac OS 10.15.7): Executed 503 of 1642[32m SUCCESS[39m (0 secs / 2.263 secs)
[1A[2KChrome Headless 151.0.7922.34 (Mac OS 10.15.7): Executed 504 of 1642[32m SUCCESS[39m (0 secs / 2.266 secs)
[1A[2KChrome Headless 151.0.7922.34 (Mac OS 10.15.7): Executed 505 of 1642[32m SUCCESS[39m (0 secs / 2.27 secs)
[1A[2KChrome Headless 151.0.7922.34 (Mac OS 10.15.7): Executed 506 of 1642[32m SUCCESS[39m (0 secs / 2.274 secs)
[1A[2KChrome Headless 151.0.7922.34 (Mac OS 10.15.7): Executed 507 of 1642[32m SUCCESS[39m (0 secs / 2.277 secs)
[1A[2KChrome Headless 151.0.7922.34 (Mac OS 10.15.7): Executed 508 of 1642[32m SUCCESS[39m (0 secs / 2.281 secs)
[1A[2KChrome Headless 151.0.7922.34 (Mac OS 10.15.7): Executed 509 of 1642[32m SUCCESS[39m (0 secs / 2.285 secs)
[1A[2KChrome Headless 151.0.7922.34 (Mac OS 10.15.7): Executed 510 of 1642[32m SUCCESS[39m (0 secs / 2.288 secs)
[1A[2KChrome Headless 151.0.7922.34 (Mac OS 10.15.7): Executed 511 of 1642[32m SUCCESS[39m (0 secs / 2.29 secs)
[1A[2KChrome Headless 151.0.7922.34 (Mac OS 10.15.7): Executed 512 of 1642[32m SUCCESS[39m (0 secs / 2.293 secs)
[1A[2KChrome Headless 151.0.7922.34 (Mac OS 10.15.7): Executed 513 of 1642[32m SUCCESS[39m (0 secs / 2.296 secs)
[1A[2KChrome Headless 151.0.7922.34 (Mac OS 10.15.7): Executed 514 of 1642[32m SUCCESS[39m (0 secs / 2.298 secs)
[1A[2KChrome Headless 151.0.7922.34 (Mac OS 10.15.7): Executed 515 of 1642[32m SUCCESS[39m (0 secs / 2.301 secs)
[1A[2KChrome Headless 151.0.7922.34 (Mac OS 10.15.7): Executed 516 of 1642[32m SUCCESS[39m (0 secs / 2.305 secs)
[1A[2KChrome Headless 151.0.7922.34 (Mac OS 10.15.7): Executed 517 of 1642[32m SUCCESS[39m (0 secs / 2.308 secs)
[1A[2KChrome Headless 151.0.7922.34 (Mac OS 10.15.7): Executed 518 of 1642[32m SUCCESS[39m (0 secs / 2.311 secs)
[1A[2KChrome Headless 151.0.7922.34 (Mac OS 10.15.7): Executed 519 of 1642[32m SUCCESS[39m (0 secs / 2.317 secs)
[1A[2KChrome Headless 151.0.7922.34 (Mac OS 10.15.7): Executed 520 of 1642[32m SUCCESS[39m (0 secs / 2.32 secs)
[1A[2KChrome Headless 151.0.7922.34 (Mac OS 10.15.7): Executed 521 of 1642[32m SUCCESS[39m (0 secs / 2.323 secs)
[1A[2KChrome Headless 151.0.7922.34 (Mac OS 10.15.7): Executed 522 of 1642[32m SUCCESS[39m (0 secs / 2.326 secs)
[1A[2KChrome Headless 151.0.7922.34 (Mac OS 10.15.7): Executed 523 of 1642[32m SUCCESS[39m (0 secs / 2.329 secs)
[1A[2KChrome Headless 151.0.7922.34 (Mac OS 10.15.7): Executed 524 of 1642[32m SUCCESS[39m (0 secs / 2.333 secs)
[1A[2KChrome Headless 151.0.7922.34 (Mac OS 10.15.7): Executed 525 of 1642[32m SUCCESS[39m (0 secs / 2.337 secs)
[1A[2KChrome Headless 151.0.7922.34 (Mac OS 10.15.7): Executed 526 of 1642[32m SUCCESS[39m (0 secs / 2.34 secs)
[1A[2KChrome Headless 151.0.7922.34 (Mac OS 10.15.7): Executed 527 of 1642[32m SUCCESS[39m (0 secs / 2.343 secs)
[1A[2KChrome Headless 151.0.7922.34 (Mac OS 10.15.7): Executed 528 of 1642[32m SUCCESS[39m (0 secs / 2.347 secs)
[1A[2KChrome Headless 151.0.7922.34 (Mac OS 10.15.7): Executed 529 of 1642[32m SUCCESS[39m (0 secs / 2.351 secs)
[1A[2KChrome Headless 151.0.7922.34 (Mac OS 10.15.7): Executed 530 of 1642[32m SUCCESS[39m (0 secs / 2.354 secs)
[1A[2KChrome Headless 151.0.7922.34 (Mac OS 10.15.7): Executed 531 of 1642[32m SUCCESS[39m (0 secs / 2.357 secs)
[1A[2KChrome Headless 151.0.7922.34 (Mac OS 10.15.7): Executed 532 of 1642[32m SUCCESS[39m (0 secs / 2.361 secs)
[1A[2KChrome Headless 151.0.7922.34 (Mac OS 10.15.7): Executed 533 of 1642[32m SUCCESS[39m (0 secs / 2.364 secs)
[1A[2KChrome Headless 151.0.7922.34 (Mac OS 10.15.7): Executed 534 of 1642[32m SUCCESS[39m (0 secs / 2.364 secs)
[1A[2KChrome Headless 151.0.7922.34 (Mac OS 10.15.7): Executed 535 of 1642[32m SUCCESS[39m (0 secs / 2.364 secs)
[1A[2KChrome Headless 151.0.7922.34 (Mac OS 10.15.7): Executed 536 of 1642[32m SUCCESS[39m (0 secs / 2.364 secs)
[1A[2KChrome Headless 151.0.7922.34 (Mac OS 10.15.7): Executed 537 of 1642[32m SUCCESS[39m (0 secs / 2.366 secs)
[1A[2KChrome Headless 151.0.7922.34 (Mac OS 10.15.7): Executed 538 of 1642[32m SUCCESS[39m (0 secs / 2.367 secs)
[1A[2KChrome Headless 151.0.7922.34 (Mac OS 10.15.7): Executed 539 of 1642[32m SUCCESS[39m (0 secs / 2.367 secs)
[1A[2KChrome Headless 151.0.7922.34 (Mac OS 10.15.7): Executed 540 of 1642[32m SUCCESS[39m (0 secs / 2.367 secs)
[1A[2KChrome Headless 151.0.7922.34 (Mac OS 10.15.7): Executed 541 of 1642[32m SUCCESS[39m (0 secs / 2.367 secs)
[1A[2KChrome Headless 151.0.7922.34 (Mac OS 10.15.7): Executed 542 of 1642[32m SUCCESS[39m (0 secs / 2.371 secs)
[1A[2KChrome Headless 151.0.7922.34 (Mac OS 10.15.7): Executed 543 of 1642[32m SUCCESS[39m (0 secs / 2.372 secs)
[1A[2KChrome Headless 151.0.7922.34 (Mac OS 10.15.7): Executed 544 of 1642[32m SUCCESS[39m (0 secs / 2.372 secs)
[1A[2KERROR: [36m'[RichTextRuntimeFieldComponent falls back to -1 when a signature host cannot resolve a source id from host context]', 'NG0303: Can't bind to 'ruleSourceId' since it isn't a known property of 'single-signature' (used in the 'EmbeddedRichTextFieldHostComponent' component template).
1. If 'single-signature' is an Angular component and it has the 'ruleSourceId' input, then verify that it is included in the '@Component.imports' of this component.
2. If 'single-signature' is a Web Component then add 'CUSTOM_ELEMENTS_SCHEMA' to the '@Component.schemas' of this component to suppress this message.
3. To allow any property add 'NO_ERRORS_SCHEMA' to the '@Component.schemas' of this component.'[39m
Chrome Headless 151.0.7922.34 (Mac OS 10.15.7): Executed 544 of 1642[32m SUCCESS[39m (0 secs / 2.372 secs)
ERROR: '[RichTextRuntimeFieldComponent falls back to -1 when a signature host cannot resolve a source id from host context]', 'NG0303: Can't bind to 'ruleSourceId' since it isn't a known property of 'single-signature' (used in the 'EmbeddedRichTextFieldHostComponent' component template).
1. If 'single-signature' is an Angular component and it has the 'ruleSourceId' input, then verify that it is included in the '@Component.imports' of this component.
2. If 'single-signature' is a Web Component then add 'CUSTOM_ELEMENTS_SCHEMA' to the '@Component.schemas' of this component to suppress this message.
3. To allow any property add 'NO_ERRORS_SCHEMA' to the '@Component.schemas' of this component.'
[1A[2KERROR: [36m'[RichTextRuntimeFieldComponent falls back to -1 when a signature host cannot resolve a source id from host context]', 'NG0303: Can't bind to 'compact' since it isn't a known property of 'single-signature' (used in the 'EmbeddedRichTextFieldHostComponent' component template).
1. If 'single-signature' is an Angular component and it has the 'compact' input, then verify that it is included in the '@Component.imports' of this component.
2. If 'single-signature' is a Web Component then add 'CUSTOM_ELEMENTS_SCHEMA' to the '@Component.schemas' of this component to suppress this message.
3. To allow any property add 'NO_ERRORS_SCHEMA' to the '@Component.schemas' of this component.'[39m
Chrome Headless 151.0.7922.34 (Mac OS 10.15.7): Executed 544 of 1642[32m SUCCESS[39m (0 secs / 2.372 secs)
ERROR: '[RichTextRuntimeFieldComponent falls back to -1 when a signature host cannot resolve a source id from host context]', 'NG0303: Can't bind to 'compact' since it isn't a known property of 'single-signature' (used in the 'EmbeddedRichTextFieldHostComponent' component template).
1. If 'single-signature' is an Angular component and it has the 'compact' input, then verify that it is included in the '@Component.imports' of this component.
2. If 'single-signature' is a Web Component then add 'CUSTOM_ELEMENTS_SCHEMA' to the '@Component.schemas' of this component to suppress this message.
3. To allow any property add 'NO_ERRORS_SCHEMA' to the '@Component.schemas' of this component.'
[1A[2KChrome Headless 151.0.7922.34 (Mac OS 10.15.7): Executed 545 of 1642[32m SUCCESS[39m (0 secs / 2.378 secs)
[1A[2KChrome Headless 151.0.7922.34 (Mac OS 10.15.7): Executed 546 of 1642[32m SUCCESS[39m (0 secs / 2.383 secs)
[1A[2KChrome Headless 151.0.7922.34 (Mac OS 10.15.7): Executed 547 of 1642[32m SUCCESS[39m (0 secs / 2.389 secs)
[1A[2KChrome Headless 151.0.7922.34 (Mac OS 10.15.7): Executed 548 of 1642[32m SUCCESS[39m (0 secs / 2.397 secs)
[1A[2KERROR: [36m'[RichTextRuntimeFieldComponent resolves a primitive signature source id from host context for mounted signature hosts]', 'NG0303: Can't bind to 'ruleSourceId' since it isn't a known property of 'single-signature' (used in the 'EmbeddedRichTextFieldHostComponent' component template).
1. If 'single-signature' is an Angular component and it has the 'ruleSourceId' input, then verify that it is included in the '@Component.imports' of this component.
2. If 'single-signature' is a Web Component then add 'CUSTOM_ELEMENTS_SCHEMA' to the '@Component.schemas' of this component to suppress this message.
3. To allow any property add 'NO_ERRORS_SCHEMA' to the '@Component.schemas' of this component.'[39m
Chrome Headless 151.0.7922.34 (Mac OS 10.15.7): Executed 548 of 1642[32m SUCCESS[39m (0 secs / 2.397 secs)
ERROR: '[RichTextRuntimeFieldComponent resolves a primitive signature source id from host context for mounted signature hosts]', 'NG0303: Can't bind to 'ruleSourceId' since it isn't a known property of 'single-signature' (used in the 'EmbeddedRichTextFieldHostComponent' component template).
1. If 'single-signature' is an Angular component and it has the 'ruleSourceId' input, then verify that it is included in the '@Component.imports' of this component.
2. If 'single-signature' is a Web Component then add 'CUSTOM_ELEMENTS_SCHEMA' to the '@Component.schemas' of this component to suppress this message.
3. To allow any property add 'NO_ERRORS_SCHEMA' to the '@Component.schemas' of this component.'
[1A[2KERROR: [36m'[RichTextRuntimeFieldComponent resolves a primitive signature source id from host context for mounted signature hosts]', 'NG0303: Can't bind to 'compact' since it isn't a known property of 'single-signature' (used in the 'EmbeddedRichTextFieldHostComponent' component template).
1. If 'single-signature' is an Angular component and it has the 'compact' input, then verify that it is included in the '@Component.imports' of this component.
2. If 'single-signature' is a Web Component then add 'CUSTOM_ELEMENTS_SCHEMA' to the '@Component.schemas' of this component to suppress this message.
3. To allow any property add 'NO_ERRORS_SCHEMA' to the '@Component.schemas' of this component.'[39m
Chrome Headless 151.0.7922.34 (Mac OS 10.15.7): Executed 548 of 1642[32m SUCCESS[39m (0 secs / 2.397 secs)
ERROR: '[RichTextRuntimeFieldComponent resolves a primitive signature source id from host context for mounted signature hosts]', 'NG0303: Can't bind to 'compact' since it isn't a known property of 'single-signature' (used in the 'EmbeddedRichTextFieldHostComponent' component template).
1. If 'single-signature' is an Angular component and it has the 'compact' input, then verify that it is included in the '@Component.imports' of this component.
2. If 'single-signature' is a Web Component then add 'CUSTOM_ELEMENTS_SCHEMA' to the '@Component.schemas' of this component to suppress this message.
3. To allow any property add 'NO_ERRORS_SCHEMA' to the '@Component.schemas' of this component.'
[1A[2KChrome Headless 151.0.7922.34 (Mac OS 10.15.7): Executed 549 of 1642[32m SUCCESS[39m (0 secs / 2.402 secs)
[1A[2KChrome Headless 151.0.7922.34 (Mac OS 10.15.7): Executed 550 of 1642[32m SUCCESS[39m (0 secs / 2.407 secs)
[1A[2KChrome Headless 151.0.7922.34 (Mac OS 10.15.7): Executed 551 of 1642[32m SUCCESS[39m (0 secs / 2.413 secs)
[1A[2KChrome Headless 151.0.7922.34 (Mac OS 10.15.7): Executed 552 of 1642[32m SUCCESS[39m (0 secs / 2.419 secs)
[1A[2KChrome Headless 151.0.7922.34 (Mac OS 10.15.7): Executed 553 of 1642[32m SUCCESS[39m (0 secs / 2.419 secs)
[1A[2KChrome Headless 151.0.7922.34 (Mac OS 10.15.7): Executed 554 of 1642[32m SUCCESS[39m (0 secs / 2.419 secs)
[1A[2KChrome Headless 151.0.7922.34 (Mac OS 10.15.7): Executed 555 of 1642[32m SUCCESS[39m (0 secs / 2.419 secs)
[1A[2KChrome Headless 151.0.7922.34 (Mac OS 10.15.7): Executed 556 of 1642[32m SUCCESS[39m (0 secs / 2.419 secs)
[1A[2KChrome Headless 151.0.7922.34 (Mac OS 10.15.7): Executed 557 of 1642[32m SUCCESS[39m (0 secs / 2.419 secs)
[1A[2KChrome Headless 151.0.7922.34 (Mac OS 10.15.7): Executed 558 of 1642[32m SUCCESS[39m (0 secs / 2.419 secs)
[1A[2KChrome Headless 151.0.7922.34 (Mac OS 10.15.7): Executed 559 of 1642[32m SUCCESS[39m (0 secs / 2.419 secs)
[1A[2KChrome Headless 151.0.7922.34 (Mac OS 10.15.7): Executed 560 of 1642[32m SUCCESS[39m (0 secs / 2.419 secs)
[1A[2KChrome Headless 151.0.7922.34 (Mac OS 10.15.7): Executed 561 of 1642[32m SUCCESS[39m (0 secs / 2.423 secs)
[1A[2KChrome Headless 151.0.7922.34 (Mac OS 10.15.7): Executed 562 of 1642[32m SUCCESS[39m (0 secs / 2.426 secs)
[1A[2KChrome Headless 151.0.7922.34 (Mac OS 10.15.7): Executed 563 of 1642[32m SUCCESS[39m (0 secs / 2.428 secs)
[1A[2KChrome Headless 151.0.7922.34 (Mac OS 10.15.7): Executed 564 of 1642[32m SUCCESS[39m (0 secs / 2.43 secs)
[1A[2KChrome Headless 151.0.7922.34 (Mac OS 10.15.7): Executed 565 of 1642[32m SUCCESS[39m (0 secs / 2.433 secs)
[1A[2KChrome Headless 151.0.7922.34 (Mac OS 10.15.7): Executed 566 of 1642[32m SUCCESS[39m (0 secs / 2.436 secs)
[1A[2KChrome Headless 151.0.7922.34 (Mac OS 10.15.7): Executed 567 of 1642[32m SUCCESS[39m (0 secs / 2.438 secs)
[1A[2KChrome Headless 151.0.7922.34 (Mac OS 10.15.7): Executed 568 of 1642[32m SUCCESS[39m (0 secs / 2.44 secs)
[1A[2KChrome Headless 151.0.7922.34 (Mac OS 10.15.7): Executed 569 of 1642[32m SUCCESS[39m (0 secs / 2.442 secs)
[1A[2KChrome Headless 151.0.7922.34 (Mac OS 10.15.7): Executed 570 of 1642[32m SUCCESS[39m (0 secs / 2.444 secs)
[1A[2KChrome Headless 151.0.7922.34 (Mac OS 10.15.7): Executed 571 of 1642[32m SUCCESS[39m (0 secs / 2.445 secs)
[1A[2KChrome Headless 151.0.7922.34 (Mac OS 10.15.7): Executed 572 of 1642[32m SUCCESS[39m (0 secs / 2.447 secs)
[1A[2KChrome Headless 151.0.7922.34 (Mac OS 10.15.7): Executed 573 of 1642[32m SUCCESS[39m (0 secs / 2.449 secs)
[1A[2KChrome Headless 151.0.7922.34 (Mac OS 10.15.7): Executed 574 of 1642[32m SUCCESS[39m (0 secs / 2.451 secs)
[1A[2KChrome Headless 151.0.7922.34 (Mac OS 10.15.7): Executed 575 of 1642[32m SUCCESS[39m (0 secs / 2.454 secs)
[1A[2KChrome Headless 151.0.7922.34 (Mac OS 10.15.7): Executed 576 of 1642[32m SUCCESS[39m (0 secs / 2.456 secs)
[1A[2KChrome Headless 151.0.7922.34 (Mac OS 10.15.7): Executed 577 of 1642[32m SUCCESS[39m (0 secs / 2.459 secs)
[1A[2KChrome Headless 151.0.7922.34 (Mac OS 10.15.7): Executed 578 of 1642[32m SUCCESS[39m (0 secs / 2.462 secs)
[1A[2KChrome Headless 151.0.7922.34 (Mac OS 10.15.7): Executed 579 of 1642[32m SUCCESS[39m (0 secs / 2.464 secs)
[1A[2KChrome Headless 151.0.7922.34 (Mac OS 10.15.7): Executed 580 of 1642[32m SUCCESS[39m (0 secs / 2.465 secs)
[1A[2KChrome Headless 151.0.7922.34 (Mac OS 10.15.7): Executed 581 of 1642[32m SUCCESS[39m (0 secs / 2.47 secs)
[1A[2KChrome Headless 151.0.7922.34 (Mac OS 10.15.7): Executed 582 of 1642[32m SUCCESS[39m (0 secs / 2.47 secs)
[1A[2KChrome Headless 151.0.7922.34 (Mac OS 10.15.7): Executed 583 of 1642[32m SUCCESS[39m (0 secs / 2.47 secs)
[1A[2KChrome Headless 151.0.7922.34 (Mac OS 10.15.7): Executed 584 of 1642[32m SUCCESS[39m (0 secs / 2.47 secs)
[1A[2KChrome Headless 151.0.7922.34 (Mac OS 10.15.7): Executed 585 of 1642[32m SUCCESS[39m (0 secs / 2.47 secs)
[1A[2KChrome Headless 151.0.7922.34 (Mac OS 10.15.7): Executed 586 of 1642[32m SUCCESS[39m (0 secs / 2.471 secs)
[1A[2KChrome Headless 151.0.7922.34 (Mac OS 10.15.7): Executed 587 of 1642[32m SUCCESS[39m (0 secs / 2.478 secs)
[1A[2KChrome Headless 151.0.7922.34 (Mac OS 10.15.7): Executed 588 of 1642[32m SUCCESS[39m (0 secs / 2.483 secs)
[1A[2KChrome Headless 151.0.7922.34 (Mac OS 10.15.7): Executed 589 of 1642[32m SUCCESS[39m (0 secs / 2.488 secs)
[1A[2KChrome Headless 151.0.7922.34 (Mac OS 10.15.7): Executed 590 of 1642[32m SUCCESS[39m (0 secs / 2.493 secs)
[1A[2KChrome Headless 151.0.7922.34 (Mac OS 10.15.7): Executed 591 of 1642[32m SUCCESS[39m (0 secs / 2.498 secs)
[1A[2KChrome Headless 151.0.7922.34 (Mac OS 10.15.7): Executed 592 of 1642[32m SUCCESS[39m (0 secs / 2.502 secs)
[1A[2KChrome Headless 151.0.7922.34 (Mac OS 10.15.7): Executed 593 of 1642[32m SUCCESS[39m (0 secs / 2.506 secs)
[1A[2KChrome Headless 151.0.7922.34 (Mac OS 10.15.7): Executed 594 of 1642[32m SUCCESS[39m (0 secs / 2.511 secs)
[1A[2KChrome Headless 151.0.7922.34 (Mac OS 10.15.7): Executed 595 of 1642[32m SUCCESS[39m (0 secs / 2.514 secs)
[1A[2KChrome Headless 151.0.7922.34 (Mac OS 10.15.7): Executed 596 of 1642[32m SUCCESS[39m (0 secs / 2.519 secs)
[1A[2KChrome Headless 151.0.7922.34 (Mac OS 10.15.7): Executed 597 of 1642[32m SUCCESS[39m (0 secs / 2.522 secs)
[1A[2KChrome Headless 151.0.7922.34 (Mac OS 10.15.7): Executed 598 of 1642[32m SUCCESS[39m (0 secs / 2.526 secs)
[1A[2KChrome Headless 151.0.7922.34 (Mac OS 10.15.7): Executed 599 of 1642[32m SUCCESS[39m (0 secs / 2.531 secs)
[1A[2KChrome Headless 151.0.7922.34 (Mac OS 10.15.7): Executed 600 of 1642[32m SUCCESS[39m (0 secs / 2.536 secs)
[1A[2KChrome Headless 151.0.7922.34 (Mac OS 10.15.7): Executed 601 of 1642[32m SUCCESS[39m (0 secs / 2.547 secs)
[1A[2KChrome Headless 151.0.7922.34 (Mac OS 10.15.7): Executed 602 of 1642[32m SUCCESS[39m (0 secs / 2.547 secs)
[1A[2KChrome Headless 151.0.7922.34 (Mac OS 10.15.7): Executed 603 of 1642[32m SUCCESS[39m (0 secs / 2.547 secs)
[1A[2KChrome Headless 151.0.7922.34 (Mac OS 10.15.7): Executed 604 of 1642[32m SUCCESS[39m (0 secs / 2.547 secs)
[1A[2KChrome Headless 151.0.7922.34 (Mac OS 10.15.7): Executed 605 of 1642[32m SUCCESS[39m (0 secs / 2.547 secs)
[1A[2KChrome Headless 151.0.7922.34 (Mac OS 10.15.7): Executed 606 of 1642[32m SUCCESS[39m (0 secs / 2.547 secs)
[1A[2KChrome Headless 151.0.7922.34 (Mac OS 10.15.7): Executed 607 of 1642[32m SUCCESS[39m (0 secs / 2.55 secs)
[1A[2KChrome Headless 151.0.7922.34 (Mac OS 10.15.7): Executed 608 of 1642[32m SUCCESS[39m (0 secs / 2.552 secs)
[1A[2KChrome Headless 151.0.7922.34 (Mac OS 10.15.7): Executed 609 of 1642[32m SUCCESS[39m (0 secs / 2.554 secs)
[1A[2KChrome Headless 151.0.7922.34 (Mac OS 10.15.7): Executed 610 of 1642[32m SUCCESS[39m (0 secs / 2.556 secs)
[1A[2KChrome Headless 151.0.7922.34 (Mac OS 10.15.7): Executed 611 of 1642[32m SUCCESS[39m (0 secs / 2.557 secs)
[1A[2KChrome Headless 151.0.7922.34 (Mac OS 10.15.7): Executed 612 of 1642[32m SUCCESS[39m (0 secs / 2.558 secs)
[1A[2KChrome Headless 151.0.7922.34 (Mac OS 10.15.7): Executed 613 of 1642[32m SUCCESS[39m (0 secs / 2.558 secs)
[1A[2KChrome Headless 151.0.7922.34 (Mac OS 10.15.7): Executed 614 of 1642[32m SUCCESS[39m (0 secs / 2.558 secs)
[1A[2KChrome Headless 151.0.7922.34 (Mac OS 10.15.7): Executed 615 of 1642[32m SUCCESS[39m (0 secs / 2.558 secs)
[1A[2KChrome Headless 151.0.7922.34 (Mac OS 10.15.7): Executed 616 of 1642[32m SUCCESS[39m (0 secs / 2.564 secs)
[1A[2KChrome Headless 151.0.7922.34 (Mac OS 10.15.7): Executed 617 of 1642[32m SUCCESS[39m (0 secs / 2.566 secs)
[1A[2KChrome Headless 151.0.7922.34 (Mac OS 10.15.7): Executed 618 of 1642[32m SUCCESS[39m (0 secs / 2.568 secs)
[1A[2KChrome Headless 151.0.7922.34 (Mac OS 10.15.7): Executed 619 of 1642[32m SUCCESS[39m (0 secs / 2.57 secs)
[1A[2KChrome Headless 151.0.7922.34 (Mac OS 10.15.7): Executed 620 of 1642[32m SUCCESS[39m (0 secs / 2.571 secs)
[1A[2KChrome Headless 151.0.7922.34 (Mac OS 10.15.7): Executed 621 of 1642[32m SUCCESS[39m (0 secs / 2.573 secs)
[1A[2KERROR: [36m'[WorkCardFormComponent save failure preserves the dirty state]', 'Failed to update work card:', Error: save failed
Error: save failed
    at errorFactory (http://localhost:9878/_karma_webpack_/webpack:/src/app/main/components/work-order/work-card-tabs/work-card-form/work-card-form.component.spec.ts:613:72)
    at Observable._subscribe (http://localhost:9878/_karma_webpack_/webpack:/node_modules/rxjs/dist/esm/internal/observable/throwError.js:5:51)
    at Observable._trySubscribe (http://localhost:9878/_karma_webpack_/webpack:/node_modules/rxjs/dist/esm/internal/Observable.js:37:25)
    at cb (http://localhost:9878/_karma_webpack_/webpack:/node_modules/rxjs/dist/esm/internal/Observable.js:31:30)
    at errorContext (http://localhost:9878/_karma_webpack_/webpack:/node_modules/rxjs/dist/esm/internal/util/errorContext.js:19:9)
    at Observable.subscribe (http://localhost:9878/_karma_webpack_/webpack:/node_modules/rxjs/dist/esm/internal/Observable.js:22:21)
    at init (http://localhost:9878/_karma_webpack_/webpack:/node_modules/rxjs/dist/esm/internal/operators/takeUntil.js:8:38)
    at SafeSubscriber.call (http://localhost:9878/_karma_webpack_/webpack:/node_modules/rxjs/dist/esm/internal/util/lift.js:10:28)
    at cb (http://localhost:9878/_karma_webpack_/webpack:/node_modules/rxjs/dist/esm/internal/Observable.js:26:30)
    at errorContext (http://localhost:9878/_karma_webpack_/webpack:/node_modules/rxjs/dist/esm/internal/util/errorContext.js:19:9)[39m
Chrome Headless 151.0.7922.34 (Mac OS 10.15.7): Executed 621 of 1642[32m SUCCESS[39m (0 secs / 2.573 secs)
ERROR: '[WorkCardFormComponent save failure preserves the dirty state]', 'Failed to update work card:', Error: save failed
Error: save failed
    at errorFactory (http://localhost:9878/_karma_webpack_/webpack:/src/app/main/components/work-order/work-card-tabs/work-card-form/work-card-form.component.spec.ts:613:72)
    at Observable._subscribe (http://localhost:9878/_karma_webpack_/webpack:/node_modules/rxjs/dist/esm/internal/observable/throwError.js:5:51)
    at Observable._trySubscribe (http://localhost:9878/_karma_webpack_/webpack:/node_modules/rxjs/dist/esm/internal/Observable.js:37:25)
    at cb (http://localhost:9878/_karma_webpack_/webpack:/node_modules/rxjs/dist/esm/internal/Observable.js:31:30)
    at errorContext (http://localhost:9878/_karma_webpack_/webpack:/node_modules/rxjs/dist/esm/internal/util/errorContext.js:19:9)
    at Observable.subscribe (http://localhost:9878/_karma_webpack_/webpack:/node_modules/rxjs/dist/esm/internal/Observable.js:22:21)
    at init (http://localhost:9878/_karma_webpack_/webpack:/node_modules/rxjs/dist/esm/internal/operators/takeUntil.js:8:38)
    at SafeSubscriber.call (http://localhost:9878/_karma_webpack_/webpack:/node_modules/rxjs/dist/esm/internal/util/lift.js:10:28)
    at cb (http://localhost:9878/_karma_webpack_/webpack:/node_modules/rxjs/dist/esm/internal/Observable.js:26:30)
    at errorContext (http://localhost:9878/_karma_webpack_/webpack:/node_modules/rxjs/dist/esm/internal/util/errorContext.js:19:9)
[1A[2KChrome Headless 151.0.7922.34 (Mac OS 10.15.7): Executed 622 of 1642[32m SUCCESS[39m (0 secs / 2.575 secs)
[1A[2KChrome Headless 151.0.7922.34 (Mac OS 10.15.7): Executed 623 of 1642[32m SUCCESS[39m (0 secs / 2.577 secs)
[1A[2KChrome Headless 151.0.7922.34 (Mac OS 10.15.7): Executed 624 of 1642[32m SUCCESS[39m (0 secs / 2.579 secs)
[1A[2KChrome Headless 151.0.7922.34 (Mac OS 10.15.7): Executed 625 of 1642[32m SUCCESS[39m (0 secs / 2.581 secs)
[1A[2KChrome Headless 151.0.7922.34 (Mac OS 10.15.7): Executed 626 of 1642[32m SUCCESS[39m (0 secs / 2.587 secs)
[1A[2KChrome Headless 151.0.7922.34 (Mac OS 10.15.7): Executed 627 of 1642[32m SUCCESS[39m (0 secs / 2.589 secs)
[1A[2KChrome Headless 151.0.7922.34 (Mac OS 10.15.7): Executed 628 of 1642[32m SUCCESS[39m (0 secs / 2.59 secs)
[1A[2KChrome Headless 151.0.7922.34 (Mac OS 10.15.7): Executed 629 of 1642[32m SUCCESS[39m (0 secs / 2.591 secs)
[1A[2KChrome Headless 151.0.7922.34 (Mac OS 10.15.7): Executed 630 of 1642[32m SUCCESS[39m (0 secs / 2.592 secs)
[1A[2KChrome Headless 151.0.7922.34 (Mac OS 10.15.7): Executed 631 of 1642[32m SUCCESS[39m (0 secs / 2.593 secs)
[1A[2KChrome Headless 151.0.7922.34 (Mac OS 10.15.7): Executed 632 of 1642[32m SUCCESS[39m (0 secs / 2.594 secs)
[1A[2KChrome Headless 151.0.7922.34 (Mac OS 10.15.7): Executed 633 of 1642[32m SUCCESS[39m (0 secs / 2.595 secs)
[1A[2KChrome Headless 151.0.7922.34 (Mac OS 10.15.7): Executed 634 of 1642[32m SUCCESS[39m (0 secs / 2.596 secs)
[1A[2KChrome Headless 151.0.7922.34 (Mac OS 10.15.7): Executed 635 of 1642[32m SUCCESS[39m (0 secs / 2.597 secs)
[1A[2KChrome Headless 151.0.7922.34 (Mac OS 10.15.7): Executed 636 of 1642[32m SUCCESS[39m (0 secs / 2.598 secs)
[1A[2KChrome Headless 151.0.7922.34 (Mac OS 10.15.7): Executed 637 of 1642[32m SUCCESS[39m (0 secs / 2.599 secs)
[1A[2KChrome Headless 151.0.7922.34 (Mac OS 10.15.7): Executed 638 of 1642[32m SUCCESS[39m (0 secs / 2.6 secs)
[1A[2KChrome Headless 151.0.7922.34 (Mac OS 10.15.7): Executed 639 of 1642[32m SUCCESS[39m (0 secs / 2.6 secs)
[1A[2KChrome Headless 151.0.7922.34 (Mac OS 10.15.7): Executed 640 of 1642[32m SUCCESS[39m (0 secs / 2.601 secs)
[1A[2KChrome Headless 151.0.7922.34 (Mac OS 10.15.7): Executed 641 of 1642[32m SUCCESS[39m (0 secs / 2.603 secs)
[1A[2KChrome Headless 151.0.7922.34 (Mac OS 10.15.7): Executed 642 of 1642[32m SUCCESS[39m (0 secs / 2.605 secs)
[1A[2KChrome Headless 151.0.7922.34 (Mac OS 10.15.7): Executed 643 of 1642[32m SUCCESS[39m (0 secs / 2.606 secs)
[1A[2KChrome Headless 151.0.7922.34 (Mac OS 10.15.7): Executed 644 of 1642[32m SUCCESS[39m (0 secs / 2.608 secs)
[1A[2KChrome Headless 151.0.7922.34 (Mac OS 10.15.7): Executed 645 of 1642[32m SUCCESS[39m (0 secs / 2.61 secs)
[1A[2KChrome Headless 151.0.7922.34 (Mac OS 10.15.7): Executed 646 of 1642[32m SUCCESS[39m (0 secs / 2.612 secs)
[1A[2KChrome Headless 151.0.7922.34 (Mac OS 10.15.7): Executed 647 of 1642[32m SUCCESS[39m (0 secs / 2.613 secs)
[1A[2KChrome Headless 151.0.7922.34 (Mac OS 10.15.7): Executed 648 of 1642[32m SUCCESS[39m (0 secs / 2.614 secs)
[1A[2KChrome Headless 151.0.7922.34 (Mac OS 10.15.7): Executed 649 of 1642[32m SUCCESS[39m (0 secs / 2.615 secs)
[1A[2KChrome Headless 151.0.7922.34 (Mac OS 10.15.7): Executed 650 of 1642[32m SUCCESS[39m (0 secs / 2.616 secs)
[1A[2KChrome Headless 151.0.7922.34 (Mac OS 10.15.7): Executed 651 of 1642[32m SUCCESS[39m (0 secs / 2.617 secs)
[1A[2KChrome Headless 151.0.7922.34 (Mac OS 10.15.7): Executed 652 of 1642[32m SUCCESS[39m (0 secs / 2.618 secs)
[1A[2KChrome Headless 151.0.7922.34 (Mac OS 10.15.7): Executed 653 of 1642[32m SUCCESS[39m (0 secs / 2.618 secs)
[1A[2KChrome Headless 151.0.7922.34 (Mac OS 10.15.7): Executed 654 of 1642[32m SUCCESS[39m (0 secs / 2.62 secs)
[1A[2KChrome Headless 151.0.7922.34 (Mac OS 10.15.7): Executed 655 of 1642[32m SUCCESS[39m (0 secs / 2.621 secs)
[1A[2KChrome Headless 151.0.7922.34 (Mac OS 10.15.7): Executed 656 of 1642[32m SUCCESS[39m (0 secs / 2.621 secs)
[1A[2KChrome Headless 151.0.7922.34 (Mac OS 10.15.7): Executed 657 of 1642[32m SUCCESS[39m (0 secs / 2.624 secs)
[1A[2KChrome Headless 151.0.7922.34 (Mac OS 10.15.7): Executed 658 of 1642[32m SUCCESS[39m (0 secs / 2.625 secs)
[1A[2KChrome Headless 151.0.7922.34 (Mac OS 10.15.7): Executed 659 of 1642[32m SUCCESS[39m (0 secs / 2.632 secs)
[1A[2KChrome Headless 151.0.7922.34 (Mac OS 10.15.7): Executed 660 of 1642[32m SUCCESS[39m (0 secs / 2.64 secs)
[1A[2KChrome Headless 151.0.7922.34 (Mac OS 10.15.7): Executed 661 of 1642[32m SUCCESS[39m (0 secs / 2.647 secs)
[1A[2KChrome Headless 151.0.7922.34 (Mac OS 10.15.7): Executed 662 of 1642[32m SUCCESS[39m (0 secs / 2.654 secs)
[1A[2KChrome Headless 151.0.7922.34 (Mac OS 10.15.7): Executed 663 of 1642[32m SUCCESS[39m (0 secs / 2.661 secs)
[1A[2KChrome Headless 151.0.7922.34 (Mac OS 10.15.7): Executed 664 of 1642[32m SUCCESS[39m (0 secs / 2.668 secs)
[1A[2KChrome Headless 151.0.7922.34 (Mac OS 10.15.7): Executed 665 of 1642[32m SUCCESS[39m (0 secs / 2.679 secs)
[1A[2KChrome Headless 151.0.7922.34 (Mac OS 10.15.7): Executed 666 of 1642[32m SUCCESS[39m (0 secs / 2.686 secs)
[1A[2KChrome Headless 151.0.7922.34 (Mac OS 10.15.7): Executed 667 of 1642[32m SUCCESS[39m (0 secs / 2.692 secs)
[1A[2KChrome Headless 151.0.7922.34 (Mac OS 10.15.7): Executed 668 of 1642[32m SUCCESS[39m (0 secs / 2.699 secs)
[1A[2KChrome Headless 151.0.7922.34 (Mac OS 10.15.7): Executed 669 of 1642[32m SUCCESS[39m (0 secs / 2.706 secs)
[1A[2KChrome Headless 151.0.7922.34 (Mac OS 10.15.7): Executed 670 of 1642[32m SUCCESS[39m (0 secs / 2.711 secs)
[1A[2KChrome Headless 151.0.7922.34 (Mac OS 10.15.7): Executed 671 of 1642[32m SUCCESS[39m (0 secs / 2.717 secs)
[1A[2KChrome Headless 151.0.7922.34 (Mac OS 10.15.7): Executed 672 of 1642[32m SUCCESS[39m (0 secs / 2.725 secs)
[1A[2KChrome Headless 151.0.7922.34 (Mac OS 10.15.7): Executed 673 of 1642[32m SUCCESS[39m (0 secs / 2.731 secs)
[1A[2KChrome Headless 151.0.7922.34 (Mac OS 10.15.7): Executed 674 of 1642[32m SUCCESS[39m (0 secs / 2.737 secs)
[1A[2KChrome Headless 151.0.7922.34 (Mac OS 10.15.7): Executed 675 of 1642[32m SUCCESS[39m (0 secs / 2.743 secs)
[1A[2KChrome Headless 151.0.7922.34 (Mac OS 10.15.7): Executed 676 of 1642[32m SUCCESS[39m (0 secs / 2.747 secs)
[1A[2KChrome Headless 151.0.7922.34 (Mac OS 10.15.7): Executed 677 of 1642[32m SUCCESS[39m (0 secs / 2.749 secs)
[1A[2KChrome Headless 151.0.7922.34 (Mac OS 10.15.7): Executed 678 of 1642[32m SUCCESS[39m (0 secs / 2.762 secs)
[1A[2KChrome Headless 151.0.7922.34 (Mac OS 10.15.7): Executed 679 of 1642[32m SUCCESS[39m (0 secs / 2.768 secs)
[1A[2KChrome Headless 151.0.7922.34 (Mac OS 10.15.7): Executed 680 of 1642[32m SUCCESS[39m (0 secs / 2.772 secs)
[1A[2KChrome Headless 151.0.7922.34 (Mac OS 10.15.7): Executed 681 of 1642[32m SUCCESS[39m (0 secs / 2.776 secs)
[1A[2KChrome Headless 151.0.7922.34 (Mac OS 10.15.7): Executed 682 of 1642[32m SUCCESS[39m (0 secs / 2.779 secs)
[1A[2KChrome Headless 151.0.7922.34 (Mac OS 10.15.7): Executed 683 of 1642[32m SUCCESS[39m (0 secs / 2.78 secs)
[1A[2KChrome Headless 151.0.7922.34 (Mac OS 10.15.7): Executed 684 of 1642[32m SUCCESS[39m (0 secs / 2.78 secs)
[1A[2KChrome Headless 151.0.7922.34 (Mac OS 10.15.7): Executed 685 of 1642[32m SUCCESS[39m (0 secs / 2.781 secs)
[1A[2KChrome Headless 151.0.7922.34 (Mac OS 10.15.7): Executed 686 of 1642[32m SUCCESS[39m (0 secs / 2.782 secs)
[1A[2KChrome Headless 151.0.7922.34 (Mac OS 10.15.7): Executed 687 of 1642[32m SUCCESS[39m (0 secs / 2.782 secs)
[1A[2KChrome Headless 151.0.7922.34 (Mac OS 10.15.7): Executed 688 of 1642[32m SUCCESS[39m (0 secs / 2.782 secs)
[1A[2KChrome Headless 151.0.7922.34 (Mac OS 10.15.7): Executed 689 of 1642[32m SUCCESS[39m (0 secs / 2.783 secs)
[1A[2KChrome Headless 151.0.7922.34 (Mac OS 10.15.7): Executed 690 of 1642[32m SUCCESS[39m (0 secs / 2.783 secs)
[1A[2KChrome Headless 151.0.7922.34 (Mac OS 10.15.7): Executed 691 of 1642[32m SUCCESS[39m (0 secs / 2.785 secs)
[1A[2KChrome Headless 151.0.7922.34 (Mac OS 10.15.7): Executed 692 of 1642[32m SUCCESS[39m (0 secs / 2.786 secs)
[1A[2KChrome Headless 151.0.7922.34 (Mac OS 10.15.7): Executed 693 of 1642[32m SUCCESS[39m (0 secs / 2.792 secs)
[1A[2KChrome Headless 151.0.7922.34 (Mac OS 10.15.7): Executed 694 of 1642[32m SUCCESS[39m (0 secs / 2.793 secs)
[1A[2KChrome Headless 151.0.7922.34 (Mac OS 10.15.7): Executed 695 of 1642[32m SUCCESS[39m (0 secs / 2.795 secs)
[1A[2KERROR: [36m'[RelatedWorkComponent handles errors from the modal result for both related-card types]', 'Failed to load or create related Work Card', Error: modal failed
Error: modal failed
    at UserContext.apply (http://localhost:9878/_karma_webpack_/webpack:/src/app/main/components/work-order/work-card-tabs/related-work/related-work.component.spec.ts:367:61)
    at _ZoneDelegate.invoke (http://localhost:9878/_karma_webpack_/webpack:/node_modules/zone.js/fesm2015/zone.js:369:28)
    at ProxyZoneSpec.onInvoke (http://localhost:9878/_karma_webpack_/webpack:/node_modules/zone.js/fesm2015/zone-testing.js:2082:39)
    at _ZoneDelegate.invoke (http://localhost:9878/_karma_webpack_/webpack:/node_modules/zone.js/fesm2015/zone.js:368:34)
    at ZoneImpl.run (http://localhost:9878/_karma_webpack_/webpack:/node_modules/zone.js/fesm2015/zone.js:111:43)
    at runInTestZone (http://localhost:9878/_karma_webpack_/webpack:/node_modules/zone.js/fesm2015/zone-testing.js:216:38)
    at UserContext.<anonymous> (http://localhost:9878/_karma_webpack_/webpack:/node_modules/zone.js/fesm2015/zone-testing.js:234:32)
    at ZoneQueueRunner.attempt (http://localhost:9878/base/node_modules/karma-jasmine/node_modules/jasmine-core/lib/jasmine-core/jasmine.js?86d98e11f43f2c8cfac9fb4806ed6c0aced74cbe:7632:40)
    at ZoneQueueRunner.QueueRunner.run (http://localhost:9878/base/node_modules/karma-jasmine/node_modules/jasmine-core/lib/jasmine-core/jasmine.js?86d98e11f43f2c8cfac9fb4806ed6c0aced74cbe:7670:27)
    at runNext (http://localhost:9878/base/node_modules/karma-jasmine/node_modules/jasmine-core/lib/jasmine-core/jasmine.js?86d98e11f43f2c8cfac9fb4806ed6c0aced74cbe:7574:16)[39m
Chrome Headless 151.0.7922.34 (Mac OS 10.15.7): Executed 695 of 1642[32m SUCCESS[39m (0 secs / 2.795 secs)
ERROR: '[RelatedWorkComponent handles errors from the modal result for both related-card types]', 'Failed to load or create related Work Card', Error: modal failed
Error: modal failed
    at UserContext.apply (http://localhost:9878/_karma_webpack_/webpack:/src/app/main/components/work-order/work-card-tabs/related-work/related-work.component.spec.ts:367:61)
    at _ZoneDelegate.invoke (http://localhost:9878/_karma_webpack_/webpack:/node_modules/zone.js/fesm2015/zone.js:369:28)
    at ProxyZoneSpec.onInvoke (http://localhost:9878/_karma_webpack_/webpack:/node_modules/zone.js/fesm2015/zone-testing.js:2082:39)
    at _ZoneDelegate.invoke (http://localhost:9878/_karma_webpack_/webpack:/node_modules/zone.js/fesm2015/zone.js:368:34)
    at ZoneImpl.run (http://localhost:9878/_karma_webpack_/webpack:/node_modules/zone.js/fesm2015/zone.js:111:43)
    at runInTestZone (http://localhost:9878/_karma_webpack_/webpack:/node_modules/zone.js/fesm2015/zone-testing.js:216:38)
    at UserContext.<anonymous> (http://localhost:9878/_karma_webpack_/webpack:/node_modules/zone.js/fesm2015/zone-testing.js:234:32)
    at ZoneQueueRunner.attempt (http://localhost:9878/base/node_modules/karma-jasmine/node_modules/jasmine-core/lib/jasmine-core/jasmine.js?86d98e11f43f2c8cfac9fb4806ed6c0aced74cbe:7632:40)
    at ZoneQueueRunner.QueueRunner.run (http://localhost:9878/base/node_modules/karma-jasmine/node_modules/jasmine-core/lib/jasmine-core/jasmine.js?86d98e11f43f2c8cfac9fb4806ed6c0aced74cbe:7670:27)
    at runNext (http://localhost:9878/base/node_modules/karma-jasmine/node_modules/jasmine-core/lib/jasmine-core/jasmine.js?86d98e11f43f2c8cfac9fb4806ed6c0aced74cbe:7574:16)
[1A[2KERROR: [36m'[RelatedWorkComponent handles errors from the modal result for both related-card types]', 'Failed to load or create related Work Card', Error: modal failed
Error: modal failed
    at UserContext.apply (http://localhost:9878/_karma_webpack_/webpack:/src/app/main/components/work-order/work-card-tabs/related-work/related-work.component.spec.ts:367:61)
    at _ZoneDelegate.invoke (http://localhost:9878/_karma_webpack_/webpack:/node_modules/zone.js/fesm2015/zone.js:369:28)
    at ProxyZoneSpec.onInvoke (http://localhost:9878/_karma_webpack_/webpack:/node_modules/zone.js/fesm2015/zone-testing.js:2082:39)
    at _ZoneDelegate.invoke (http://localhost:9878/_karma_webpack_/webpack:/node_modules/zone.js/fesm2015/zone.js:368:34)
    at ZoneImpl.run (http://localhost:9878/_karma_webpack_/webpack:/node_modules/zone.js/fesm2015/zone.js:111:43)
    at runInTestZone (http://localhost:9878/_karma_webpack_/webpack:/node_modules/zone.js/fesm2015/zone-testing.js:216:38)
    at UserContext.<anonymous> (http://localhost:9878/_karma_webpack_/webpack:/node_modules/zone.js/fesm2015/zone-testing.js:234:32)
    at ZoneQueueRunner.attempt (http://localhost:9878/base/node_modules/karma-jasmine/node_modules/jasmine-core/lib/jasmine-core/jasmine.js?86d98e11f43f2c8cfac9fb4806ed6c0aced74cbe:7632:40)
    at ZoneQueueRunner.QueueRunner.run (http://localhost:9878/base/node_modules/karma-jasmine/node_modules/jasmine-core/lib/jasmine-core/jasmine.js?86d98e11f43f2c8cfac9fb4806ed6c0aced74cbe:7670:27)
    at runNext (http://localhost:9878/base/node_modules/karma-jasmine/node_modules/jasmine-core/lib/jasmine-core/jasmine.js?86d98e11f43f2c8cfac9fb4806ed6c0aced74cbe:7574:16)[39m
Chrome Headless 151.0.7922.34 (Mac OS 10.15.7): Executed 695 of 1642[32m SUCCESS[39m (0 secs / 2.795 secs)
ERROR: '[RelatedWorkComponent handles errors from the modal result for both related-card types]', 'Failed to load or create related Work Card', Error: modal failed
Error: modal failed
    at UserContext.apply (http://localhost:9878/_karma_webpack_/webpack:/src/app/main/components/work-order/work-card-tabs/related-work/related-work.component.spec.ts:367:61)
    at _ZoneDelegate.invoke (http://localhost:9878/_karma_webpack_/webpack:/node_modules/zone.js/fesm2015/zone.js:369:28)
    at ProxyZoneSpec.onInvoke (http://localhost:9878/_karma_webpack_/webpack:/node_modules/zone.js/fesm2015/zone-testing.js:2082:39)
    at _ZoneDelegate.invoke (http://localhost:9878/_karma_webpack_/webpack:/node_modules/zone.js/fesm2015/zone.js:368:34)
    at ZoneImpl.run (http://localhost:9878/_karma_webpack_/webpack:/node_modules/zone.js/fesm2015/zone.js:111:43)
    at runInTestZone (http://localhost:9878/_karma_webpack_/webpack:/node_modules/zone.js/fesm2015/zone-testing.js:216:38)
    at UserContext.<anonymous> (http://localhost:9878/_karma_webpack_/webpack:/node_modules/zone.js/fesm2015/zone-testing.js:234:32)
    at ZoneQueueRunner.attempt (http://localhost:9878/base/node_modules/karma-jasmine/node_modules/jasmine-core/lib/jasmine-core/jasmine.js?86d98e11f43f2c8cfac9fb4806ed6c0aced74cbe:7632:40)
    at ZoneQueueRunner.QueueRunner.run (http://localhost:9878/base/node_modules/karma-jasmine/node_modules/jasmine-core/lib/jasmine-core/jasmine.js?86d98e11f43f2c8cfac9fb4806ed6c0aced74cbe:7670:27)
    at runNext (http://localhost:9878/base/node_modules/karma-jasmine/node_modules/jasmine-core/lib/jasmine-core/jasmine.js?86d98e11f43f2c8cfac9fb4806ed6c0aced74cbe:7574:16)
[1A[2KChrome Headless 151.0.7922.34 (Mac OS 10.15.7): Executed 696 of 1642[32m SUCCESS[39m (0 secs / 2.796 secs)
[1A[2KERROR: [36m'[RelatedWorkComponent shows the translated error state when related cards fail to load]', 'Failed to load or create related Work Card', Error: server unavailable
Error: server unavailable
    at errorFactory (http://localhost:9878/_karma_webpack_/webpack:/src/app/main/components/work-order/work-card-tabs/related-work/related-work.component.spec.ts:182:77)
    at Observable._subscribe (http://localhost:9878/_karma_webpack_/webpack:/node_modules/rxjs/dist/esm/internal/observable/throwError.js:5:51)
    at Observable._trySubscribe (http://localhost:9878/_karma_webpack_/webpack:/node_modules/rxjs/dist/esm/internal/Observable.js:37:25)
    at cb (http://localhost:9878/_karma_webpack_/webpack:/node_modules/rxjs/dist/esm/internal/Observable.js:31:30)
    at errorContext (http://localhost:9878/_karma_webpack_/webpack:/node_modules/rxjs/dist/esm/internal/util/errorContext.js:19:9)
    at Observable.subscribe (http://localhost:9878/_karma_webpack_/webpack:/node_modules/rxjs/dist/esm/internal/Observable.js:22:21)
    at init (http://localhost:9878/_karma_webpack_/webpack:/node_modules/rxjs/dist/esm/internal/operators/switchMap.js:10:16)
    at OperatorSubscriber.call (http://localhost:9878/_karma_webpack_/webpack:/node_modules/rxjs/dist/esm/internal/util/lift.js:10:28)
    at cb (http://localhost:9878/_karma_webpack_/webpack:/node_modules/rxjs/dist/esm/internal/Observable.js:26:30)
    at errorContext (http://localhost:9878/_karma_webpack_/webpack:/node_modules/rxjs/dist/esm/internal/util/errorContext.js:19:9)[39m
Chrome Headless 151.0.7922.34 (Mac OS 10.15.7): Executed 696 of 1642[32m SUCCESS[39m (0 secs / 2.796 secs)
ERROR: '[RelatedWorkComponent shows the translated error state when related cards fail to load]', 'Failed to load or create related Work Card', Error: server unavailable
Error: server unavailable
    at errorFactory (http://localhost:9878/_karma_webpack_/webpack:/src/app/main/components/work-order/work-card-tabs/related-work/related-work.component.spec.ts:182:77)
    at Observable._subscribe (http://localhost:9878/_karma_webpack_/webpack:/node_modules/rxjs/dist/esm/internal/observable/throwError.js:5:51)
    at Observable._trySubscribe (http://localhost:9878/_karma_webpack_/webpack:/node_modules/rxjs/dist/esm/internal/Observable.js:37:25)
    at cb (http://localhost:9878/_karma_webpack_/webpack:/node_modules/rxjs/dist/esm/internal/Observable.js:31:30)
    at errorContext (http://localhost:9878/_karma_webpack_/webpack:/node_modules/rxjs/dist/esm/internal/util/errorContext.js:19:9)
    at Observable.subscribe (http://localhost:9878/_karma_webpack_/webpack:/node_modules/rxjs/dist/esm/internal/Observable.js:22:21)
    at init (http://localhost:9878/_karma_webpack_/webpack:/node_modules/rxjs/dist/esm/internal/operators/switchMap.js:10:16)
    at OperatorSubscriber.call (http://localhost:9878/_karma_webpack_/webpack:/node_modules/rxjs/dist/esm/internal/util/lift.js:10:28)
    at cb (http://localhost:9878/_karma_webpack_/webpack:/node_modules/rxjs/dist/esm/internal/Observable.js:26:30)
    at errorContext (http://localhost:9878/_karma_webpack_/webpack:/node_modules/rxjs/dist/esm/internal/util/errorContext.js:19:9)
[1A[2KChrome Headless 151.0.7922.34 (Mac OS 10.15.7): Executed 697 of 1642[32m SUCCESS[39m (0 secs / 2.797 secs)
[1A[2KChrome Headless 151.0.7922.34 (Mac OS 10.15.7): Executed 698 of 1642[32m SUCCESS[39m (0 secs / 2.799 secs)
[1A[2KChrome Headless 151.0.7922.34 (Mac OS 10.15.7): Executed 699 of 1642[32m SUCCESS[39m (0 secs / 2.801 secs)
[1A[2KChrome Headless 151.0.7922.34 (Mac OS 10.15.7): Executed 700 of 1642[32m SUCCESS[39m (0 secs / 2.801 secs)
[1A[2KERROR: [36m'[RelatedWorkComponent refreshes when opening a created card rejects navigation]', 'Failed to open the created related Work Card', Error: navigation failed
Error: navigation failed
    at UserContext.apply (http://localhost:9878/_karma_webpack_/webpack:/src/app/main/components/work-order/work-card-tabs/related-work/related-work.component.spec.ts:418:55)
    at UserContext.apply (http://localhost:9878/_karma_webpack_/webpack:/node_modules/zone.js/fesm2015/zone-testing.js:1703:26)
    at _ZoneDelegate.invoke (http://localhost:9878/_karma_webpack_/webpack:/node_modules/zone.js/fesm2015/zone.js:369:28)
    at ProxyZoneSpec.onInvoke (http://localhost:9878/_karma_webpack_/webpack:/node_modules/zone.js/fesm2015/zone-testing.js:2082:39)
    at _ZoneDelegate.invoke (http://localhost:9878/_karma_webpack_/webpack:/node_modules/zone.js/fesm2015/zone.js:368:34)
    at ZoneImpl.run (http://localhost:9878/_karma_webpack_/webpack:/node_modules/zone.js/fesm2015/zone.js:111:43)
    at runInTestZone (http://localhost:9878/_karma_webpack_/webpack:/node_modules/zone.js/fesm2015/zone-testing.js:216:38)
    at UserContext.<anonymous> (http://localhost:9878/_karma_webpack_/webpack:/node_modules/zone.js/fesm2015/zone-testing.js:234:32)
    at ZoneQueueRunner.attempt (http://localhost:9878/base/node_modules/karma-jasmine/node_modules/jasmine-core/lib/jasmine-core/jasmine.js?86d98e11f43f2c8cfac9fb4806ed6c0aced74cbe:7632:40)
    at ZoneQueueRunner.QueueRunner.run (http://localhost:9878/base/node_modules/karma-jasmine/node_modules/jasmine-core/lib/jasmine-core/jasmine.js?86d98e11f43f2c8cfac9fb4806ed6c0aced74cbe:7670:27)[39m
Chrome Headless 151.0.7922.34 (Mac OS 10.15.7): Executed 700 of 1642[32m SUCCESS[39m (0 secs / 2.801 secs)
ERROR: '[RelatedWorkComponent refreshes when opening a created card rejects navigation]', 'Failed to open the created related Work Card', Error: navigation failed
Error: navigation failed
    at UserContext.apply (http://localhost:9878/_karma_webpack_/webpack:/src/app/main/components/work-order/work-card-tabs/related-work/related-work.component.spec.ts:418:55)
    at UserContext.apply (http://localhost:9878/_karma_webpack_/webpack:/node_modules/zone.js/fesm2015/zone-testing.js:1703:26)
    at _ZoneDelegate.invoke (http://localhost:9878/_karma_webpack_/webpack:/node_modules/zone.js/fesm2015/zone.js:369:28)
    at ProxyZoneSpec.onInvoke (http://localhost:9878/_karma_webpack_/webpack:/node_modules/zone.js/fesm2015/zone-testing.js:2082:39)
    at _ZoneDelegate.invoke (http://localhost:9878/_karma_webpack_/webpack:/node_modules/zone.js/fesm2015/zone.js:368:34)
    at ZoneImpl.run (http://localhost:9878/_karma_webpack_/webpack:/node_modules/zone.js/fesm2015/zone.js:111:43)
    at runInTestZone (http://localhost:9878/_karma_webpack_/webpack:/node_modules/zone.js/fesm2015/zone-testing.js:216:38)
    at UserContext.<anonymous> (http://localhost:9878/_karma_webpack_/webpack:/node_modules/zone.js/fesm2015/zone-testing.js:234:32)
    at ZoneQueueRunner.attempt (http://localhost:9878/base/node_modules/karma-jasmine/node_modules/jasmine-core/lib/jasmine-core/jasmine.js?86d98e11f43f2c8cfac9fb4806ed6c0aced74cbe:7632:40)
    at ZoneQueueRunner.QueueRunner.run (http://localhost:9878/base/node_modules/karma-jasmine/node_modules/jasmine-core/lib/jasmine-core/jasmine.js?86d98e11f43f2c8cfac9fb4806ed6c0aced74cbe:7670:27)
[1A[2KChrome Headless 151.0.7922.34 (Mac OS 10.15.7): Executed 701 of 1642[32m SUCCESS[39m (0 secs / 2.802 secs)
[1A[2KChrome Headless 151.0.7922.34 (Mac OS 10.15.7): Executed 702 of 1642[32m SUCCESS[39m (0 secs / 2.803 secs)
[1A[2KChrome Headless 151.0.7922.34 (Mac OS 10.15.7): Executed 703 of 1642[32m SUCCESS[39m (0 secs / 2.803 secs)
[1A[2KChrome Headless 151.0.7922.34 (Mac OS 10.15.7): Executed 704 of 1642[32m SUCCESS[39m (0 secs / 2.804 secs)
[1A[2KChrome Headless 151.0.7922.34 (Mac OS 10.15.7): Executed 705 of 1642[32m SUCCESS[39m (0 secs / 2.806 secs)
[1A[2KERROR: [36m'[RelatedWorkComponent opens the picker and records an error when template lookup fails]', 'Failed to load or create related Work Card', Error: template lookup failed
Error: template lookup failed
    at errorFactory (http://localhost:9878/_karma_webpack_/webpack:/src/app/main/components/work-order/work-card-tabs/related-work/related-work.component.spec.ts:347:24)
    at Observable._subscribe (http://localhost:9878/_karma_webpack_/webpack:/node_modules/rxjs/dist/esm/internal/observable/throwError.js:5:51)
    at Observable._trySubscribe (http://localhost:9878/_karma_webpack_/webpack:/node_modules/rxjs/dist/esm/internal/Observable.js:37:25)
    at cb (http://localhost:9878/_karma_webpack_/webpack:/node_modules/rxjs/dist/esm/internal/Observable.js:31:30)
    at errorContext (http://localhost:9878/_karma_webpack_/webpack:/node_modules/rxjs/dist/esm/internal/util/errorContext.js:19:9)
    at Observable.subscribe (http://localhost:9878/_karma_webpack_/webpack:/node_modules/rxjs/dist/esm/internal/Observable.js:22:21)
    at init (http://localhost:9878/_karma_webpack_/webpack:/node_modules/rxjs/dist/esm/internal/operators/switchMap.js:10:16)
    at OperatorSubscriber.call (http://localhost:9878/_karma_webpack_/webpack:/node_modules/rxjs/dist/esm/internal/util/lift.js:10:28)
    at cb (http://localhost:9878/_karma_webpack_/webpack:/node_modules/rxjs/dist/esm/internal/Observable.js:26:30)
    at errorContext (http://localhost:9878/_karma_webpack_/webpack:/node_modules/rxjs/dist/esm/internal/util/errorContext.js:19:9)[39m
Chrome Headless 151.0.7922.34 (Mac OS 10.15.7): Executed 705 of 1642[32m SUCCESS[39m (0 secs / 2.806 secs)
ERROR: '[RelatedWorkComponent opens the picker and records an error when template lookup fails]', 'Failed to load or create related Work Card', Error: template lookup failed
Error: template lookup failed
    at errorFactory (http://localhost:9878/_karma_webpack_/webpack:/src/app/main/components/work-order/work-card-tabs/related-work/related-work.component.spec.ts:347:24)
    at Observable._subscribe (http://localhost:9878/_karma_webpack_/webpack:/node_modules/rxjs/dist/esm/internal/observable/throwError.js:5:51)
    at Observable._trySubscribe (http://localhost:9878/_karma_webpack_/webpack:/node_modules/rxjs/dist/esm/internal/Observable.js:37:25)
    at cb (http://localhost:9878/_karma_webpack_/webpack:/node_modules/rxjs/dist/esm/internal/Observable.js:31:30)
    at errorContext (http://localhost:9878/_karma_webpack_/webpack:/node_modules/rxjs/dist/esm/internal/util/errorContext.js:19:9)
    at Observable.subscribe (http://localhost:9878/_karma_webpack_/webpack:/node_modules/rxjs/dist/esm/internal/Observable.js:22:21)
    at init (http://localhost:9878/_karma_webpack_/webpack:/node_modules/rxjs/dist/esm/internal/operators/switchMap.js:10:16)
    at OperatorSubscriber.call (http://localhost:9878/_karma_webpack_/webpack:/node_modules/rxjs/dist/esm/internal/util/lift.js:10:28)
    at cb (http://localhost:9878/_karma_webpack_/webpack:/node_modules/rxjs/dist/esm/internal/Observable.js:26:30)
    at errorContext (http://localhost:9878/_karma_webpack_/webpack:/node_modules/rxjs/dist/esm/internal/util/errorContext.js:19:9)
[1A[2KChrome Headless 151.0.7922.34 (Mac OS 10.15.7): Executed 706 of 1642[32m SUCCESS[39m (0 secs / 2.808 secs)
[1A[2KERROR: [36m'[RelatedWorkComponent keeps rows when an originating work-step lookup fails]', 'Failed to load originating Work Step 301', Error: step unavailable
Error: step unavailable
    at errorFactory (http://localhost:9878/_karma_webpack_/webpack:/src/app/main/components/work-order/work-card-tabs/related-work/related-work.component.spec.ts:164:73)
    at Observable._subscribe (http://localhost:9878/_karma_webpack_/webpack:/node_modules/rxjs/dist/esm/internal/observable/throwError.js:5:51)
    at Observable._trySubscribe (http://localhost:9878/_karma_webpack_/webpack:/node_modules/rxjs/dist/esm/internal/Observable.js:37:25)
    at cb (http://localhost:9878/_karma_webpack_/webpack:/node_modules/rxjs/dist/esm/internal/Observable.js:31:30)
    at errorContext (http://localhost:9878/_karma_webpack_/webpack:/node_modules/rxjs/dist/esm/internal/util/errorContext.js:19:9)
    at Observable.subscribe (http://localhost:9878/_karma_webpack_/webpack:/node_modules/rxjs/dist/esm/internal/Observable.js:22:21)
    at init (http://localhost:9878/_karma_webpack_/webpack:/node_modules/rxjs/dist/esm/internal/operators/map.js:6:16)
    at OperatorSubscriber.call (http://localhost:9878/_karma_webpack_/webpack:/node_modules/rxjs/dist/esm/internal/util/lift.js:10:28)
    at cb (http://localhost:9878/_karma_webpack_/webpack:/node_modules/rxjs/dist/esm/internal/Observable.js:26:30)
    at errorContext (http://localhost:9878/_karma_webpack_/webpack:/node_modules/rxjs/dist/esm/internal/util/errorContext.js:19:9)[39m
Chrome Headless 151.0.7922.34 (Mac OS 10.15.7): Executed 706 of 1642[32m SUCCESS[39m (0 secs / 2.808 secs)
ERROR: '[RelatedWorkComponent keeps rows when an originating work-step lookup fails]', 'Failed to load originating Work Step 301', Error: step unavailable
Error: step unavailable
    at errorFactory (http://localhost:9878/_karma_webpack_/webpack:/src/app/main/components/work-order/work-card-tabs/related-work/related-work.component.spec.ts:164:73)
    at Observable._subscribe (http://localhost:9878/_karma_webpack_/webpack:/node_modules/rxjs/dist/esm/internal/observable/throwError.js:5:51)
    at Observable._trySubscribe (http://localhost:9878/_karma_webpack_/webpack:/node_modules/rxjs/dist/esm/internal/Observable.js:37:25)
    at cb (http://localhost:9878/_karma_webpack_/webpack:/node_modules/rxjs/dist/esm/internal/Observable.js:31:30)
    at errorContext (http://localhost:9878/_karma_webpack_/webpack:/node_modules/rxjs/dist/esm/internal/util/errorContext.js:19:9)
    at Observable.subscribe (http://localhost:9878/_karma_webpack_/webpack:/node_modules/rxjs/dist/esm/internal/Observable.js:22:21)
    at init (http://localhost:9878/_karma_webpack_/webpack:/node_modules/rxjs/dist/esm/internal/operators/map.js:6:16)
    at OperatorSubscriber.call (http://localhost:9878/_karma_webpack_/webpack:/node_modules/rxjs/dist/esm/internal/util/lift.js:10:28)
    at cb (http://localhost:9878/_karma_webpack_/webpack:/node_modules/rxjs/dist/esm/internal/Observable.js:26:30)
    at errorContext (http://localhost:9878/_karma_webpack_/webpack:/node_modules/rxjs/dist/esm/internal/util/errorContext.js:19:9)
[1A[2KChrome Headless 151.0.7922.34 (Mac OS 10.15.7): Executed 707 of 1642[32m SUCCESS[39m (0 secs / 2.809 secs)
[1A[2KChrome Headless 151.0.7922.34 (Mac OS 10.15.7): Executed 708 of 1642[32m SUCCESS[39m (0 secs / 2.821 secs)
[1A[2KChrome Headless 151.0.7922.34 (Mac OS 10.15.7): Executed 709 of 1642[32m SUCCESS[39m (0 secs / 2.822 secs)
[1A[2KChrome Headless 151.0.7922.34 (Mac OS 10.15.7): Executed 710 of 1642[32m SUCCESS[39m (0 secs / 2.823 secs)
[1A[2KChrome Headless 151.0.7922.34 (Mac OS 10.15.7): Executed 711 of 1642[32m SUCCESS[39m (0 secs / 2.824 secs)
[1A[2KChrome Headless 151.0.7922.34 (Mac OS 10.15.7): Executed 712 of 1642[32m SUCCESS[39m (0 secs / 2.826 secs)
[1A[2KChrome Headless 151.0.7922.34 (Mac OS 10.15.7): Executed 713 of 1642[32m SUCCESS[39m (0 secs / 2.827 secs)
[1A[2KChrome Headless 151.0.7922.34 (Mac OS 10.15.7): Executed 714 of 1642[32m SUCCESS[39m (0 secs / 2.833 secs)
[1A[2KChrome Headless 151.0.7922.34 (Mac OS 10.15.7): Executed 715 of 1642[32m SUCCESS[39m (0 secs / 2.842 secs)
[1A[2KChrome Headless 151.0.7922.34 (Mac OS 10.15.7): Executed 716 of 1642[32m SUCCESS[39m (0 secs / 2.846 secs)
[1A[2KChrome Headless 151.0.7922.34 (Mac OS 10.15.7): Executed 717 of 1642[32m SUCCESS[39m (0 secs / 2.853 secs)
[1A[2KChrome Headless 151.0.7922.34 (Mac OS 10.15.7): Executed 718 of 1642[32m SUCCESS[39m (0 secs / 2.854 secs)
[1A[2KChrome Headless 151.0.7922.34 (Mac OS 10.15.7): Executed 719 of 1642[32m SUCCESS[39m (0 secs / 2.856 secs)
[1A[2KChrome Headless 151.0.7922.34 (Mac OS 10.15.7): Executed 720 of 1642[32m SUCCESS[39m (0 secs / 2.858 secs)
[1A[2KChrome Headless 151.0.7922.34 (Mac OS 10.15.7): Executed 721 of 1642[32m SUCCESS[39m (0 secs / 2.866 secs)
[1A[2KChrome Headless 151.0.7922.34 (Mac OS 10.15.7): Executed 722 of 1642[32m SUCCESS[39m (0 secs / 2.872 secs)
[1A[2KChrome Headless 151.0.7922.34 (Mac OS 10.15.7): Executed 723 of 1642[32m SUCCESS[39m (0 secs / 2.874 secs)
[1A[2KChrome Headless 151.0.7922.34 (Mac OS 10.15.7): Executed 724 of 1642[32m SUCCESS[39m (0 secs / 2.883 secs)
[1A[2KChrome Headless 151.0.7922.34 (Mac OS 10.15.7): Executed 725 of 1642[32m SUCCESS[39m (0 secs / 2.886 secs)
[1A[2KChrome Headless 151.0.7922.34 (Mac OS 10.15.7): Executed 726 of 1642[32m SUCCESS[39m (0 secs / 2.888 secs)
[1A[2KChrome Headless 151.0.7922.34 (Mac OS 10.15.7): Executed 727 of 1642[32m SUCCESS[39m (0 secs / 2.89 secs)
[1A[2KChrome Headless 151.0.7922.34 (Mac OS 10.15.7): Executed 728 of 1642[32m SUCCESS[39m (0 secs / 2.891 secs)
[1A[2KChrome Headless 151.0.7922.34 (Mac OS 10.15.7): Executed 729 of 1642[32m SUCCESS[39m (0 secs / 2.892 secs)
[1A[2KChrome Headless 151.0.7922.34 (Mac OS 10.15.7): Executed 730 of 1642[32m SUCCESS[39m (0 secs / 2.894 secs)
[1A[2KChrome Headless 151.0.7922.34 (Mac OS 10.15.7): Executed 731 of 1642[32m SUCCESS[39m (0 secs / 2.896 secs)
[1A[2KChrome Headless 151.0.7922.34 (Mac OS 10.15.7): Executed 732 of 1642[32m SUCCESS[39m (0 secs / 2.897 secs)
[1A[2KChrome Headless 151.0.7922.34 (Mac OS 10.15.7): Executed 733 of 1642[32m SUCCESS[39m (0 secs / 2.899 secs)
[1A[2KChrome Headless 151.0.7922.34 (Mac OS 10.15.7): Executed 734 of 1642[32m SUCCESS[39m (0 secs / 2.9 secs)
[1A[2KChrome Headless 151.0.7922.34 (Mac OS 10.15.7): Executed 735 of 1642[32m SUCCESS[39m (0 secs / 2.901 secs)
[1A[2KChrome Headless 151.0.7922.34 (Mac OS 10.15.7): Executed 736 of 1642[32m SUCCESS[39m (0 secs / 2.902 secs)
[1A[2KChrome Headless 151.0.7922.34 (Mac OS 10.15.7): Executed 737 of 1642[32m SUCCESS[39m (0 secs / 2.903 secs)
[1A[2KChrome Headless 151.0.7922.34 (Mac OS 10.15.7): Executed 738 of 1642[32m SUCCESS[39m (0 secs / 2.904 secs)
[1A[2KChrome Headless 151.0.7922.34 (Mac OS 10.15.7): Executed 739 of 1642[32m SUCCESS[39m (0 secs / 2.906 secs)
[1A[2KChrome Headless 151.0.7922.34 (Mac OS 10.15.7): Executed 740 of 1642[32m SUCCESS[39m (0 secs / 2.908 secs)
[1A[2KChrome Headless 151.0.7922.34 (Mac OS 10.15.7): Executed 741 of 1642[32m SUCCESS[39m (0 secs / 2.909 secs)
[1A[2KChrome Headless 151.0.7922.34 (Mac OS 10.15.7): Executed 742 of 1642[32m SUCCESS[39m (0 secs / 2.91 secs)
[1A[2KChrome Headless 151.0.7922.34 (Mac OS 10.15.7): Executed 743 of 1642[32m SUCCESS[39m (0 secs / 2.911 secs)
[1A[2KChrome Headless 151.0.7922.34 (Mac OS 10.15.7): Executed 744 of 1642[32m SUCCESS[39m (0 secs / 2.912 secs)
[1A[2KChrome Headless 151.0.7922.34 (Mac OS 10.15.7): Executed 745 of 1642[32m SUCCESS[39m (0 secs / 2.913 secs)
[1A[2KChrome Headless 151.0.7922.34 (Mac OS 10.15.7): Executed 746 of 1642[32m SUCCESS[39m (0 secs / 2.914 secs)
[1A[2KChrome Headless 151.0.7922.34 (Mac OS 10.15.7): Executed 747 of 1642[32m SUCCESS[39m (0 secs / 2.915 secs)
[1A[2KChrome Headless 151.0.7922.34 (Mac OS 10.15.7): Executed 748 of 1642[32m SUCCESS[39m (0 secs / 2.916 secs)
[1A[2KChrome Headless 151.0.7922.34 (Mac OS 10.15.7): Executed 749 of 1642[32m SUCCESS[39m (0 secs / 2.917 secs)
[1A[2KChrome Headless 151.0.7922.34 (Mac OS 10.15.7): Executed 750 of 1642[32m SUCCESS[39m (0 secs / 2.918 secs)
[1A[2KChrome Headless 151.0.7922.34 (Mac OS 10.15.7): Executed 751 of 1642[32m SUCCESS[39m (0 secs / 2.92 secs)
[1A[2KChrome Headless 151.0.7922.34 (Mac OS 10.15.7): Executed 752 of 1642[32m SUCCESS[39m (0 secs / 2.921 secs)
[1A[2KChrome Headless 151.0.7922.34 (Mac OS 10.15.7): Executed 753 of 1642[32m SUCCESS[39m (0 secs / 2.922 secs)
[1A[2KChrome Headless 151.0.7922.34 (Mac OS 10.15.7): Executed 754 of 1642[32m SUCCESS[39m (0 secs / 2.923 secs)
[1A[2KChrome Headless 151.0.7922.34 (Mac OS 10.15.7): Executed 755 of 1642[32m SUCCESS[39m (0 secs / 2.924 secs)
[1A[2KChrome Headless 151.0.7922.34 (Mac OS 10.15.7): Executed 756 of 1642[32m SUCCESS[39m (0 secs / 2.925 secs)
[1A[2KChrome Headless 151.0.7922.34 (Mac OS 10.15.7): Executed 757 of 1642[32m SUCCESS[39m (0 secs / 2.926 secs)
[1A[2KChrome Headless 151.0.7922.34 (Mac OS 10.15.7): Executed 758 of 1642[32m SUCCESS[39m (0 secs / 2.928 secs)
[1A[2KChrome Headless 151.0.7922.34 (Mac OS 10.15.7): Executed 759 of 1642[32m SUCCESS[39m (0 secs / 2.929 secs)
[1A[2KChrome Headless 151.0.7922.34 (Mac OS 10.15.7): Executed 760 of 1642[32m SUCCESS[39m (0 secs / 2.931 secs)
[1A[2KChrome Headless 151.0.7922.34 (Mac OS 10.15.7): Executed 761 of 1642[32m SUCCESS[39m (0 secs / 2.932 secs)
[1A[2KChrome Headless 151.0.7922.34 (Mac OS 10.15.7): Executed 762 of 1642[32m SUCCESS[39m (0 secs / 2.933 secs)
[1A[2KChrome Headless 151.0.7922.34 (Mac OS 10.15.7): Executed 763 of 1642[32m SUCCESS[39m (0 secs / 2.935 secs)
[1A[2KChrome Headless 151.0.7922.34 (Mac OS 10.15.7): Executed 764 of 1642[32m SUCCESS[39m (0 secs / 2.937 secs)
[1A[2KChrome Headless 151.0.7922.34 (Mac OS 10.15.7): Executed 765 of 1642[32m SUCCESS[39m (0 secs / 2.938 secs)
[1A[2KChrome Headless 151.0.7922.34 (Mac OS 10.15.7): Executed 766 of 1642[32m SUCCESS[39m (0 secs / 2.939 secs)
[1A[2KChrome Headless 151.0.7922.34 (Mac OS 10.15.7): Executed 767 of 1642[32m SUCCESS[39m (0 secs / 2.94 secs)
[1A[2KChrome Headless 151.0.7922.34 (Mac OS 10.15.7): Executed 768 of 1642[32m SUCCESS[39m (0 secs / 2.941 secs)
[1A[2KChrome Headless 151.0.7922.34 (Mac OS 10.15.7): Executed 769 of 1642[32m SUCCESS[39m (0 secs / 2.942 secs)
[1A[2KChrome Headless 151.0.7922.34 (Mac OS 10.15.7): Executed 770 of 1642[32m SUCCESS[39m (0 secs / 2.943 secs)
[1A[2KChrome Headless 151.0.7922.34 (Mac OS 10.15.7): Executed 771 of 1642[32m SUCCESS[39m (0 secs / 2.948 secs)
[1A[2KChrome Headless 151.0.7922.34 (Mac OS 10.15.7): Executed 772 of 1642[32m SUCCESS[39m (0 secs / 2.95 secs)
[1A[2KChrome Headless 151.0.7922.34 (Mac OS 10.15.7): Executed 773 of 1642[32m SUCCESS[39m (0 secs / 2.951 secs)
[1A[2KChrome Headless 151.0.7922.34 (Mac OS 10.15.7): Executed 774 of 1642[32m SUCCESS[39m (0 secs / 2.958 secs)
[1A[2KChrome Headless 151.0.7922.34 (Mac OS 10.15.7): Executed 775 of 1642[32m SUCCESS[39m (0 secs / 2.965 secs)
[1A[2KChrome Headless 151.0.7922.34 (Mac OS 10.15.7): Executed 776 of 1642[32m SUCCESS[39m (0 secs / 2.966 secs)
[1A[2KChrome Headless 151.0.7922.34 (Mac OS 10.15.7): Executed 777 of 1642[32m SUCCESS[39m (0 secs / 2.968 secs)
[1A[2KChrome Headless 151.0.7922.34 (Mac OS 10.15.7): Executed 778 of 1642[32m SUCCESS[39m (0 secs / 2.969 secs)
[1A[2KChrome Headless 151.0.7922.34 (Mac OS 10.15.7): Executed 779 of 1642[32m SUCCESS[39m (0 secs / 2.97 secs)
[1A[2KChrome Headless 151.0.7922.34 (Mac OS 10.15.7): Executed 780 of 1642[32m SUCCESS[39m (0 secs / 2.971 secs)
[1A[2KChrome Headless 151.0.7922.34 (Mac OS 10.15.7): Executed 781 of 1642[32m SUCCESS[39m (0 secs / 2.973 secs)
[1A[2KChrome Headless 151.0.7922.34 (Mac OS 10.15.7): Executed 782 of 1642[32m SUCCESS[39m (0 secs / 2.973 secs)
[1A[2KChrome Headless 151.0.7922.34 (Mac OS 10.15.7): Executed 783 of 1642[32m SUCCESS[39m (0 secs / 2.974 secs)
[1A[2KChrome Headless 151.0.7922.34 (Mac OS 10.15.7): Executed 784 of 1642[32m SUCCESS[39m (0 secs / 2.974 secs)
[1A[2KChrome Headless 151.0.7922.34 (Mac OS 10.15.7): Executed 785 of 1642[32m SUCCESS[39m (0 secs / 2.974 secs)
[1A[2KChrome Headless 151.0.7922.34 (Mac OS 10.15.7): Executed 786 of 1642[32m SUCCESS[39m (0 secs / 2.974 secs)
[1A[2KChrome Headless 151.0.7922.34 (Mac OS 10.15.7): Executed 787 of 1642[32m SUCCESS[39m (0 secs / 2.974 secs)
[1A[2KChrome Headless 151.0.7922.34 (Mac OS 10.15.7): Executed 788 of 1642[32m SUCCESS[39m (0 secs / 2.974 secs)
[1A[2KChrome Headless 151.0.7922.34 (Mac OS 10.15.7): Executed 789 of 1642[32m SUCCESS[39m (0 secs / 2.974 secs)
[1A[2KChrome Headless 151.0.7922.34 (Mac OS 10.15.7): Executed 790 of 1642[32m SUCCESS[39m (0 secs / 2.975 secs)
[1A[2KChrome Headless 151.0.7922.34 (Mac OS 10.15.7): Executed 791 of 1642[32m SUCCESS[39m (0 secs / 2.976 secs)
[1A[2KChrome Headless 151.0.7922.34 (Mac OS 10.15.7): Executed 792 of 1642[32m SUCCESS[39m (0 secs / 2.976 secs)
[1A[2KChrome Headless 151.0.7922.34 (Mac OS 10.15.7): Executed 793 of 1642[32m SUCCESS[39m (0 secs / 2.976 secs)
[1A[2KChrome Headless 151.0.7922.34 (Mac OS 10.15.7): Executed 794 of 1642[32m SUCCESS[39m (0 secs / 2.977 secs)
[1A[2KChrome Headless 151.0.7922.34 (Mac OS 10.15.7): Executed 795 of 1642[32m SUCCESS[39m (0 secs / 2.977 secs)
[1A[2KChrome Headless 151.0.7922.34 (Mac OS 10.15.7): Executed 796 of 1642[32m SUCCESS[39m (0 secs / 2.977 secs)
[1A[2KChrome Headless 151.0.7922.34 (Mac OS 10.15.7): Executed 797 of 1642[32m SUCCESS[39m (0 secs / 2.978 secs)
[1A[2KChrome Headless 151.0.7922.34 (Mac OS 10.15.7): Executed 798 of 1642[32m SUCCESS[39m (0 secs / 2.978 secs)
[1A[2KChrome Headless 151.0.7922.34 (Mac OS 10.15.7): Executed 799 of 1642[32m SUCCESS[39m (0 secs / 2.982 secs)
[1A[2KChrome Headless 151.0.7922.34 (Mac OS 10.15.7): Executed 800 of 1642[32m SUCCESS[39m (0 secs / 2.985 secs)
[1A[2KChrome Headless 151.0.7922.34 (Mac OS 10.15.7): Executed 801 of 1642[32m SUCCESS[39m (0 secs / 2.988 secs)
[1A[2KChrome Headless 151.0.7922.34 (Mac OS 10.15.7): Executed 802 of 1642[32m SUCCESS[39m (0 secs / 2.99 secs)
[1A[2KChrome Headless 151.0.7922.34 (Mac OS 10.15.7): Executed 803 of 1642[32m SUCCESS[39m (0 secs / 2.992 secs)
[1A[2KChrome Headless 151.0.7922.34 (Mac OS 10.15.7): Executed 804 of 1642[32m SUCCESS[39m (0 secs / 2.994 secs)
[1A[2KChrome Headless 151.0.7922.34 (Mac OS 10.15.7): Executed 805 of 1642[32m SUCCESS[39m (0 secs / 2.997 secs)
[1A[2KChrome Headless 151.0.7922.34 (Mac OS 10.15.7): Executed 806 of 1642[32m SUCCESS[39m (0 secs / 2.999 secs)
[1A[2KChrome Headless 151.0.7922.34 (Mac OS 10.15.7): Executed 807 of 1642[32m SUCCESS[39m (0 secs / 3.001 secs)
[1A[2KChrome Headless 151.0.7922.34 (Mac OS 10.15.7): Executed 808 of 1642[32m SUCCESS[39m (0 secs / 3.038 secs)
[1A[2KChrome Headless 151.0.7922.34 (Mac OS 10.15.7): Executed 809 of 1642[32m SUCCESS[39m (0 secs / 3.048 secs)
[1A[2KChrome Headless 151.0.7922.34 (Mac OS 10.15.7): Executed 810 of 1642[32m SUCCESS[39m (0 secs / 3.074 secs)
[1A[2KChrome Headless 151.0.7922.34 (Mac OS 10.15.7): Executed 811 of 1642[32m SUCCESS[39m (0 secs / 3.096 secs)
[1A[2KChrome Headless 151.0.7922.34 (Mac OS 10.15.7): Executed 812 of 1642[32m SUCCESS[39m (0 secs / 3.107 secs)
[1A[2KChrome Headless 151.0.7922.34 (Mac OS 10.15.7): Executed 813 of 1642[32m SUCCESS[39m (0 secs / 3.116 secs)
[1A[2KChrome Headless 151.0.7922.34 (Mac OS 10.15.7): Executed 814 of 1642[32m SUCCESS[39m (0 secs / 3.125 secs)
[1A[2KChrome Headless 151.0.7922.34 (Mac OS 10.15.7): Executed 815 of 1642[32m SUCCESS[39m (0 secs / 3.134 secs)
[1A[2KChrome Headless 151.0.7922.34 (Mac OS 10.15.7): Executed 816 of 1642[32m SUCCESS[39m (0 secs / 3.143 secs)
[1A[2KChrome Headless 151.0.7922.34 (Mac OS 10.15.7): Executed 817 of 1642[32m SUCCESS[39m (0 secs / 3.152 secs)
[1A[2KChrome Headless 151.0.7922.34 (Mac OS 10.15.7): Executed 818 of 1642[32m SUCCESS[39m (0 secs / 3.161 secs)
[1A[2KChrome Headless 151.0.7922.34 (Mac OS 10.15.7): Executed 819 of 1642[32m SUCCESS[39m (0 secs / 3.17 secs)
[1A[2KChrome Headless 151.0.7922.34 (Mac OS 10.15.7): Executed 820 of 1642[32m SUCCESS[39m (0 secs / 3.188 secs)
[1A[2KChrome Headless 151.0.7922.34 (Mac OS 10.15.7): Executed 821 of 1642[32m SUCCESS[39m (0 secs / 3.197 secs)
[1A[2KChrome Headless 151.0.7922.34 (Mac OS 10.15.7): Executed 822 of 1642[32m SUCCESS[39m (0 secs / 3.205 secs)
[1A[2KChrome Headless 151.0.7922.34 (Mac OS 10.15.7): Executed 823 of 1642[32m SUCCESS[39m (0 secs / 3.214 secs)
[1A[2KChrome Headless 151.0.7922.34 (Mac OS 10.15.7): Executed 824 of 1642[32m SUCCESS[39m (0 secs / 3.231 secs)
[1A[2KChrome Headless 151.0.7922.34 (Mac OS 10.15.7): Executed 825 of 1642[32m SUCCESS[39m (0 secs / 3.24 secs)
[1A[2KChrome Headless 151.0.7922.34 (Mac OS 10.15.7): Executed 826 of 1642[32m SUCCESS[39m (0 secs / 3.264 secs)
[1A[2KChrome Headless 151.0.7922.34 (Mac OS 10.15.7): Executed 827 of 1642[32m SUCCESS[39m (0 secs / 3.273 secs)
[1A[2KChrome Headless 151.0.7922.34 (Mac OS 10.15.7): Executed 828 of 1642[32m SUCCESS[39m (0 secs / 3.282 secs)
[1A[2KChrome Headless 151.0.7922.34 (Mac OS 10.15.7): Executed 829 of 1642[32m SUCCESS[39m (0 secs / 3.291 secs)
[1A[2KChrome Headless 151.0.7922.34 (Mac OS 10.15.7): Executed 830 of 1642[32m SUCCESS[39m (0 secs / 3.3 secs)
[1A[2KChrome Headless 151.0.7922.34 (Mac OS 10.15.7): Executed 831 of 1642[32m SUCCESS[39m (0 secs / 3.308 secs)
[1A[2KChrome Headless 151.0.7922.34 (Mac OS 10.15.7): Executed 832 of 1642[32m SUCCESS[39m (0 secs / 3.309 secs)
[1A[2KChrome Headless 151.0.7922.34 (Mac OS 10.15.7): Executed 833 of 1642[32m SUCCESS[39m (0 secs / 3.31 secs)
[1A[2KChrome Headless 151.0.7922.34 (Mac OS 10.15.7): Executed 834 of 1642[32m SUCCESS[39m (0 secs / 3.31 secs)
[1A[2KChrome Headless 151.0.7922.34 (Mac OS 10.15.7): Executed 835 of 1642[32m SUCCESS[39m (0 secs / 3.31 secs)
[1A[2KChrome Headless 151.0.7922.34 (Mac OS 10.15.7): Executed 836 of 1642[32m SUCCESS[39m (0 secs / 3.31 secs)
[1A[2KChrome Headless 151.0.7922.34 (Mac OS 10.15.7): Executed 837 of 1642[32m SUCCESS[39m (0 secs / 3.312 secs)
[1A[2KChrome Headless 151.0.7922.34 (Mac OS 10.15.7): Executed 838 of 1642[32m SUCCESS[39m (0 secs / 3.313 secs)
[1A[2KChrome Headless 151.0.7922.34 (Mac OS 10.15.7): Executed 839 of 1642[32m SUCCESS[39m (0 secs / 3.313 secs)
[1A[2KChrome Headless 151.0.7922.34 (Mac OS 10.15.7): Executed 840 of 1642[32m SUCCESS[39m (0 secs / 3.313 secs)
[1A[2KChrome Headless 151.0.7922.34 (Mac OS 10.15.7): Executed 841 of 1642[32m SUCCESS[39m (0 secs / 3.314 secs)
[1A[2KChrome Headless 151.0.7922.34 (Mac OS 10.15.7): Executed 842 of 1642[32m SUCCESS[39m (0 secs / 3.314 secs)
[1A[2KChrome Headless 151.0.7922.34 (Mac OS 10.15.7): Executed 843 of 1642[32m SUCCESS[39m (0 secs / 3.314 secs)
[1A[2KChrome Headless 151.0.7922.34 (Mac OS 10.15.7): Executed 844 of 1642[32m SUCCESS[39m (0 secs / 3.315 secs)
[1A[2KChrome Headless 151.0.7922.34 (Mac OS 10.15.7): Executed 845 of 1642[32m SUCCESS[39m (0 secs / 3.315 secs)
[1A[2KChrome Headless 151.0.7922.34 (Mac OS 10.15.7): Executed 846 of 1642[32m SUCCESS[39m (0 secs / 3.315 secs)
[1A[2KChrome Headless 151.0.7922.34 (Mac OS 10.15.7): Executed 847 of 1642[32m SUCCESS[39m (0 secs / 3.315 secs)
[1A[2KChrome Headless 151.0.7922.34 (Mac OS 10.15.7): Executed 848 of 1642[32m SUCCESS[39m (0 secs / 3.315 secs)
[1A[2KChrome Headless 151.0.7922.34 (Mac OS 10.15.7): Executed 849 of 1642[32m SUCCESS[39m (0 secs / 3.315 secs)
[1A[2KChrome Headless 151.0.7922.34 (Mac OS 10.15.7): Executed 850 of 1642[32m SUCCESS[39m (0 secs / 3.315 secs)
[1A[2KChrome Headless 151.0.7922.34 (Mac OS 10.15.7): Executed 851 of 1642[32m SUCCESS[39m (0 secs / 3.316 secs)
[1A[2KChrome Headless 151.0.7922.34 (Mac OS 10.15.7): Executed 852 of 1642[32m SUCCESS[39m (0 secs / 3.316 secs)
[1A[2KChrome Headless 151.0.7922.34 (Mac OS 10.15.7): Executed 853 of 1642[32m SUCCESS[39m (0 secs / 3.316 secs)
[1A[2KChrome Headless 151.0.7922.34 (Mac OS 10.15.7): Executed 854 of 1642[32m SUCCESS[39m (0 secs / 3.316 secs)
[1A[2KChrome Headless 151.0.7922.34 (Mac OS 10.15.7): Executed 855 of 1642[32m SUCCESS[39m (0 secs / 3.316 secs)
[1A[2KChrome Headless 151.0.7922.34 (Mac OS 10.15.7): Executed 856 of 1642[32m SUCCESS[39m (0 secs / 3.316 secs)
[1A[2KChrome Headless 151.0.7922.34 (Mac OS 10.15.7): Executed 857 of 1642[32m SUCCESS[39m (0 secs / 3.316 secs)
[1A[2KChrome Headless 151.0.7922.34 (Mac OS 10.15.7): Executed 858 of 1642[32m SUCCESS[39m (0 secs / 3.316 secs)
[1A[2KChrome Headless 151.0.7922.34 (Mac OS 10.15.7): Executed 859 of 1642[32m SUCCESS[39m (0 secs / 3.317 secs)
[1A[2KChrome Headless 151.0.7922.34 (Mac OS 10.15.7): Executed 860 of 1642[32m SUCCESS[39m (0 secs / 3.323 secs)
[1A[2KChrome Headless 151.0.7922.34 (Mac OS 10.15.7): Executed 861 of 1642[32m SUCCESS[39m (0 secs / 3.326 secs)
[1A[2KChrome Headless 151.0.7922.34 (Mac OS 10.15.7): Executed 862 of 1642[32m SUCCESS[39m (0 secs / 3.327 secs)
[1A[2KChrome Headless 151.0.7922.34 (Mac OS 10.15.7): Executed 863 of 1642[32m SUCCESS[39m (0 secs / 3.328 secs)
[1A[2KChrome Headless 151.0.7922.34 (Mac OS 10.15.7): Executed 864 of 1642[32m SUCCESS[39m (0 secs / 3.328 secs)
[1A[2KChrome Headless 151.0.7922.34 (Mac OS 10.15.7): Executed 865 of 1642[32m SUCCESS[39m (0 secs / 3.329 secs)
[1A[2KChrome Headless 151.0.7922.34 (Mac OS 10.15.7): Executed 866 of 1642[32m SUCCESS[39m (0 secs / 3.329 secs)
[1A[2KChrome Headless 151.0.7922.34 (Mac OS 10.15.7): Executed 867 of 1642[32m SUCCESS[39m (0 secs / 3.329 secs)
[1A[2KChrome Headless 151.0.7922.34 (Mac OS 10.15.7): Executed 868 of 1642[32m SUCCESS[39m (0 secs / 3.329 secs)
[1A[2KChrome Headless 151.0.7922.34 (Mac OS 10.15.7): Executed 869 of 1642[32m SUCCESS[39m (0 secs / 3.329 secs)
[1A[2KChrome Headless 151.0.7922.34 (Mac OS 10.15.7): Executed 870 of 1642[32m SUCCESS[39m (0 secs / 3.33 secs)
[1A[2KChrome Headless 151.0.7922.34 (Mac OS 10.15.7): Executed 871 of 1642[32m SUCCESS[39m (0 secs / 3.338 secs)
[1A[2KChrome Headless 151.0.7922.34 (Mac OS 10.15.7): Executed 872 of 1642[32m SUCCESS[39m (0 secs / 3.344 secs)
[1A[2KChrome Headless 151.0.7922.34 (Mac OS 10.15.7): Executed 873 of 1642[32m SUCCESS[39m (0 secs / 3.35 secs)
[1A[2KChrome Headless 151.0.7922.34 (Mac OS 10.15.7): Executed 874 of 1642[32m SUCCESS[39m (0 secs / 3.355 secs)
[1A[2KChrome Headless 151.0.7922.34 (Mac OS 10.15.7): Executed 875 of 1642[32m SUCCESS[39m (0 secs / 3.36 secs)
[1A[2KChrome Headless 151.0.7922.34 (Mac OS 10.15.7): Executed 876 of 1642[32m SUCCESS[39m (0 secs / 3.368 secs)
[1A[2KChrome Headless 151.0.7922.34 (Mac OS 10.15.7): Executed 877 of 1642[32m SUCCESS[39m (0 secs / 3.372 secs)
[1A[2KChrome Headless 151.0.7922.34 (Mac OS 10.15.7): Executed 878 of 1642[32m SUCCESS[39m (0 secs / 3.378 secs)
[1A[2KChrome Headless 151.0.7922.34 (Mac OS 10.15.7): Executed 879 of 1642[32m SUCCESS[39m (0 secs / 3.385 secs)
[1A[2KChrome Headless 151.0.7922.34 (Mac OS 10.15.7): Executed 880 of 1642[32m SUCCESS[39m (0 secs / 3.389 secs)
[1A[2KChrome Headless 151.0.7922.34 (Mac OS 10.15.7): Executed 881 of 1642[32m SUCCESS[39m (0 secs / 3.394 secs)
[1A[2KChrome Headless 151.0.7922.34 (Mac OS 10.15.7): Executed 882 of 1642[32m SUCCESS[39m (0 secs / 3.401 secs)
[1A[2KChrome Headless 151.0.7922.34 (Mac OS 10.15.7): Executed 883 of 1642[32m SUCCESS[39m (0 secs / 3.405 secs)
[1A[2KChrome Headless 151.0.7922.34 (Mac OS 10.15.7): Executed 884 of 1642[32m SUCCESS[39m (0 secs / 3.41 secs)
[1A[2KChrome Headless 151.0.7922.34 (Mac OS 10.15.7): Executed 885 of 1642[32m SUCCESS[39m (0 secs / 3.415 secs)
[1A[2KChrome Headless 151.0.7922.34 (Mac OS 10.15.7): Executed 886 of 1642[32m SUCCESS[39m (0 secs / 3.42 secs)
[1A[2KChrome Headless 151.0.7922.34 (Mac OS 10.15.7): Executed 887 of 1642[32m SUCCESS[39m (0 secs / 3.425 secs)
[1A[2KChrome Headless 151.0.7922.34 (Mac OS 10.15.7): Executed 888 of 1642[32m SUCCESS[39m (0 secs / 3.43 secs)
[1A[2KChrome Headless 151.0.7922.34 (Mac OS 10.15.7): Executed 889 of 1642[32m SUCCESS[39m (0 secs / 3.434 secs)
[1A[2KChrome Headless 151.0.7922.34 (Mac OS 10.15.7): Executed 890 of 1642[32m SUCCESS[39m (0 secs / 3.438 secs)
[1A[2KChrome Headless 151.0.7922.34 (Mac OS 10.15.7): Executed 891 of 1642[32m SUCCESS[39m (0 secs / 3.442 secs)
[1A[2KChrome Headless 151.0.7922.34 (Mac OS 10.15.7): Executed 892 of 1642[32m SUCCESS[39m (0 secs / 3.448 secs)
[1A[2KChrome Headless 151.0.7922.34 (Mac OS 10.15.7): Executed 893 of 1642[32m SUCCESS[39m (0 secs / 3.452 secs)
[1A[2KChrome Headless 151.0.7922.34 (Mac OS 10.15.7): Executed 894 of 1642[32m SUCCESS[39m (0 secs / 3.452 secs)
[1A[2KChrome Headless 151.0.7922.34 (Mac OS 10.15.7): Executed 895 of 1642[32m SUCCESS[39m (0 secs / 3.452 secs)
[1A[2KChrome Headless 151.0.7922.34 (Mac OS 10.15.7): Executed 896 of 1642[32m SUCCESS[39m (0 secs / 3.453 secs)
[1A[2KChrome Headless 151.0.7922.34 (Mac OS 10.15.7): Executed 897 of 1642[32m SUCCESS[39m (0 secs / 3.453 secs)
[1A[2KChrome Headless 151.0.7922.34 (Mac OS 10.15.7): Executed 898 of 1642[32m SUCCESS[39m (0 secs / 3.453 secs)
[1A[2KChrome Headless 151.0.7922.34 (Mac OS 10.15.7): Executed 899 of 1642[32m SUCCESS[39m (0 secs / 3.458 secs)
[1A[2KChrome Headless 151.0.7922.34 (Mac OS 10.15.7): Executed 900 of 1642[32m SUCCESS[39m (0 secs / 3.459 secs)
[1A[2KChrome Headless 151.0.7922.34 (Mac OS 10.15.7): Executed 901 of 1642[32m SUCCESS[39m (0 secs / 3.459 secs)
[1A[2KChrome Headless 151.0.7922.34 (Mac OS 10.15.7): Executed 902 of 1642[32m SUCCESS[39m (0 secs / 3.459 secs)
[1A[2KWARN: [36m'[FormTabsContainerComponent moves a middle tab right without changing a different active tab]', 'NG0956: The configured tracking expression (track by identity) caused re-creation of the entire collection of size 4. This is an expensive operation requiring destruction and subsequent creation of DOM nodes, directives, components etc. Please review the "track expression" and make sure that it uniquely identifies items in a collection. Find more at https://v20.angular.dev/errors/NG0956'[39m
Chrome Headless 151.0.7922.34 (Mac OS 10.15.7): Executed 902 of 1642[32m SUCCESS[39m (0 secs / 3.459 secs)
WARN: '[FormTabsContainerComponent moves a middle tab right without changing a different active tab]', 'NG0956: The configured tracking expression (track by identity) caused re-creation of the entire collection of size 4. This is an expensive operation requiring destruction and subsequent creation of DOM nodes, directives, components etc. Please review the "track expression" and make sure that it uniquely identifies items in a collection. Find more at https://v20.angular.dev/errors/NG0956'
[1A[2KWARN: [36m'[FormTabsContainerComponent moves a middle tab right without changing a different active tab]', 'NG0956: The configured tracking expression (track by identity) caused re-creation of the entire collection of size 4. This is an expensive operation requiring destruction and subsequent creation of DOM nodes, directives, components etc. Please review the "track expression" and make sure that it uniquely identifies items in a collection. Find more at https://v20.angular.dev/errors/NG0956'[39m
Chrome Headless 151.0.7922.34 (Mac OS 10.15.7): Executed 902 of 1642[32m SUCCESS[39m (0 secs / 3.459 secs)
WARN: '[FormTabsContainerComponent moves a middle tab right without changing a different active tab]', 'NG0956: The configured tracking expression (track by identity) caused re-creation of the entire collection of size 4. This is an expensive operation requiring destruction and subsequent creation of DOM nodes, directives, components etc. Please review the "track expression" and make sure that it uniquely identifies items in a collection. Find more at https://v20.angular.dev/errors/NG0956'
[1A[2KWARN: [36m'[FormTabsContainerComponent moves a middle tab right without changing a different active tab]', 'NG0956: The configured tracking expression (track by identity) caused re-creation of the entire collection of size 4. This is an expensive operation requiring destruction and subsequent creation of DOM nodes, directives, components etc. Please review the "track expression" and make sure that it uniquely identifies items in a collection. Find more at https://v20.angular.dev/errors/NG0956'[39m
Chrome Headless 151.0.7922.34 (Mac OS 10.15.7): Executed 902 of 1642[32m SUCCESS[39m (0 secs / 3.459 secs)
WARN: '[FormTabsContainerComponent moves a middle tab right without changing a different active tab]', 'NG0956: The configured tracking expression (track by identity) caused re-creation of the entire collection of size 4. This is an expensive operation requiring destruction and subsequent creation of DOM nodes, directives, components etc. Please review the "track expression" and make sure that it uniquely identifies items in a collection. Find more at https://v20.angular.dev/errors/NG0956'
[1A[2KWARN: [36m'[FormTabsContainerComponent moves a middle tab right without changing a different active tab]', 'NG0956: The configured tracking expression (track by identity) caused re-creation of the entire collection of size 4. This is an expensive operation requiring destruction and subsequent creation of DOM nodes, directives, components etc. Please review the "track expression" and make sure that it uniquely identifies items in a collection. Find more at https://v20.angular.dev/errors/NG0956'[39m
Chrome Headless 151.0.7922.34 (Mac OS 10.15.7): Executed 902 of 1642[32m SUCCESS[39m (0 secs / 3.459 secs)
WARN: '[FormTabsContainerComponent moves a middle tab right without changing a different active tab]', 'NG0956: The configured tracking expression (track by identity) caused re-creation of the entire collection of size 4. This is an expensive operation requiring destruction and subsequent creation of DOM nodes, directives, components etc. Please review the "track expression" and make sure that it uniquely identifies items in a collection. Find more at https://v20.angular.dev/errors/NG0956'
[1A[2KWARN: [36m'[FormTabsContainerComponent moves a middle tab right without changing a different active tab]', 'NG0956: The configured tracking expression (track by identity) caused re-creation of the entire collection of size 4. This is an expensive operation requiring destruction and subsequent creation of DOM nodes, directives, components etc. Please review the "track expression" and make sure that it uniquely identifies items in a collection. Find more at https://v20.angular.dev/errors/NG0956'[39m
Chrome Headless 151.0.7922.34 (Mac OS 10.15.7): Executed 902 of 1642[32m SUCCESS[39m (0 secs / 3.459 secs)
WARN: '[FormTabsContainerComponent moves a middle tab right without changing a different active tab]', 'NG0956: The configured tracking expression (track by identity) caused re-creation of the entire collection of size 4. This is an expensive operation requiring destruction and subsequent creation of DOM nodes, directives, components etc. Please review the "track expression" and make sure that it uniquely identifies items in a collection. Find more at https://v20.angular.dev/errors/NG0956'
[1A[2KWARN: [36m'[FormTabsContainerComponent moves a middle tab right without changing a different active tab]', 'NG0956: The configured tracking expression (track by identity) caused re-creation of the entire collection of size 4. This is an expensive operation requiring destruction and subsequent creation of DOM nodes, directives, components etc. Please review the "track expression" and make sure that it uniquely identifies items in a collection. Find more at https://v20.angular.dev/errors/NG0956'[39m
Chrome Headless 151.0.7922.34 (Mac OS 10.15.7): Executed 902 of 1642[32m SUCCESS[39m (0 secs / 3.459 secs)
WARN: '[FormTabsContainerComponent moves a middle tab right without changing a different active tab]', 'NG0956: The configured tracking expression (track by identity) caused re-creation of the entire collection of size 4. This is an expensive operation requiring destruction and subsequent creation of DOM nodes, directives, components etc. Please review the "track expression" and make sure that it uniquely identifies items in a collection. Find more at https://v20.angular.dev/errors/NG0956'
[1A[2KChrome Headless 151.0.7922.34 (Mac OS 10.15.7): Executed 903 of 1642[32m SUCCESS[39m (0 secs / 3.478 secs)
[1A[2KWARN: [36m'[FormTabsContainerComponent leaves a tab in place when rule cleanup is cancelled]', 'NG0956: The configured tracking expression (track by identity) caused re-creation of the entire collection of size 4. This is an expensive operation requiring destruction and subsequent creation of DOM nodes, directives, components etc. Please review the "track expression" and make sure that it uniquely identifies items in a collection. Find more at https://v20.angular.dev/errors/NG0956'[39m
Chrome Headless 151.0.7922.34 (Mac OS 10.15.7): Executed 903 of 1642[32m SUCCESS[39m (0 secs / 3.478 secs)
WARN: '[FormTabsContainerComponent leaves a tab in place when rule cleanup is cancelled]', 'NG0956: The configured tracking expression (track by identity) caused re-creation of the entire collection of size 4. This is an expensive operation requiring destruction and subsequent creation of DOM nodes, directives, components etc. Please review the "track expression" and make sure that it uniquely identifies items in a collection. Find more at https://v20.angular.dev/errors/NG0956'
[1A[2KWARN: [36m'[FormTabsContainerComponent leaves a tab in place when rule cleanup is cancelled]', 'NG0956: The configured tracking expression (track by identity) caused re-creation of the entire collection of size 4. This is an expensive operation requiring destruction and subsequent creation of DOM nodes, directives, components etc. Please review the "track expression" and make sure that it uniquely identifies items in a collection. Find more at https://v20.angular.dev/errors/NG0956'[39m
Chrome Headless 151.0.7922.34 (Mac OS 10.15.7): Executed 903 of 1642[32m SUCCESS[39m (0 secs / 3.478 secs)
WARN: '[FormTabsContainerComponent leaves a tab in place when rule cleanup is cancelled]', 'NG0956: The configured tracking expression (track by identity) caused re-creation of the entire collection of size 4. This is an expensive operation requiring destruction and subsequent creation of DOM nodes, directives, components etc. Please review the "track expression" and make sure that it uniquely identifies items in a collection. Find more at https://v20.angular.dev/errors/NG0956'
[1A[2KWARN: [36m'[FormTabsContainerComponent leaves a tab in place when rule cleanup is cancelled]', 'NG0956: The configured tracking expression (track by identity) caused re-creation of the entire collection of size 4. This is an expensive operation requiring destruction and subsequent creation of DOM nodes, directives, components etc. Please review the "track expression" and make sure that it uniquely identifies items in a collection. Find more at https://v20.angular.dev/errors/NG0956'[39m
Chrome Headless 151.0.7922.34 (Mac OS 10.15.7): Executed 903 of 1642[32m SUCCESS[39m (0 secs / 3.478 secs)
WARN: '[FormTabsContainerComponent leaves a tab in place when rule cleanup is cancelled]', 'NG0956: The configured tracking expression (track by identity) caused re-creation of the entire collection of size 4. This is an expensive operation requiring destruction and subsequent creation of DOM nodes, directives, components etc. Please review the "track expression" and make sure that it uniquely identifies items in a collection. Find more at https://v20.angular.dev/errors/NG0956'
[1A[2KChrome Headless 151.0.7922.34 (Mac OS 10.15.7): Executed 904 of 1642[32m SUCCESS[39m (0 secs / 3.49 secs)
[1A[2KWARN: [36m'[FormTabsContainerComponent moves a middle tab left and keeps the active tab stable by id]', 'NG0956: The configured tracking expression (track by identity) caused re-creation of the entire collection of size 4. This is an expensive operation requiring destruction and subsequent creation of DOM nodes, directives, components etc. Please review the "track expression" and make sure that it uniquely identifies items in a collection. Find more at https://v20.angular.dev/errors/NG0956'[39m
Chrome Headless 151.0.7922.34 (Mac OS 10.15.7): Executed 904 of 1642[32m SUCCESS[39m (0 secs / 3.49 secs)
WARN: '[FormTabsContainerComponent moves a middle tab left and keeps the active tab stable by id]', 'NG0956: The configured tracking expression (track by identity) caused re-creation of the entire collection of size 4. This is an expensive operation requiring destruction and subsequent creation of DOM nodes, directives, components etc. Please review the "track expression" and make sure that it uniquely identifies items in a collection. Find more at https://v20.angular.dev/errors/NG0956'
[1A[2KWARN: [36m'[FormTabsContainerComponent moves a middle tab left and keeps the active tab stable by id]', 'NG0956: The configured tracking expression (track by identity) caused re-creation of the entire collection of size 4. This is an expensive operation requiring destruction and subsequent creation of DOM nodes, directives, components etc. Please review the "track expression" and make sure that it uniquely identifies items in a collection. Find more at https://v20.angular.dev/errors/NG0956'[39m
Chrome Headless 151.0.7922.34 (Mac OS 10.15.7): Executed 904 of 1642[32m SUCCESS[39m (0 secs / 3.49 secs)
WARN: '[FormTabsContainerComponent moves a middle tab left and keeps the active tab stable by id]', 'NG0956: The configured tracking expression (track by identity) caused re-creation of the entire collection of size 4. This is an expensive operation requiring destruction and subsequent creation of DOM nodes, directives, components etc. Please review the "track expression" and make sure that it uniquely identifies items in a collection. Find more at https://v20.angular.dev/errors/NG0956'
[1A[2KWARN: [36m'[FormTabsContainerComponent moves a middle tab left and keeps the active tab stable by id]', 'NG0956: The configured tracking expression (track by identity) caused re-creation of the entire collection of size 4. This is an expensive operation requiring destruction and subsequent creation of DOM nodes, directives, components etc. Please review the "track expression" and make sure that it uniquely identifies items in a collection. Find more at https://v20.angular.dev/errors/NG0956'[39m
Chrome Headless 151.0.7922.34 (Mac OS 10.15.7): Executed 904 of 1642[32m SUCCESS[39m (0 secs / 3.49 secs)
WARN: '[FormTabsContainerComponent moves a middle tab left and keeps the active tab stable by id]', 'NG0956: The configured tracking expression (track by identity) caused re-creation of the entire collection of size 4. This is an expensive operation requiring destruction and subsequent creation of DOM nodes, directives, components etc. Please review the "track expression" and make sure that it uniquely identifies items in a collection. Find more at https://v20.angular.dev/errors/NG0956'
[1A[2KWARN: [36m'[FormTabsContainerComponent moves a middle tab left and keeps the active tab stable by id]', 'NG0956: The configured tracking expression (track by identity) caused re-creation of the entire collection of size 4. This is an expensive operation requiring destruction and subsequent creation of DOM nodes, directives, components etc. Please review the "track expression" and make sure that it uniquely identifies items in a collection. Find more at https://v20.angular.dev/errors/NG0956'[39m
Chrome Headless 151.0.7922.34 (Mac OS 10.15.7): Executed 904 of 1642[32m SUCCESS[39m (0 secs / 3.49 secs)
WARN: '[FormTabsContainerComponent moves a middle tab left and keeps the active tab stable by id]', 'NG0956: The configured tracking expression (track by identity) caused re-creation of the entire collection of size 4. This is an expensive operation requiring destruction and subsequent creation of DOM nodes, directives, components etc. Please review the "track expression" and make sure that it uniquely identifies items in a collection. Find more at https://v20.angular.dev/errors/NG0956'
[1A[2KWARN: [36m'[FormTabsContainerComponent moves a middle tab left and keeps the active tab stable by id]', 'NG0956: The configured tracking expression (track by identity) caused re-creation of the entire collection of size 4. This is an expensive operation requiring destruction and subsequent creation of DOM nodes, directives, components etc. Please review the "track expression" and make sure that it uniquely identifies items in a collection. Find more at https://v20.angular.dev/errors/NG0956'[39m
Chrome Headless 151.0.7922.34 (Mac OS 10.15.7): Executed 904 of 1642[32m SUCCESS[39m (0 secs / 3.49 secs)
WARN: '[FormTabsContainerComponent moves a middle tab left and keeps the active tab stable by id]', 'NG0956: The configured tracking expression (track by identity) caused re-creation of the entire collection of size 4. This is an expensive operation requiring destruction and subsequent creation of DOM nodes, directives, components etc. Please review the "track expression" and make sure that it uniquely identifies items in a collection. Find more at https://v20.angular.dev/errors/NG0956'
[1A[2KWARN: [36m'[FormTabsContainerComponent moves a middle tab left and keeps the active tab stable by id]', 'NG0956: The configured tracking expression (track by identity) caused re-creation of the entire collection of size 4. This is an expensive operation requiring destruction and subsequent creation of DOM nodes, directives, components etc. Please review the "track expression" and make sure that it uniquely identifies items in a collection. Find more at https://v20.angular.dev/errors/NG0956'[39m
Chrome Headless 151.0.7922.34 (Mac OS 10.15.7): Executed 904 of 1642[32m SUCCESS[39m (0 secs / 3.49 secs)
WARN: '[FormTabsContainerComponent moves a middle tab left and keeps the active tab stable by id]', 'NG0956: The configured tracking expression (track by identity) caused re-creation of the entire collection of size 4. This is an expensive operation requiring destruction and subsequent creation of DOM nodes, directives, components etc. Please review the "track expression" and make sure that it uniquely identifies items in a collection. Find more at https://v20.angular.dev/errors/NG0956'
[1A[2KChrome Headless 151.0.7922.34 (Mac OS 10.15.7): Executed 905 of 1642[32m SUCCESS[39m (0 secs / 3.505 secs)
[1A[2KWARN: [36m'[FormTabsContainerComponent confirms rule cleanup and emits deleted tab data keys]', 'NG0956: The configured tracking expression (track by identity) caused re-creation of the entire collection of size 4. This is an expensive operation requiring destruction and subsequent creation of DOM nodes, directives, components etc. Please review the "track expression" and make sure that it uniquely identifies items in a collection. Find more at https://v20.angular.dev/errors/NG0956'[39m
Chrome Headless 151.0.7922.34 (Mac OS 10.15.7): Executed 905 of 1642[32m SUCCESS[39m (0 secs / 3.505 secs)
WARN: '[FormTabsContainerComponent confirms rule cleanup and emits deleted tab data keys]', 'NG0956: The configured tracking expression (track by identity) caused re-creation of the entire collection of size 4. This is an expensive operation requiring destruction and subsequent creation of DOM nodes, directives, components etc. Please review the "track expression" and make sure that it uniquely identifies items in a collection. Find more at https://v20.angular.dev/errors/NG0956'
[1A[2KWARN: [36m'[FormTabsContainerComponent confirms rule cleanup and emits deleted tab data keys]', 'NG0956: The configured tracking expression (track by identity) caused re-creation of the entire collection of size 4. This is an expensive operation requiring destruction and subsequent creation of DOM nodes, directives, components etc. Please review the "track expression" and make sure that it uniquely identifies items in a collection. Find more at https://v20.angular.dev/errors/NG0956'[39m
Chrome Headless 151.0.7922.34 (Mac OS 10.15.7): Executed 905 of 1642[32m SUCCESS[39m (0 secs / 3.505 secs)
WARN: '[FormTabsContainerComponent confirms rule cleanup and emits deleted tab data keys]', 'NG0956: The configured tracking expression (track by identity) caused re-creation of the entire collection of size 4. This is an expensive operation requiring destruction and subsequent creation of DOM nodes, directives, components etc. Please review the "track expression" and make sure that it uniquely identifies items in a collection. Find more at https://v20.angular.dev/errors/NG0956'
[1A[2KWARN: [36m'[FormTabsContainerComponent confirms rule cleanup and emits deleted tab data keys]', 'NG0956: The configured tracking expression (track by identity) caused re-creation of the entire collection of size 4. This is an expensive operation requiring destruction and subsequent creation of DOM nodes, directives, components etc. Please review the "track expression" and make sure that it uniquely identifies items in a collection. Find more at https://v20.angular.dev/errors/NG0956'[39m
Chrome Headless 151.0.7922.34 (Mac OS 10.15.7): Executed 905 of 1642[32m SUCCESS[39m (0 secs / 3.505 secs)
WARN: '[FormTabsContainerComponent confirms rule cleanup and emits deleted tab data keys]', 'NG0956: The configured tracking expression (track by identity) caused re-creation of the entire collection of size 4. This is an expensive operation requiring destruction and subsequent creation of DOM nodes, directives, components etc. Please review the "track expression" and make sure that it uniquely identifies items in a collection. Find more at https://v20.angular.dev/errors/NG0956'
[1A[2KChrome Headless 151.0.7922.34 (Mac OS 10.15.7): Executed 906 of 1642[32m SUCCESS[39m (0 secs / 3.519 secs)
[1A[2KChrome Headless 151.0.7922.34 (Mac OS 10.15.7): Executed 907 of 1642[32m SUCCESS[39m (0 secs / 3.531 secs)
[1A[2KChrome Headless 151.0.7922.34 (Mac OS 10.15.7): Executed 908 of 1642[32m SUCCESS[39m (0 secs / 3.541 secs)
[1A[2KWARN: [36m'[FormTabsContainerComponent disables delete when only one tab remains]', 'NG0956: The configured tracking expression (track by identity) caused re-creation of the entire collection of size 4. This is an expensive operation requiring destruction and subsequent creation of DOM nodes, directives, components etc. Please review the "track expression" and make sure that it uniquely identifies items in a collection. Find more at https://v20.angular.dev/errors/NG0956'[39m
Chrome Headless 151.0.7922.34 (Mac OS 10.15.7): Executed 908 of 1642[32m SUCCESS[39m (0 secs / 3.541 secs)
WARN: '[FormTabsContainerComponent disables delete when only one tab remains]', 'NG0956: The configured tracking expression (track by identity) caused re-creation of the entire collection of size 4. This is an expensive operation requiring destruction and subsequent creation of DOM nodes, directives, components etc. Please review the "track expression" and make sure that it uniquely identifies items in a collection. Find more at https://v20.angular.dev/errors/NG0956'
[1A[2KChrome Headless 151.0.7922.34 (Mac OS 10.15.7): Executed 909 of 1642[32m SUCCESS[39m (0 secs / 3.557 secs)
[1A[2KWARN: [36m'[FormTabsContainerComponent starts rename mode from the menu action and commits the new label on Enter]', 'NG0956: The configured tracking expression (track by identity) caused re-creation of the entire collection of size 4. This is an expensive operation requiring destruction and subsequent creation of DOM nodes, directives, components etc. Please review the "track expression" and make sure that it uniquely identifies items in a collection. Find more at https://v20.angular.dev/errors/NG0956'[39m
Chrome Headless 151.0.7922.34 (Mac OS 10.15.7): Executed 909 of 1642[32m SUCCESS[39m (0 secs / 3.557 secs)
WARN: '[FormTabsContainerComponent starts rename mode from the menu action and commits the new label on Enter]', 'NG0956: The configured tracking expression (track by identity) caused re-creation of the entire collection of size 4. This is an expensive operation requiring destruction and subsequent creation of DOM nodes, directives, components etc. Please review the "track expression" and make sure that it uniquely identifies items in a collection. Find more at https://v20.angular.dev/errors/NG0956'
[1A[2KWARN: [36m'[FormTabsContainerComponent starts rename mode from the menu action and commits the new label on Enter]', 'NG0956: The configured tracking expression (track by identity) caused re-creation of the entire collection of size 4. This is an expensive operation requiring destruction and subsequent creation of DOM nodes, directives, components etc. Please review the "track expression" and make sure that it uniquely identifies items in a collection. Find more at https://v20.angular.dev/errors/NG0956'[39m
Chrome Headless 151.0.7922.34 (Mac OS 10.15.7): Executed 909 of 1642[32m SUCCESS[39m (0 secs / 3.557 secs)
WARN: '[FormTabsContainerComponent starts rename mode from the menu action and commits the new label on Enter]', 'NG0956: The configured tracking expression (track by identity) caused re-creation of the entire collection of size 4. This is an expensive operation requiring destruction and subsequent creation of DOM nodes, directives, components etc. Please review the "track expression" and make sure that it uniquely identifies items in a collection. Find more at https://v20.angular.dev/errors/NG0956'
[1A[2KWARN: [36m'[FormTabsContainerComponent starts rename mode from the menu action and commits the new label on Enter]', 'NG0956: The configured tracking expression (track by identity) caused re-creation of the entire collection of size 4. This is an expensive operation requiring destruction and subsequent creation of DOM nodes, directives, components etc. Please review the "track expression" and make sure that it uniquely identifies items in a collection. Find more at https://v20.angular.dev/errors/NG0956'[39m
Chrome Headless 151.0.7922.34 (Mac OS 10.15.7): Executed 909 of 1642[32m SUCCESS[39m (0 secs / 3.557 secs)
WARN: '[FormTabsContainerComponent starts rename mode from the menu action and commits the new label on Enter]', 'NG0956: The configured tracking expression (track by identity) caused re-creation of the entire collection of size 4. This is an expensive operation requiring destruction and subsequent creation of DOM nodes, directives, components etc. Please review the "track expression" and make sure that it uniquely identifies items in a collection. Find more at https://v20.angular.dev/errors/NG0956'
[1A[2KWARN: [36m'[FormTabsContainerComponent starts rename mode from the menu action and commits the new label on Enter]', 'NG0956: The configured tracking expression (track by identity) caused re-creation of the entire collection of size 4. This is an expensive operation requiring destruction and subsequent creation of DOM nodes, directives, components etc. Please review the "track expression" and make sure that it uniquely identifies items in a collection. Find more at https://v20.angular.dev/errors/NG0956'[39m
Chrome Headless 151.0.7922.34 (Mac OS 10.15.7): Executed 909 of 1642[32m SUCCESS[39m (0 secs / 3.557 secs)
WARN: '[FormTabsContainerComponent starts rename mode from the menu action and commits the new label on Enter]', 'NG0956: The configured tracking expression (track by identity) caused re-creation of the entire collection of size 4. This is an expensive operation requiring destruction and subsequent creation of DOM nodes, directives, components etc. Please review the "track expression" and make sure that it uniquely identifies items in a collection. Find more at https://v20.angular.dev/errors/NG0956'
[1A[2KWARN: [36m'[FormTabsContainerComponent starts rename mode from the menu action and commits the new label on Enter]', 'NG0956: The configured tracking expression (track by identity) caused re-creation of the entire collection of size 4. This is an expensive operation requiring destruction and subsequent creation of DOM nodes, directives, components etc. Please review the "track expression" and make sure that it uniquely identifies items in a collection. Find more at https://v20.angular.dev/errors/NG0956'[39m
Chrome Headless 151.0.7922.34 (Mac OS 10.15.7): Executed 909 of 1642[32m SUCCESS[39m (0 secs / 3.557 secs)
WARN: '[FormTabsContainerComponent starts rename mode from the menu action and commits the new label on Enter]', 'NG0956: The configured tracking expression (track by identity) caused re-creation of the entire collection of size 4. This is an expensive operation requiring destruction and subsequent creation of DOM nodes, directives, components etc. Please review the "track expression" and make sure that it uniquely identifies items in a collection. Find more at https://v20.angular.dev/errors/NG0956'
[1A[2KWARN: [36m'[FormTabsContainerComponent starts rename mode from the menu action and commits the new label on Enter]', 'NG0956: The configured tracking expression (track by identity) caused re-creation of the entire collection of size 4. This is an expensive operation requiring destruction and subsequent creation of DOM nodes, directives, components etc. Please review the "track expression" and make sure that it uniquely identifies items in a collection. Find more at https://v20.angular.dev/errors/NG0956'[39m
Chrome Headless 151.0.7922.34 (Mac OS 10.15.7): Executed 909 of 1642[32m SUCCESS[39m (0 secs / 3.557 secs)
WARN: '[FormTabsContainerComponent starts rename mode from the menu action and commits the new label on Enter]', 'NG0956: The configured tracking expression (track by identity) caused re-creation of the entire collection of size 4. This is an expensive operation requiring destruction and subsequent creation of DOM nodes, directives, components etc. Please review the "track expression" and make sure that it uniquely identifies items in a collection. Find more at https://v20.angular.dev/errors/NG0956'
[1A[2KChrome Headless 151.0.7922.34 (Mac OS 10.15.7): Executed 910 of 1642[32m SUCCESS[39m (0 secs / 3.573 secs)
[1A[2KWARN: [36m'[FormTabsContainerComponent deletes the first active tab and falls back to the first remaining tab]', 'NG0956: The configured tracking expression (track by identity) caused re-creation of the entire collection of size 4. This is an expensive operation requiring destruction and subsequent creation of DOM nodes, directives, components etc. Please review the "track expression" and make sure that it uniquely identifies items in a collection. Find more at https://v20.angular.dev/errors/NG0956'[39m
Chrome Headless 151.0.7922.34 (Mac OS 10.15.7): Executed 910 of 1642[32m SUCCESS[39m (0 secs / 3.573 secs)
WARN: '[FormTabsContainerComponent deletes the first active tab and falls back to the first remaining tab]', 'NG0956: The configured tracking expression (track by identity) caused re-creation of the entire collection of size 4. This is an expensive operation requiring destruction and subsequent creation of DOM nodes, directives, components etc. Please review the "track expression" and make sure that it uniquely identifies items in a collection. Find more at https://v20.angular.dev/errors/NG0956'
[1A[2KWARN: [36m'[FormTabsContainerComponent deletes the first active tab and falls back to the first remaining tab]', 'NG0956: The configured tracking expression (track by identity) caused re-creation of the entire collection of size 4. This is an expensive operation requiring destruction and subsequent creation of DOM nodes, directives, components etc. Please review the "track expression" and make sure that it uniquely identifies items in a collection. Find more at https://v20.angular.dev/errors/NG0956'[39m
Chrome Headless 151.0.7922.34 (Mac OS 10.15.7): Executed 910 of 1642[32m SUCCESS[39m (0 secs / 3.573 secs)
WARN: '[FormTabsContainerComponent deletes the first active tab and falls back to the first remaining tab]', 'NG0956: The configured tracking expression (track by identity) caused re-creation of the entire collection of size 4. This is an expensive operation requiring destruction and subsequent creation of DOM nodes, directives, components etc. Please review the "track expression" and make sure that it uniquely identifies items in a collection. Find more at https://v20.angular.dev/errors/NG0956'
[1A[2KWARN: [36m'[FormTabsContainerComponent deletes the first active tab and falls back to the first remaining tab]', 'NG0956: The configured tracking expression (track by identity) caused re-creation of the entire collection of size 4. This is an expensive operation requiring destruction and subsequent creation of DOM nodes, directives, components etc. Please review the "track expression" and make sure that it uniquely identifies items in a collection. Find more at https://v20.angular.dev/errors/NG0956'[39m
Chrome Headless 151.0.7922.34 (Mac OS 10.15.7): Executed 910 of 1642[32m SUCCESS[39m (0 secs / 3.573 secs)
WARN: '[FormTabsContainerComponent deletes the first active tab and falls back to the first remaining tab]', 'NG0956: The configured tracking expression (track by identity) caused re-creation of the entire collection of size 4. This is an expensive operation requiring destruction and subsequent creation of DOM nodes, directives, components etc. Please review the "track expression" and make sure that it uniquely identifies items in a collection. Find more at https://v20.angular.dev/errors/NG0956'
[1A[2KWARN: [36m'[FormTabsContainerComponent deletes the first active tab and falls back to the first remaining tab]', 'NG0956: The configured tracking expression (track by identity) caused re-creation of the entire collection of size 4. This is an expensive operation requiring destruction and subsequent creation of DOM nodes, directives, components etc. Please review the "track expression" and make sure that it uniquely identifies items in a collection. Find more at https://v20.angular.dev/errors/NG0956'[39m
Chrome Headless 151.0.7922.34 (Mac OS 10.15.7): Executed 910 of 1642[32m SUCCESS[39m (0 secs / 3.573 secs)
WARN: '[FormTabsContainerComponent deletes the first active tab and falls back to the first remaining tab]', 'NG0956: The configured tracking expression (track by identity) caused re-creation of the entire collection of size 4. This is an expensive operation requiring destruction and subsequent creation of DOM nodes, directives, components etc. Please review the "track expression" and make sure that it uniquely identifies items in a collection. Find more at https://v20.angular.dev/errors/NG0956'
[1A[2KWARN: [36m'[FormTabsContainerComponent deletes the first active tab and falls back to the first remaining tab]', 'NG0956: The configured tracking expression (track by identity) caused re-creation of the entire collection of size 4. This is an expensive operation requiring destruction and subsequent creation of DOM nodes, directives, components etc. Please review the "track expression" and make sure that it uniquely identifies items in a collection. Find more at https://v20.angular.dev/errors/NG0956'[39m
Chrome Headless 151.0.7922.34 (Mac OS 10.15.7): Executed 910 of 1642[32m SUCCESS[39m (0 secs / 3.573 secs)
WARN: '[FormTabsContainerComponent deletes the first active tab and falls back to the first remaining tab]', 'NG0956: The configured tracking expression (track by identity) caused re-creation of the entire collection of size 4. This is an expensive operation requiring destruction and subsequent creation of DOM nodes, directives, components etc. Please review the "track expression" and make sure that it uniquely identifies items in a collection. Find more at https://v20.angular.dev/errors/NG0956'
[1A[2KChrome Headless 151.0.7922.34 (Mac OS 10.15.7): Executed 911 of 1642[32m SUCCESS[39m (0 secs / 3.587 secs)
[1A[2KChrome Headless 151.0.7922.34 (Mac OS 10.15.7): Executed 912 of 1642[32m SUCCESS[39m (0 secs / 3.599 secs)
[1A[2KWARN: [36m'[FormTabsContainerComponent cancels rename on Escape without mutating the tab label]', 'NG0956: The configured tracking expression (track by identity) caused re-creation of the entire collection of size 4. This is an expensive operation requiring destruction and subsequent creation of DOM nodes, directives, components etc. Please review the "track expression" and make sure that it uniquely identifies items in a collection. Find more at https://v20.angular.dev/errors/NG0956'[39m
Chrome Headless 151.0.7922.34 (Mac OS 10.15.7): Executed 912 of 1642[32m SUCCESS[39m (0 secs / 3.599 secs)
WARN: '[FormTabsContainerComponent cancels rename on Escape without mutating the tab label]', 'NG0956: The configured tracking expression (track by identity) caused re-creation of the entire collection of size 4. This is an expensive operation requiring destruction and subsequent creation of DOM nodes, directives, components etc. Please review the "track expression" and make sure that it uniquely identifies items in a collection. Find more at https://v20.angular.dev/errors/NG0956'
[1A[2KWARN: [36m'[FormTabsContainerComponent cancels rename on Escape without mutating the tab label]', 'NG0956: The configured tracking expression (track by identity) caused re-creation of the entire collection of size 4. This is an expensive operation requiring destruction and subsequent creation of DOM nodes, directives, components etc. Please review the "track expression" and make sure that it uniquely identifies items in a collection. Find more at https://v20.angular.dev/errors/NG0956'[39m
Chrome Headless 151.0.7922.34 (Mac OS 10.15.7): Executed 912 of 1642[32m SUCCESS[39m (0 secs / 3.599 secs)
WARN: '[FormTabsContainerComponent cancels rename on Escape without mutating the tab label]', 'NG0956: The configured tracking expression (track by identity) caused re-creation of the entire collection of size 4. This is an expensive operation requiring destruction and subsequent creation of DOM nodes, directives, components etc. Please review the "track expression" and make sure that it uniquely identifies items in a collection. Find more at https://v20.angular.dev/errors/NG0956'
[1A[2KWARN: [36m'[FormTabsContainerComponent cancels rename on Escape without mutating the tab label]', 'NG0956: The configured tracking expression (track by identity) caused re-creation of the entire collection of size 4. This is an expensive operation requiring destruction and subsequent creation of DOM nodes, directives, components etc. Please review the "track expression" and make sure that it uniquely identifies items in a collection. Find more at https://v20.angular.dev/errors/NG0956'[39m
Chrome Headless 151.0.7922.34 (Mac OS 10.15.7): Executed 912 of 1642[32m SUCCESS[39m (0 secs / 3.599 secs)
WARN: '[FormTabsContainerComponent cancels rename on Escape without mutating the tab label]', 'NG0956: The configured tracking expression (track by identity) caused re-creation of the entire collection of size 4. This is an expensive operation requiring destruction and subsequent creation of DOM nodes, directives, components etc. Please review the "track expression" and make sure that it uniquely identifies items in a collection. Find more at https://v20.angular.dev/errors/NG0956'
[1A[2KWARN: [36m'[FormTabsContainerComponent cancels rename on Escape without mutating the tab label]', 'NG0956: The configured tracking expression (track by identity) caused re-creation of the entire collection of size 4. This is an expensive operation requiring destruction and subsequent creation of DOM nodes, directives, components etc. Please review the "track expression" and make sure that it uniquely identifies items in a collection. Find more at https://v20.angular.dev/errors/NG0956'[39m
Chrome Headless 151.0.7922.34 (Mac OS 10.15.7): Executed 912 of 1642[32m SUCCESS[39m (0 secs / 3.599 secs)
WARN: '[FormTabsContainerComponent cancels rename on Escape without mutating the tab label]', 'NG0956: The configured tracking expression (track by identity) caused re-creation of the entire collection of size 4. This is an expensive operation requiring destruction and subsequent creation of DOM nodes, directives, components etc. Please review the "track expression" and make sure that it uniquely identifies items in a collection. Find more at https://v20.angular.dev/errors/NG0956'
[1A[2KChrome Headless 151.0.7922.34 (Mac OS 10.15.7): Executed 913 of 1642[32m SUCCESS[39m (0 secs / 3.614 secs)
[1A[2KWARN: [36m'[FormTabsContainerComponent adds a new tab and makes it active]', 'NG0956: The configured tracking expression (track by identity) caused re-creation of the entire collection of size 4. This is an expensive operation requiring destruction and subsequent creation of DOM nodes, directives, components etc. Please review the "track expression" and make sure that it uniquely identifies items in a collection. Find more at https://v20.angular.dev/errors/NG0956'[39m
Chrome Headless 151.0.7922.34 (Mac OS 10.15.7): Executed 913 of 1642[32m SUCCESS[39m (0 secs / 3.614 secs)
WARN: '[FormTabsContainerComponent adds a new tab and makes it active]', 'NG0956: The configured tracking expression (track by identity) caused re-creation of the entire collection of size 4. This is an expensive operation requiring destruction and subsequent creation of DOM nodes, directives, components etc. Please review the "track expression" and make sure that it uniquely identifies items in a collection. Find more at https://v20.angular.dev/errors/NG0956'
[1A[2KWARN: [36m'[FormTabsContainerComponent adds a new tab and makes it active]', 'NG0956: The configured tracking expression (track by identity) caused re-creation of the entire collection of size 4. This is an expensive operation requiring destruction and subsequent creation of DOM nodes, directives, components etc. Please review the "track expression" and make sure that it uniquely identifies items in a collection. Find more at https://v20.angular.dev/errors/NG0956'[39m
Chrome Headless 151.0.7922.34 (Mac OS 10.15.7): Executed 913 of 1642[32m SUCCESS[39m (0 secs / 3.614 secs)
WARN: '[FormTabsContainerComponent adds a new tab and makes it active]', 'NG0956: The configured tracking expression (track by identity) caused re-creation of the entire collection of size 4. This is an expensive operation requiring destruction and subsequent creation of DOM nodes, directives, components etc. Please review the "track expression" and make sure that it uniquely identifies items in a collection. Find more at https://v20.angular.dev/errors/NG0956'
[1A[2KWARN: [36m'[FormTabsContainerComponent adds a new tab and makes it active]', 'NG0956: The configured tracking expression (track by identity) caused re-creation of the entire collection of size 4. This is an expensive operation requiring destruction and subsequent creation of DOM nodes, directives, components etc. Please review the "track expression" and make sure that it uniquely identifies items in a collection. Find more at https://v20.angular.dev/errors/NG0956'[39m
Chrome Headless 151.0.7922.34 (Mac OS 10.15.7): Executed 913 of 1642[32m SUCCESS[39m (0 secs / 3.614 secs)
WARN: '[FormTabsContainerComponent adds a new tab and makes it active]', 'NG0956: The configured tracking expression (track by identity) caused re-creation of the entire collection of size 4. This is an expensive operation requiring destruction and subsequent creation of DOM nodes, directives, components etc. Please review the "track expression" and make sure that it uniquely identifies items in a collection. Find more at https://v20.angular.dev/errors/NG0956'
[1A[2KChrome Headless 151.0.7922.34 (Mac OS 10.15.7): Executed 914 of 1642[32m SUCCESS[39m (0 secs / 3.627 secs)
[1A[2KWARN: [36m'[FormTabsContainerComponent selects the first tab by default and switches tabs by id]', 'NG0956: The configured tracking expression (track by identity) caused re-creation of the entire collection of size 4. This is an expensive operation requiring destruction and subsequent creation of DOM nodes, directives, components etc. Please review the "track expression" and make sure that it uniquely identifies items in a collection. Find more at https://v20.angular.dev/errors/NG0956'[39m
Chrome Headless 151.0.7922.34 (Mac OS 10.15.7): Executed 914 of 1642[32m SUCCESS[39m (0 secs / 3.627 secs)
WARN: '[FormTabsContainerComponent selects the first tab by default and switches tabs by id]', 'NG0956: The configured tracking expression (track by identity) caused re-creation of the entire collection of size 4. This is an expensive operation requiring destruction and subsequent creation of DOM nodes, directives, components etc. Please review the "track expression" and make sure that it uniquely identifies items in a collection. Find more at https://v20.angular.dev/errors/NG0956'
[1A[2KWARN: [36m'[FormTabsContainerComponent selects the first tab by default and switches tabs by id]', 'NG0956: The configured tracking expression (track by identity) caused re-creation of the entire collection of size 4. This is an expensive operation requiring destruction and subsequent creation of DOM nodes, directives, components etc. Please review the "track expression" and make sure that it uniquely identifies items in a collection. Find more at https://v20.angular.dev/errors/NG0956'[39m
Chrome Headless 151.0.7922.34 (Mac OS 10.15.7): Executed 914 of 1642[32m SUCCESS[39m (0 secs / 3.627 secs)
WARN: '[FormTabsContainerComponent selects the first tab by default and switches tabs by id]', 'NG0956: The configured tracking expression (track by identity) caused re-creation of the entire collection of size 4. This is an expensive operation requiring destruction and subsequent creation of DOM nodes, directives, components etc. Please review the "track expression" and make sure that it uniquely identifies items in a collection. Find more at https://v20.angular.dev/errors/NG0956'
[1A[2KWARN: [36m'[FormTabsContainerComponent selects the first tab by default and switches tabs by id]', 'NG0956: The configured tracking expression (track by identity) caused re-creation of the entire collection of size 4. This is an expensive operation requiring destruction and subsequent creation of DOM nodes, directives, components etc. Please review the "track expression" and make sure that it uniquely identifies items in a collection. Find more at https://v20.angular.dev/errors/NG0956'[39m
Chrome Headless 151.0.7922.34 (Mac OS 10.15.7): Executed 914 of 1642[32m SUCCESS[39m (0 secs / 3.627 secs)
WARN: '[FormTabsContainerComponent selects the first tab by default and switches tabs by id]', 'NG0956: The configured tracking expression (track by identity) caused re-creation of the entire collection of size 4. This is an expensive operation requiring destruction and subsequent creation of DOM nodes, directives, components etc. Please review the "track expression" and make sure that it uniquely identifies items in a collection. Find more at https://v20.angular.dev/errors/NG0956'
[1A[2KChrome Headless 151.0.7922.34 (Mac OS 10.15.7): Executed 915 of 1642[32m SUCCESS[39m (0 secs / 3.639 secs)
[1A[2KWARN: [36m'[FormTabsContainerComponent deletes a non-active tab without changing the current active tab]', 'NG0956: The configured tracking expression (track by identity) caused re-creation of the entire collection of size 4. This is an expensive operation requiring destruction and subsequent creation of DOM nodes, directives, components etc. Please review the "track expression" and make sure that it uniquely identifies items in a collection. Find more at https://v20.angular.dev/errors/NG0956'[39m
Chrome Headless 151.0.7922.34 (Mac OS 10.15.7): Executed 915 of 1642[32m SUCCESS[39m (0 secs / 3.639 secs)
WARN: '[FormTabsContainerComponent deletes a non-active tab without changing the current active tab]', 'NG0956: The configured tracking expression (track by identity) caused re-creation of the entire collection of size 4. This is an expensive operation requiring destruction and subsequent creation of DOM nodes, directives, components etc. Please review the "track expression" and make sure that it uniquely identifies items in a collection. Find more at https://v20.angular.dev/errors/NG0956'
[1A[2KWARN: [36m'[FormTabsContainerComponent deletes a non-active tab without changing the current active tab]', 'NG0956: The configured tracking expression (track by identity) caused re-creation of the entire collection of size 4. This is an expensive operation requiring destruction and subsequent creation of DOM nodes, directives, components etc. Please review the "track expression" and make sure that it uniquely identifies items in a collection. Find more at https://v20.angular.dev/errors/NG0956'[39m
Chrome Headless 151.0.7922.34 (Mac OS 10.15.7): Executed 915 of 1642[32m SUCCESS[39m (0 secs / 3.639 secs)
WARN: '[FormTabsContainerComponent deletes a non-active tab without changing the current active tab]', 'NG0956: The configured tracking expression (track by identity) caused re-creation of the entire collection of size 4. This is an expensive operation requiring destruction and subsequent creation of DOM nodes, directives, components etc. Please review the "track expression" and make sure that it uniquely identifies items in a collection. Find more at https://v20.angular.dev/errors/NG0956'
[1A[2KWARN: [36m'[FormTabsContainerComponent deletes a non-active tab without changing the current active tab]', 'NG0956: The configured tracking expression (track by identity) caused re-creation of the entire collection of size 4. This is an expensive operation requiring destruction and subsequent creation of DOM nodes, directives, components etc. Please review the "track expression" and make sure that it uniquely identifies items in a collection. Find more at https://v20.angular.dev/errors/NG0956'[39m
Chrome Headless 151.0.7922.34 (Mac OS 10.15.7): Executed 915 of 1642[32m SUCCESS[39m (0 secs / 3.639 secs)
WARN: '[FormTabsContainerComponent deletes a non-active tab without changing the current active tab]', 'NG0956: The configured tracking expression (track by identity) caused re-creation of the entire collection of size 4. This is an expensive operation requiring destruction and subsequent creation of DOM nodes, directives, components etc. Please review the "track expression" and make sure that it uniquely identifies items in a collection. Find more at https://v20.angular.dev/errors/NG0956'
[1A[2KWARN: [36m'[FormTabsContainerComponent deletes a non-active tab without changing the current active tab]', 'NG0956: The configured tracking expression (track by identity) caused re-creation of the entire collection of size 4. This is an expensive operation requiring destruction and subsequent creation of DOM nodes, directives, components etc. Please review the "track expression" and make sure that it uniquely identifies items in a collection. Find more at https://v20.angular.dev/errors/NG0956'[39m
Chrome Headless 151.0.7922.34 (Mac OS 10.15.7): Executed 915 of 1642[32m SUCCESS[39m (0 secs / 3.639 secs)
WARN: '[FormTabsContainerComponent deletes a non-active tab without changing the current active tab]', 'NG0956: The configured tracking expression (track by identity) caused re-creation of the entire collection of size 4. This is an expensive operation requiring destruction and subsequent creation of DOM nodes, directives, components etc. Please review the "track expression" and make sure that it uniquely identifies items in a collection. Find more at https://v20.angular.dev/errors/NG0956'
[1A[2KWARN: [36m'[FormTabsContainerComponent deletes a non-active tab without changing the current active tab]', 'NG0956: The configured tracking expression (track by identity) caused re-creation of the entire collection of size 4. This is an expensive operation requiring destruction and subsequent creation of DOM nodes, directives, components etc. Please review the "track expression" and make sure that it uniquely identifies items in a collection. Find more at https://v20.angular.dev/errors/NG0956'[39m
Chrome Headless 151.0.7922.34 (Mac OS 10.15.7): Executed 915 of 1642[32m SUCCESS[39m (0 secs / 3.639 secs)
WARN: '[FormTabsContainerComponent deletes a non-active tab without changing the current active tab]', 'NG0956: The configured tracking expression (track by identity) caused re-creation of the entire collection of size 4. This is an expensive operation requiring destruction and subsequent creation of DOM nodes, directives, components etc. Please review the "track expression" and make sure that it uniquely identifies items in a collection. Find more at https://v20.angular.dev/errors/NG0956'
[1A[2KChrome Headless 151.0.7922.34 (Mac OS 10.15.7): Executed 916 of 1642[32m SUCCESS[39m (0 secs / 3.655 secs)
[1A[2KChrome Headless 151.0.7922.34 (Mac OS 10.15.7): Executed 917 of 1642[32m SUCCESS[39m (0 secs / 3.665 secs)
[1A[2KWARN: [36m'[FormTabsContainerComponent deletes the active tab and falls back to the tab on the left]', 'NG0956: The configured tracking expression (track by identity) caused re-creation of the entire collection of size 4. This is an expensive operation requiring destruction and subsequent creation of DOM nodes, directives, components etc. Please review the "track expression" and make sure that it uniquely identifies items in a collection. Find more at https://v20.angular.dev/errors/NG0956'[39m
Chrome Headless 151.0.7922.34 (Mac OS 10.15.7): Executed 917 of 1642[32m SUCCESS[39m (0 secs / 3.665 secs)
WARN: '[FormTabsContainerComponent deletes the active tab and falls back to the tab on the left]', 'NG0956: The configured tracking expression (track by identity) caused re-creation of the entire collection of size 4. This is an expensive operation requiring destruction and subsequent creation of DOM nodes, directives, components etc. Please review the "track expression" and make sure that it uniquely identifies items in a collection. Find more at https://v20.angular.dev/errors/NG0956'
[1A[2KWARN: [36m'[FormTabsContainerComponent deletes the active tab and falls back to the tab on the left]', 'NG0956: The configured tracking expression (track by identity) caused re-creation of the entire collection of size 4. This is an expensive operation requiring destruction and subsequent creation of DOM nodes, directives, components etc. Please review the "track expression" and make sure that it uniquely identifies items in a collection. Find more at https://v20.angular.dev/errors/NG0956'[39m
Chrome Headless 151.0.7922.34 (Mac OS 10.15.7): Executed 917 of 1642[32m SUCCESS[39m (0 secs / 3.665 secs)
WARN: '[FormTabsContainerComponent deletes the active tab and falls back to the tab on the left]', 'NG0956: The configured tracking expression (track by identity) caused re-creation of the entire collection of size 4. This is an expensive operation requiring destruction and subsequent creation of DOM nodes, directives, components etc. Please review the "track expression" and make sure that it uniquely identifies items in a collection. Find more at https://v20.angular.dev/errors/NG0956'
[1A[2KWARN: [36m'[FormTabsContainerComponent deletes the active tab and falls back to the tab on the left]', 'NG0956: The configured tracking expression (track by identity) caused re-creation of the entire collection of size 4. This is an expensive operation requiring destruction and subsequent creation of DOM nodes, directives, components etc. Please review the "track expression" and make sure that it uniquely identifies items in a collection. Find more at https://v20.angular.dev/errors/NG0956'[39m
Chrome Headless 151.0.7922.34 (Mac OS 10.15.7): Executed 917 of 1642[32m SUCCESS[39m (0 secs / 3.665 secs)
WARN: '[FormTabsContainerComponent deletes the active tab and falls back to the tab on the left]', 'NG0956: The configured tracking expression (track by identity) caused re-creation of the entire collection of size 4. This is an expensive operation requiring destruction and subsequent creation of DOM nodes, directives, components etc. Please review the "track expression" and make sure that it uniquely identifies items in a collection. Find more at https://v20.angular.dev/errors/NG0956'
[1A[2KWARN: [36m'[FormTabsContainerComponent deletes the active tab and falls back to the tab on the left]', 'NG0956: The configured tracking expression (track by identity) caused re-creation of the entire collection of size 4. This is an expensive operation requiring destruction and subsequent creation of DOM nodes, directives, components etc. Please review the "track expression" and make sure that it uniquely identifies items in a collection. Find more at https://v20.angular.dev/errors/NG0956'[39m
Chrome Headless 151.0.7922.34 (Mac OS 10.15.7): Executed 917 of 1642[32m SUCCESS[39m (0 secs / 3.665 secs)
WARN: '[FormTabsContainerComponent deletes the active tab and falls back to the tab on the left]', 'NG0956: The configured tracking expression (track by identity) caused re-creation of the entire collection of size 4. This is an expensive operation requiring destruction and subsequent creation of DOM nodes, directives, components etc. Please review the "track expression" and make sure that it uniquely identifies items in a collection. Find more at https://v20.angular.dev/errors/NG0956'
[1A[2KWARN: [36m'[FormTabsContainerComponent deletes the active tab and falls back to the tab on the left]', 'NG0956: The configured tracking expression (track by identity) caused re-creation of the entire collection of size 4. This is an expensive operation requiring destruction and subsequent creation of DOM nodes, directives, components etc. Please review the "track expression" and make sure that it uniquely identifies items in a collection. Find more at https://v20.angular.dev/errors/NG0956'[39m
Chrome Headless 151.0.7922.34 (Mac OS 10.15.7): Executed 917 of 1642[32m SUCCESS[39m (0 secs / 3.665 secs)
WARN: '[FormTabsContainerComponent deletes the active tab and falls back to the tab on the left]', 'NG0956: The configured tracking expression (track by identity) caused re-creation of the entire collection of size 4. This is an expensive operation requiring destruction and subsequent creation of DOM nodes, directives, components etc. Please review the "track expression" and make sure that it uniquely identifies items in a collection. Find more at https://v20.angular.dev/errors/NG0956'
[1A[2KChrome Headless 151.0.7922.34 (Mac OS 10.15.7): Executed 918 of 1642[32m SUCCESS[39m (0 secs / 3.678 secs)
[1A[2KChrome Headless 151.0.7922.34 (Mac OS 10.15.7): Executed 919 of 1642[32m SUCCESS[39m (0 secs / 3.679 secs)
[1A[2KWARN: [36m'[FsCardComponent onResizeStart should update currentWidth on pointermove with positive delta when resizeEnabled is true]', 'NG0953: Unexpected emit for destroyed `OutputRef`. The owning directive/component is destroyed.'[39m
Chrome Headless 151.0.7922.34 (Mac OS 10.15.7): Executed 919 of 1642[32m SUCCESS[39m (0 secs / 3.679 secs)
WARN: '[FsCardComponent onResizeStart should update currentWidth on pointermove with positive delta when resizeEnabled is true]', 'NG0953: Unexpected emit for destroyed `OutputRef`. The owning directive/component is destroyed.'
[1A[2KChrome Headless 151.0.7922.34 (Mac OS 10.15.7): Executed 920 of 1642[32m SUCCESS[39m (0 secs / 3.68 secs)
[1A[2KChrome Headless 151.0.7922.34 (Mac OS 10.15.7): Executed 921 of 1642[32m SUCCESS[39m (0 secs / 3.681 secs)
[1A[2KChrome Headless 151.0.7922.34 (Mac OS 10.15.7): Executed 922 of 1642[32m SUCCESS[39m (0 secs / 3.682 secs)
[1A[2KChrome Headless 151.0.7922.34 (Mac OS 10.15.7): Executed 923 of 1642[32m SUCCESS[39m (0 secs / 3.683 secs)
[1A[2KChrome Headless 151.0.7922.34 (Mac OS 10.15.7): Executed 924 of 1642[32m SUCCESS[39m (0 secs / 3.685 secs)
[1A[2KChrome Headless 151.0.7922.34 (Mac OS 10.15.7): Executed 925 of 1642[32m SUCCESS[39m (0 secs / 3.686 secs)
[1A[2KChrome Headless 151.0.7922.34 (Mac OS 10.15.7): Executed 926 of 1642[32m SUCCESS[39m (0 secs / 3.686 secs)
[1A[2KChrome Headless 151.0.7922.34 (Mac OS 10.15.7): Executed 927 of 1642[32m SUCCESS[39m (0 secs / 3.688 secs)
[1A[2KChrome Headless 151.0.7922.34 (Mac OS 10.15.7): Executed 928 of 1642[32m SUCCESS[39m (0 secs / 3.689 secs)
[1A[2KChrome Headless 151.0.7922.34 (Mac OS 10.15.7): Executed 929 of 1642[32m SUCCESS[39m (0 secs / 3.69 secs)
[1A[2KChrome Headless 151.0.7922.34 (Mac OS 10.15.7): Executed 930 of 1642[32m SUCCESS[39m (0 secs / 3.69 secs)
[1A[2KChrome Headless 151.0.7922.34 (Mac OS 10.15.7): Executed 931 of 1642[32m SUCCESS[39m (0 secs / 3.692 secs)
[1A[2KChrome Headless 151.0.7922.34 (Mac OS 10.15.7): Executed 932 of 1642[32m SUCCESS[39m (0 secs / 3.693 secs)
[1A[2KChrome Headless 151.0.7922.34 (Mac OS 10.15.7): Executed 933 of 1642[32m SUCCESS[39m (0 secs / 3.694 secs)
[1A[2KChrome Headless 151.0.7922.34 (Mac OS 10.15.7): Executed 934 of 1642[32m SUCCESS[39m (0 secs / 3.694 secs)
[1A[2KChrome Headless 151.0.7922.34 (Mac OS 10.15.7): Executed 935 of 1642[32m SUCCESS[39m (0 secs / 3.695 secs)
[1A[2KChrome Headless 151.0.7922.34 (Mac OS 10.15.7): Executed 936 of 1642[32m SUCCESS[39m (0 secs / 3.696 secs)
[1A[2KChrome Headless 151.0.7922.34 (Mac OS 10.15.7): Executed 937 of 1642[32m SUCCESS[39m (0 secs / 3.696 secs)
[1A[2KChrome Headless 151.0.7922.34 (Mac OS 10.15.7): Executed 938 of 1642[32m SUCCESS[39m (0 secs / 3.697 secs)
[1A[2KChrome Headless 151.0.7922.34 (Mac OS 10.15.7): Executed 939 of 1642[32m SUCCESS[39m (0 secs / 3.698 secs)
[1A[2KChrome Headless 151.0.7922.34 (Mac OS 10.15.7): Executed 940 of 1642[32m SUCCESS[39m (0 secs / 3.699 secs)
[1A[2KChrome Headless 151.0.7922.34 (Mac OS 10.15.7): Executed 941 of 1642[32m SUCCESS[39m (0 secs / 3.699 secs)
[1A[2KChrome Headless 151.0.7922.34 (Mac OS 10.15.7): Executed 942 of 1642[32m SUCCESS[39m (0 secs / 3.7 secs)
[1A[2KChrome Headless 151.0.7922.34 (Mac OS 10.15.7): Executed 943 of 1642[32m SUCCESS[39m (0 secs / 3.7 secs)
[1A[2KChrome Headless 151.0.7922.34 (Mac OS 10.15.7): Executed 944 of 1642[32m SUCCESS[39m (0 secs / 3.7 secs)
[1A[2KChrome Headless 151.0.7922.34 (Mac OS 10.15.7): Executed 945 of 1642[32m SUCCESS[39m (0 secs / 3.701 secs)
[1A[2KChrome Headless 151.0.7922.34 (Mac OS 10.15.7): Executed 946 of 1642[32m SUCCESS[39m (0 secs / 3.701 secs)
[1A[2KChrome Headless 151.0.7922.34 (Mac OS 10.15.7): Executed 947 of 1642[32m SUCCESS[39m (0 secs / 3.701 secs)
[1A[2KChrome Headless 151.0.7922.34 (Mac OS 10.15.7): Executed 948 of 1642[32m SUCCESS[39m (0 secs / 3.702 secs)
[1A[2KChrome Headless 151.0.7922.34 (Mac OS 10.15.7): Executed 949 of 1642[32m SUCCESS[39m (0 secs / 3.703 secs)
[1A[2KChrome Headless 151.0.7922.34 (Mac OS 10.15.7): Executed 950 of 1642[32m SUCCESS[39m (0 secs / 3.703 secs)
[1A[2KChrome Headless 151.0.7922.34 (Mac OS 10.15.7): Executed 951 of 1642[32m SUCCESS[39m (0 secs / 3.703 secs)
[1A[2KChrome Headless 151.0.7922.34 (Mac OS 10.15.7): Executed 952 of 1642[32m SUCCESS[39m (0 secs / 3.704 secs)
[1A[2KChrome Headless 151.0.7922.34 (Mac OS 10.15.7): Executed 953 of 1642[32m SUCCESS[39m (0 secs / 3.704 secs)
[1A[2KChrome Headless 151.0.7922.34 (Mac OS 10.15.7): Executed 954 of 1642[32m SUCCESS[39m (0 secs / 3.705 secs)
[1A[2KChrome Headless 151.0.7922.34 (Mac OS 10.15.7): Executed 955 of 1642[32m SUCCESS[39m (0 secs / 3.705 secs)
[1A[2KChrome Headless 151.0.7922.34 (Mac OS 10.15.7): Executed 956 of 1642[32m SUCCESS[39m (0 secs / 3.706 secs)
[1A[2KChrome Headless 151.0.7922.34 (Mac OS 10.15.7): Executed 957 of 1642[32m SUCCESS[39m (0 secs / 3.706 secs)
[1A[2KChrome Headless 151.0.7922.34 (Mac OS 10.15.7): Executed 958 of 1642[32m SUCCESS[39m (0 secs / 3.706 secs)
[1A[2KChrome Headless 151.0.7922.34 (Mac OS 10.15.7): Executed 959 of 1642[32m SUCCESS[39m (0 secs / 3.706 secs)
[1A[2KChrome Headless 151.0.7922.34 (Mac OS 10.15.7): Executed 960 of 1642[32m SUCCESS[39m (0 secs / 3.707 secs)
[1A[2KChrome Headless 151.0.7922.34 (Mac OS 10.15.7): Executed 961 of 1642[32m SUCCESS[39m (0 secs / 3.707 secs)
[1A[2KChrome Headless 151.0.7922.34 (Mac OS 10.15.7): Executed 962 of 1642[32m SUCCESS[39m (0 secs / 3.707 secs)
[1A[2KChrome Headless 151.0.7922.34 (Mac OS 10.15.7): Executed 963 of 1642[32m SUCCESS[39m (0 secs / 3.708 secs)
[1A[2KChrome Headless 151.0.7922.34 (Mac OS 10.15.7): Executed 964 of 1642[32m SUCCESS[39m (0 secs / 3.708 secs)
[1A[2KChrome Headless 151.0.7922.34 (Mac OS 10.15.7): Executed 965 of 1642[32m SUCCESS[39m (0 secs / 3.709 secs)
[1A[2KChrome Headless 151.0.7922.34 (Mac OS 10.15.7): Executed 966 of 1642[32m SUCCESS[39m (0 secs / 3.709 secs)
[1A[2KChrome Headless 151.0.7922.34 (Mac OS 10.15.7): Executed 967 of 1642[32m SUCCESS[39m (0 secs / 3.71 secs)
[1A[2KChrome Headless 151.0.7922.34 (Mac OS 10.15.7): Executed 968 of 1642[32m SUCCESS[39m (0 secs / 3.71 secs)
[1A[2KChrome Headless 151.0.7922.34 (Mac OS 10.15.7): Executed 969 of 1642[32m SUCCESS[39m (0 secs / 3.711 secs)
[1A[2KChrome Headless 151.0.7922.34 (Mac OS 10.15.7): Executed 970 of 1642[32m SUCCESS[39m (0 secs / 3.711 secs)
[1A[2KChrome Headless 151.0.7922.34 (Mac OS 10.15.7): Executed 971 of 1642[32m SUCCESS[39m (0 secs / 3.72 secs)
[1A[2KChrome Headless 151.0.7922.34 (Mac OS 10.15.7): Executed 972 of 1642[32m SUCCESS[39m (0 secs / 3.725 secs)
[1A[2KChrome Headless 151.0.7922.34 (Mac OS 10.15.7): Executed 973 of 1642[32m SUCCESS[39m (0 secs / 3.73 secs)
[1A[2KChrome Headless 151.0.7922.34 (Mac OS 10.15.7): Executed 974 of 1642[32m SUCCESS[39m (0 secs / 3.735 secs)
[1A[2KChrome Headless 151.0.7922.34 (Mac OS 10.15.7): Executed 975 of 1642[32m SUCCESS[39m (0 secs / 3.744 secs)
[1A[2KChrome Headless 151.0.7922.34 (Mac OS 10.15.7): Executed 976 of 1642[32m SUCCESS[39m (0 secs / 3.75 secs)
[1A[2KChrome Headless 151.0.7922.34 (Mac OS 10.15.7): Executed 977 of 1642[32m SUCCESS[39m (0 secs / 3.754 secs)
[1A[2KChrome Headless 151.0.7922.34 (Mac OS 10.15.7): Executed 978 of 1642[32m SUCCESS[39m (0 secs / 3.76 secs)
[1A[2KChrome Headless 151.0.7922.34 (Mac OS 10.15.7): Executed 979 of 1642[32m SUCCESS[39m (0 secs / 3.766 secs)
[1A[2KChrome Headless 151.0.7922.34 (Mac OS 10.15.7): Executed 980 of 1642[32m SUCCESS[39m (0 secs / 3.771 secs)
[1A[2KChrome Headless 151.0.7922.34 (Mac OS 10.15.7): Executed 981 of 1642[32m SUCCESS[39m (0 secs / 3.776 secs)
[1A[2KChrome Headless 151.0.7922.34 (Mac OS 10.15.7): Executed 982 of 1642[32m SUCCESS[39m (0 secs / 3.78 secs)
[1A[2KChrome Headless 151.0.7922.34 (Mac OS 10.15.7): Executed 983 of 1642[32m SUCCESS[39m (0 secs / 3.783 secs)
[1A[2KChrome Headless 151.0.7922.34 (Mac OS 10.15.7): Executed 984 of 1642[32m SUCCESS[39m (0 secs / 3.785 secs)
[1A[2KChrome Headless 151.0.7922.34 (Mac OS 10.15.7): Executed 985 of 1642[32m SUCCESS[39m (0 secs / 3.787 secs)
[1A[2KChrome Headless 151.0.7922.34 (Mac OS 10.15.7): Executed 986 of 1642[32m SUCCESS[39m (0 secs / 3.787 secs)
[1A[2KChrome Headless 151.0.7922.34 (Mac OS 10.15.7): Executed 987 of 1642[32m SUCCESS[39m (0 secs / 3.787 secs)
[1A[2KChrome Headless 151.0.7922.34 (Mac OS 10.15.7): Executed 988 of 1642[32m SUCCESS[39m (0 secs / 3.787 secs)
[1A[2KChrome Headless 151.0.7922.34 (Mac OS 10.15.7): Executed 989 of 1642[32m SUCCESS[39m (0 secs / 3.787 secs)
[1A[2KChrome Headless 151.0.7922.34 (Mac OS 10.15.7): Executed 990 of 1642[32m SUCCESS[39m (0 secs / 3.787 secs)
[1A[2KChrome Headless 151.0.7922.34 (Mac OS 10.15.7): Executed 991 of 1642[32m SUCCESS[39m (0 secs / 3.787 secs)
[1A[2KChrome Headless 151.0.7922.34 (Mac OS 10.15.7): Executed 992 of 1642[32m SUCCESS[39m (0 secs / 3.789 secs)
[1A[2KERROR: [36m'[InstantiateTemplateModalBase should return empty data and clear templates when loading fails]', 'Failed to load test templates', Error: boom
Error: boom
    at errorFactory (http://localhost:9878/_karma_webpack_/webpack:/src/app/main/components/work-order/shared/template-instantiation-modal/instantiate-template-modal.base.spec.ts:172:72)
    at Observable._subscribe (http://localhost:9878/_karma_webpack_/webpack:/node_modules/rxjs/dist/esm/internal/observable/throwError.js:5:51)
    at Observable._trySubscribe (http://localhost:9878/_karma_webpack_/webpack:/node_modules/rxjs/dist/esm/internal/Observable.js:37:25)
    at cb (http://localhost:9878/_karma_webpack_/webpack:/node_modules/rxjs/dist/esm/internal/Observable.js:31:30)
    at errorContext (http://localhost:9878/_karma_webpack_/webpack:/node_modules/rxjs/dist/esm/internal/util/errorContext.js:19:9)
    at Observable.subscribe (http://localhost:9878/_karma_webpack_/webpack:/node_modules/rxjs/dist/esm/internal/Observable.js:22:21)
    at init (http://localhost:9878/_karma_webpack_/webpack:/node_modules/rxjs/dist/esm/internal/operators/map.js:6:16)
    at OperatorSubscriber.call (http://localhost:9878/_karma_webpack_/webpack:/node_modules/rxjs/dist/esm/internal/util/lift.js:10:28)
    at cb (http://localhost:9878/_karma_webpack_/webpack:/node_modules/rxjs/dist/esm/internal/Observable.js:26:30)
    at errorContext (http://localhost:9878/_karma_webpack_/webpack:/node_modules/rxjs/dist/esm/internal/util/errorContext.js:19:9)[39m
Chrome Headless 151.0.7922.34 (Mac OS 10.15.7): Executed 992 of 1642[32m SUCCESS[39m (0 secs / 3.789 secs)
ERROR: '[InstantiateTemplateModalBase should return empty data and clear templates when loading fails]', 'Failed to load test templates', Error: boom
Error: boom
    at errorFactory (http://localhost:9878/_karma_webpack_/webpack:/src/app/main/components/work-order/shared/template-instantiation-modal/instantiate-template-modal.base.spec.ts:172:72)
    at Observable._subscribe (http://localhost:9878/_karma_webpack_/webpack:/node_modules/rxjs/dist/esm/internal/observable/throwError.js:5:51)
    at Observable._trySubscribe (http://localhost:9878/_karma_webpack_/webpack:/node_modules/rxjs/dist/esm/internal/Observable.js:37:25)
    at cb (http://localhost:9878/_karma_webpack_/webpack:/node_modules/rxjs/dist/esm/internal/Observable.js:31:30)
    at errorContext (http://localhost:9878/_karma_webpack_/webpack:/node_modules/rxjs/dist/esm/internal/util/errorContext.js:19:9)
    at Observable.subscribe (http://localhost:9878/_karma_webpack_/webpack:/node_modules/rxjs/dist/esm/internal/Observable.js:22:21)
    at init (http://localhost:9878/_karma_webpack_/webpack:/node_modules/rxjs/dist/esm/internal/operators/map.js:6:16)
    at OperatorSubscriber.call (http://localhost:9878/_karma_webpack_/webpack:/node_modules/rxjs/dist/esm/internal/util/lift.js:10:28)
    at cb (http://localhost:9878/_karma_webpack_/webpack:/node_modules/rxjs/dist/esm/internal/Observable.js:26:30)
    at errorContext (http://localhost:9878/_karma_webpack_/webpack:/node_modules/rxjs/dist/esm/internal/util/errorContext.js:19:9)
[1A[2KChrome Headless 151.0.7922.34 (Mac OS 10.15.7): Executed 993 of 1642[32m SUCCESS[39m (0 secs / 3.789 secs)
[1A[2KChrome Headless 151.0.7922.34 (Mac OS 10.15.7): Executed 994 of 1642[32m SUCCESS[39m (0 secs / 3.789 secs)
[1A[2KChrome Headless 151.0.7922.34 (Mac OS 10.15.7): Executed 995 of 1642[32m SUCCESS[39m (0 secs / 3.79 secs)
[1A[2KChrome Headless 151.0.7922.34 (Mac OS 10.15.7): Executed 996 of 1642[32m SUCCESS[39m (0 secs / 3.79 secs)
[1A[2KChrome Headless 151.0.7922.34 (Mac OS 10.15.7): Executed 997 of 1642[32m SUCCESS[39m (0 secs / 3.79 secs)
[1A[2KChrome Headless 151.0.7922.34 (Mac OS 10.15.7): Executed 998 of 1642[32m SUCCESS[39m (0 secs / 3.791 secs)
[1A[2KChrome Headless 151.0.7922.34 (Mac OS 10.15.7): Executed 999 of 1642[32m SUCCESS[39m (0 secs / 3.791 secs)
[1A[2KChrome Headless 151.0.7922.34 (Mac OS 10.15.7): Executed 1000 of 1642[32m SUCCESS[39m (0 secs / 3.792 secs)
[1A[2KChrome Headless 151.0.7922.34 (Mac OS 10.15.7): Executed 1001 of 1642[32m SUCCESS[39m (0 secs / 3.792 secs)
[1A[2KChrome Headless 151.0.7922.34 (Mac OS 10.15.7): Executed 1002 of 1642[32m SUCCESS[39m (0 secs / 3.792 secs)
[1A[2KChrome Headless 151.0.7922.34 (Mac OS 10.15.7): Executed 1003 of 1642[32m SUCCESS[39m (0 secs / 3.792 secs)
[1A[2KChrome Headless 151.0.7922.34 (Mac OS 10.15.7): Executed 1004 of 1642[32m SUCCESS[39m (0 secs / 3.792 secs)
[1A[2KChrome Headless 151.0.7922.34 (Mac OS 10.15.7): Executed 1005 of 1642[32m SUCCESS[39m (0 secs / 3.793 secs)
[1A[2KChrome Headless 151.0.7922.34 (Mac OS 10.15.7): Executed 1006 of 1642[32m SUCCESS[39m (0 secs / 3.794 secs)
[1A[2KChrome Headless 151.0.7922.34 (Mac OS 10.15.7): Executed 1007 of 1642[32m SUCCESS[39m (0 secs / 3.794 secs)
[1A[2KChrome Headless 151.0.7922.34 (Mac OS 10.15.7): Executed 1008 of 1642[32m SUCCESS[39m (0 secs / 3.794 secs)
[1A[2KChrome Headless 151.0.7922.34 (Mac OS 10.15.7): Executed 1009 of 1642[32m SUCCESS[39m (0 secs / 3.794 secs)
[1A[2KChrome Headless 151.0.7922.34 (Mac OS 10.15.7): Executed 1010 of 1642[32m SUCCESS[39m (0 secs / 3.795 secs)
[1A[2KChrome Headless 151.0.7922.34 (Mac OS 10.15.7): Executed 1011 of 1642[32m SUCCESS[39m (0 secs / 3.795 secs)
[1A[2KChrome Headless 151.0.7922.34 (Mac OS 10.15.7): Executed 1012 of 1642[32m SUCCESS[39m (0 secs / 3.795 secs)
[1A[2KChrome Headless 151.0.7922.34 (Mac OS 10.15.7): Executed 1013 of 1642[32m SUCCESS[39m (0 secs / 3.795 secs)
[1A[2KChrome Headless 151.0.7922.34 (Mac OS 10.15.7): Executed 1014 of 1642[32m SUCCESS[39m (0 secs / 3.796 secs)
[1A[2KChrome Headless 151.0.7922.34 (Mac OS 10.15.7): Executed 1015 of 1642[32m SUCCESS[39m (0 secs / 3.797 secs)
[1A[2KChrome Headless 151.0.7922.34 (Mac OS 10.15.7): Executed 1016 of 1642[32m SUCCESS[39m (0 secs / 3.798 secs)
[1A[2KChrome Headless 151.0.7922.34 (Mac OS 10.15.7): Executed 1017 of 1642[32m SUCCESS[39m (0 secs / 3.799 secs)
[1A[2KChrome Headless 151.0.7922.34 (Mac OS 10.15.7): Executed 1018 of 1642[32m SUCCESS[39m (0 secs / 3.799 secs)
[1A[2KChrome Headless 151.0.7922.34 (Mac OS 10.15.7): Executed 1019 of 1642[32m SUCCESS[39m (0 secs / 3.8 secs)
[1A[2KChrome Headless 151.0.7922.34 (Mac OS 10.15.7): Executed 1020 of 1642[32m SUCCESS[39m (0 secs / 3.801 secs)
[1A[2KChrome Headless 151.0.7922.34 (Mac OS 10.15.7): Executed 1021 of 1642[32m SUCCESS[39m (0 secs / 3.803 secs)
[1A[2KChrome Headless 151.0.7922.34 (Mac OS 10.15.7): Executed 1022 of 1642[32m SUCCESS[39m (0 secs / 3.804 secs)
[1A[2KChrome Headless 151.0.7922.34 (Mac OS 10.15.7): Executed 1023 of 1642[32m SUCCESS[39m (0 secs / 3.805 secs)
[1A[2KChrome Headless 151.0.7922.34 (Mac OS 10.15.7): Executed 1024 of 1642[32m SUCCESS[39m (0 secs / 3.806 secs)
[1A[2KChrome Headless 151.0.7922.34 (Mac OS 10.15.7): Executed 1025 of 1642[32m SUCCESS[39m (0 secs / 3.806 secs)
[1A[2KChrome Headless 151.0.7922.34 (Mac OS 10.15.7): Executed 1026 of 1642[32m SUCCESS[39m (0 secs / 3.808 secs)
[1A[2KChrome Headless 151.0.7922.34 (Mac OS 10.15.7): Executed 1027 of 1642[32m SUCCESS[39m (0 secs / 3.812 secs)
[1A[2KChrome Headless 151.0.7922.34 (Mac OS 10.15.7): Executed 1028 of 1642[32m SUCCESS[39m (0 secs / 3.814 secs)
[1A[2KChrome Headless 151.0.7922.34 (Mac OS 10.15.7): Executed 1029 of 1642[32m SUCCESS[39m (0 secs / 3.817 secs)
[1A[2KChrome Headless 151.0.7922.34 (Mac OS 10.15.7): Executed 1030 of 1642[32m SUCCESS[39m (0 secs / 3.82 secs)
[1A[2KChrome Headless 151.0.7922.34 (Mac OS 10.15.7): Executed 1031 of 1642[32m SUCCESS[39m (0 secs / 3.822 secs)
[1A[2KChrome Headless 151.0.7922.34 (Mac OS 10.15.7): Executed 1032 of 1642[32m SUCCESS[39m (0 secs / 3.824 secs)
[1A[2KChrome Headless 151.0.7922.34 (Mac OS 10.15.7): Executed 1033 of 1642[32m SUCCESS[39m (0 secs / 3.827 secs)
[1A[2KChrome Headless 151.0.7922.34 (Mac OS 10.15.7): Executed 1034 of 1642[32m SUCCESS[39m (0 secs / 3.832 secs)
[1A[2KChrome Headless 151.0.7922.34 (Mac OS 10.15.7): Executed 1035 of 1642[32m SUCCESS[39m (0 secs / 3.834 secs)
[1A[2KChrome Headless 151.0.7922.34 (Mac OS 10.15.7): Executed 1036 of 1642[32m SUCCESS[39m (0 secs / 3.839 secs)
[1A[2KChrome Headless 151.0.7922.34 (Mac OS 10.15.7): Executed 1037 of 1642[32m SUCCESS[39m (0 secs / 3.842 secs)
[1A[2KChrome Headless 151.0.7922.34 (Mac OS 10.15.7): Executed 1038 of 1642[32m SUCCESS[39m (0 secs / 3.845 secs)
[1A[2KChrome Headless 151.0.7922.34 (Mac OS 10.15.7): Executed 1039 of 1642[32m SUCCESS[39m (0 secs / 3.849 secs)
[1A[2KChrome Headless 151.0.7922.34 (Mac OS 10.15.7): Executed 1040 of 1642[32m SUCCESS[39m (0 secs / 3.849 secs)
[1A[2KChrome Headless 151.0.7922.34 (Mac OS 10.15.7): Executed 1041 of 1642[32m SUCCESS[39m (0 secs / 3.849 secs)
[1A[2KChrome Headless 151.0.7922.34 (Mac OS 10.15.7): Executed 1042 of 1642[32m SUCCESS[39m (0 secs / 3.85 secs)
[1A[2KChrome Headless 151.0.7922.34 (Mac OS 10.15.7): Executed 1043 of 1642[32m SUCCESS[39m (0 secs / 3.85 secs)
[1A[2KChrome Headless 151.0.7922.34 (Mac OS 10.15.7): Executed 1044 of 1642[32m SUCCESS[39m (0 secs / 3.85 secs)
[1A[2KChrome Headless 151.0.7922.34 (Mac OS 10.15.7): Executed 1045 of 1642[32m SUCCESS[39m (0 secs / 3.85 secs)
[1A[2KChrome Headless 151.0.7922.34 (Mac OS 10.15.7): Executed 1046 of 1642[32m SUCCESS[39m (0 secs / 3.85 secs)
[1A[2KChrome Headless 151.0.7922.34 (Mac OS 10.15.7): Executed 1047 of 1642[32m SUCCESS[39m (0 secs / 3.85 secs)
[1A[2KChrome Headless 151.0.7922.34 (Mac OS 10.15.7): Executed 1048 of 1642[32m SUCCESS[39m (0 secs / 3.851 secs)
[1A[2KChrome Headless 151.0.7922.34 (Mac OS 10.15.7): Executed 1049 of 1642[32m SUCCESS[39m (0 secs / 3.851 secs)
[1A[2KChrome Headless 151.0.7922.34 (Mac OS 10.15.7): Executed 1050 of 1642[32m SUCCESS[39m (0 secs / 3.855 secs)
[1A[2KChrome Headless 151.0.7922.34 (Mac OS 10.15.7): Executed 1051 of 1642[32m SUCCESS[39m (0 secs / 3.857 secs)
[1A[2KChrome Headless 151.0.7922.34 (Mac OS 10.15.7): Executed 1052 of 1642[32m SUCCESS[39m (0 secs / 3.859 secs)
[1A[2KChrome Headless 151.0.7922.34 (Mac OS 10.15.7): Executed 1053 of 1642[32m SUCCESS[39m (0 secs / 3.861 secs)
[1A[2KChrome Headless 151.0.7922.34 (Mac OS 10.15.7): Executed 1054 of 1642[32m SUCCESS[39m (0 secs / 3.863 secs)
[1A[2KChrome Headless 151.0.7922.34 (Mac OS 10.15.7): Executed 1055 of 1642[32m SUCCESS[39m (0 secs / 3.865 secs)
[1A[2KChrome Headless 151.0.7922.34 (Mac OS 10.15.7): Executed 1056 of 1642[32m SUCCESS[39m (0 secs / 3.867 secs)
[1A[2KChrome Headless 151.0.7922.34 (Mac OS 10.15.7): Executed 1057 of 1642[32m SUCCESS[39m (0 secs / 3.868 secs)
[1A[2KChrome Headless 151.0.7922.34 (Mac OS 10.15.7): Executed 1058 of 1642[32m SUCCESS[39m (0 secs / 3.868 secs)
[1A[2KChrome Headless 151.0.7922.34 (Mac OS 10.15.7): Executed 1059 of 1642[32m SUCCESS[39m (0 secs / 3.878 secs)
[1A[2KERROR: [36m'[WorkCardFormModalComponent clears state when step lookup fails]', 'Fetching Steps failed', Error: failed
Error: failed
    at errorFactory (http://localhost:9878/_karma_webpack_/webpack:/src/app/main/components/forms/modals/workCardForm/work-card-form-modal.component.spec.ts:83:75)
    at Observable._subscribe (http://localhost:9878/_karma_webpack_/webpack:/node_modules/rxjs/dist/esm/internal/observable/throwError.js:5:51)
    at Observable._trySubscribe (http://localhost:9878/_karma_webpack_/webpack:/node_modules/rxjs/dist/esm/internal/Observable.js:37:25)
    at cb (http://localhost:9878/_karma_webpack_/webpack:/node_modules/rxjs/dist/esm/internal/Observable.js:31:30)
    at errorContext (http://localhost:9878/_karma_webpack_/webpack:/node_modules/rxjs/dist/esm/internal/util/errorContext.js:19:9)
    at Observable.subscribe (http://localhost:9878/_karma_webpack_/webpack:/node_modules/rxjs/dist/esm/internal/Observable.js:22:21)
    at init (http://localhost:9878/_karma_webpack_/webpack:/node_modules/rxjs/dist/esm/internal/operators/map.js:6:16)
    at OperatorSubscriber.call (http://localhost:9878/_karma_webpack_/webpack:/node_modules/rxjs/dist/esm/internal/util/lift.js:10:28)
    at cb (http://localhost:9878/_karma_webpack_/webpack:/node_modules/rxjs/dist/esm/internal/Observable.js:26:30)
    at errorContext (http://localhost:9878/_karma_webpack_/webpack:/node_modules/rxjs/dist/esm/internal/util/errorContext.js:19:9)[39m
Chrome Headless 151.0.7922.34 (Mac OS 10.15.7): Executed 1059 of 1642[32m SUCCESS[39m (0 secs / 3.878 secs)
ERROR: '[WorkCardFormModalComponent clears state when step lookup fails]', 'Fetching Steps failed', Error: failed
Error: failed
    at errorFactory (http://localhost:9878/_karma_webpack_/webpack:/src/app/main/components/forms/modals/workCardForm/work-card-form-modal.component.spec.ts:83:75)
    at Observable._subscribe (http://localhost:9878/_karma_webpack_/webpack:/node_modules/rxjs/dist/esm/internal/observable/throwError.js:5:51)
    at Observable._trySubscribe (http://localhost:9878/_karma_webpack_/webpack:/node_modules/rxjs/dist/esm/internal/Observable.js:37:25)
    at cb (http://localhost:9878/_karma_webpack_/webpack:/node_modules/rxjs/dist/esm/internal/Observable.js:31:30)
    at errorContext (http://localhost:9878/_karma_webpack_/webpack:/node_modules/rxjs/dist/esm/internal/util/errorContext.js:19:9)
    at Observable.subscribe (http://localhost:9878/_karma_webpack_/webpack:/node_modules/rxjs/dist/esm/internal/Observable.js:22:21)
    at init (http://localhost:9878/_karma_webpack_/webpack:/node_modules/rxjs/dist/esm/internal/operators/map.js:6:16)
    at OperatorSubscriber.call (http://localhost:9878/_karma_webpack_/webpack:/node_modules/rxjs/dist/esm/internal/util/lift.js:10:28)
    at cb (http://localhost:9878/_karma_webpack_/webpack:/node_modules/rxjs/dist/esm/internal/Observable.js:26:30)
    at errorContext (http://localhost:9878/_karma_webpack_/webpack:/node_modules/rxjs/dist/esm/internal/util/errorContext.js:19:9)
[1A[2KChrome Headless 151.0.7922.34 (Mac OS 10.15.7): Executed 1060 of 1642[32m SUCCESS[39m (0 secs / 3.882 secs)
[1A[2KChrome Headless 151.0.7922.34 (Mac OS 10.15.7): Executed 1061 of 1642[32m SUCCESS[39m (0 secs / 3.888 secs)
[1A[2KChrome Headless 151.0.7922.34 (Mac OS 10.15.7): Executed 1062 of 1642[32m SUCCESS[39m (0 secs / 3.891 secs)
[1A[2KChrome Headless 151.0.7922.34 (Mac OS 10.15.7): Executed 1063 of 1642[32m SUCCESS[39m (0 secs / 3.896 secs)
[1A[2KChrome Headless 151.0.7922.34 (Mac OS 10.15.7): Executed 1064 of 1642[32m SUCCESS[39m (0 secs / 3.9 secs)
[1A[2KChrome Headless 151.0.7922.34 (Mac OS 10.15.7): Executed 1065 of 1642[32m SUCCESS[39m (0 secs / 3.903 secs)
[1A[2KChrome Headless 151.0.7922.34 (Mac OS 10.15.7): Executed 1066 of 1642[32m SUCCESS[39m (0 secs / 3.905 secs)
[1A[2KChrome Headless 151.0.7922.34 (Mac OS 10.15.7): Executed 1067 of 1642[32m SUCCESS[39m (0 secs / 3.923 secs)
[1A[2KChrome Headless 151.0.7922.34 (Mac OS 10.15.7): Executed 1068 of 1642[32m SUCCESS[39m (0 secs / 3.939 secs)
[1A[2KChrome Headless 151.0.7922.34 (Mac OS 10.15.7): Executed 1069 of 1642[32m SUCCESS[39m (0 secs / 3.952 secs)
[1A[2KChrome Headless 151.0.7922.34 (Mac OS 10.15.7): Executed 1070 of 1642[32m SUCCESS[39m (0 secs / 3.965 secs)
[1A[2KChrome Headless 151.0.7922.34 (Mac OS 10.15.7): Executed 1071 of 1642[32m SUCCESS[39m (0 secs / 3.978 secs)
[1A[2KChrome Headless 151.0.7922.34 (Mac OS 10.15.7): Executed 1072 of 1642[32m SUCCESS[39m (0 secs / 3.99 secs)
[1A[2KChrome Headless 151.0.7922.34 (Mac OS 10.15.7): Executed 1073 of 1642[32m SUCCESS[39m (0 secs / 3.997 secs)
[1A[2KChrome Headless 151.0.7922.34 (Mac OS 10.15.7): Executed 1074 of 1642[32m SUCCESS[39m (0 secs / 4 secs)
[1A[2KChrome Headless 151.0.7922.34 (Mac OS 10.15.7): Executed 1075 of 1642[32m SUCCESS[39m (0 secs / 4.003 secs)
[1A[2KChrome Headless 151.0.7922.34 (Mac OS 10.15.7): Executed 1076 of 1642[32m SUCCESS[39m (0 secs / 4.006 secs)
[1A[2KChrome Headless 151.0.7922.34 (Mac OS 10.15.7): Executed 1077 of 1642[32m SUCCESS[39m (0 secs / 4.008 secs)
[1A[2KChrome Headless 151.0.7922.34 (Mac OS 10.15.7): Executed 1078 of 1642[32m SUCCESS[39m (0 secs / 4.01 secs)
[1A[2KChrome Headless 151.0.7922.34 (Mac OS 10.15.7): Executed 1079 of 1642[32m SUCCESS[39m (0 secs / 4.013 secs)
[1A[2KChrome Headless 151.0.7922.34 (Mac OS 10.15.7): Executed 1080 of 1642[32m SUCCESS[39m (0 secs / 4.016 secs)
[1A[2KChrome Headless 151.0.7922.34 (Mac OS 10.15.7): Executed 1081 of 1642[32m SUCCESS[39m (0 secs / 4.019 secs)
[1A[2KChrome Headless 151.0.7922.34 (Mac OS 10.15.7): Executed 1082 of 1642[32m SUCCESS[39m (0 secs / 4.02 secs)
[1A[2KChrome Headless 151.0.7922.34 (Mac OS 10.15.7): Executed 1083 of 1642[32m SUCCESS[39m (0 secs / 4.021 secs)
[1A[2KChrome Headless 151.0.7922.34 (Mac OS 10.15.7): Executed 1084 of 1642[32m SUCCESS[39m (0 secs / 4.021 secs)
[1A[2KChrome Headless 151.0.7922.34 (Mac OS 10.15.7): Executed 1085 of 1642[32m SUCCESS[39m (0 secs / 4.021 secs)
[1A[2KChrome Headless 151.0.7922.34 (Mac OS 10.15.7): Executed 1086 of 1642[32m SUCCESS[39m (0 secs / 4.022 secs)
[1A[2KChrome Headless 151.0.7922.34 (Mac OS 10.15.7): Executed 1087 of 1642[32m SUCCESS[39m (0 secs / 4.022 secs)
[1A[2KChrome Headless 151.0.7922.34 (Mac OS 10.15.7): Executed 1088 of 1642[32m SUCCESS[39m (0 secs / 4.022 secs)
[1A[2KChrome Headless 151.0.7922.34 (Mac OS 10.15.7): Executed 1089 of 1642[32m SUCCESS[39m (0 secs / 4.025 secs)
[1A[2KChrome Headless 151.0.7922.34 (Mac OS 10.15.7): Executed 1090 of 1642[32m SUCCESS[39m (0 secs / 4.028 secs)
[1A[2KChrome Headless 151.0.7922.34 (Mac OS 10.15.7): Executed 1091 of 1642[32m SUCCESS[39m (0 secs / 4.031 secs)
[1A[2KChrome Headless 151.0.7922.34 (Mac OS 10.15.7): Executed 1092 of 1642[32m SUCCESS[39m (0 secs / 4.043 secs)
[1A[2KChrome Headless 151.0.7922.34 (Mac OS 10.15.7): Executed 1093 of 1642[32m SUCCESS[39m (0 secs / 4.048 secs)
[1A[2KChrome Headless 151.0.7922.34 (Mac OS 10.15.7): Executed 1094 of 1642[32m SUCCESS[39m (0 secs / 4.052 secs)
[1A[2KChrome Headless 151.0.7922.34 (Mac OS 10.15.7): Executed 1095 of 1642[32m SUCCESS[39m (0 secs / 4.056 secs)
[1A[2KChrome Headless 151.0.7922.34 (Mac OS 10.15.7): Executed 1096 of 1642[32m SUCCESS[39m (0 secs / 4.059 secs)
[1A[2KChrome Headless 151.0.7922.34 (Mac OS 10.15.7): Executed 1097 of 1642[32m SUCCESS[39m (0 secs / 4.063 secs)
[1A[2KChrome Headless 151.0.7922.34 (Mac OS 10.15.7): Executed 1098 of 1642[32m SUCCESS[39m (0 secs / 4.068 secs)
[1A[2KChrome Headless 151.0.7922.34 (Mac OS 10.15.7): Executed 1099 of 1642[32m SUCCESS[39m (0 secs / 4.071 secs)
[1A[2KChrome Headless 151.0.7922.34 (Mac OS 10.15.7): Executed 1100 of 1642[32m SUCCESS[39m (0 secs / 4.076 secs)
[1A[2KChrome Headless 151.0.7922.34 (Mac OS 10.15.7): Executed 1101 of 1642[32m SUCCESS[39m (0 secs / 4.08 secs)
[1A[2KChrome Headless 151.0.7922.34 (Mac OS 10.15.7): Executed 1102 of 1642[32m SUCCESS[39m (0 secs / 4.084 secs)
[1A[2KChrome Headless 151.0.7922.34 (Mac OS 10.15.7): Executed 1103 of 1642[32m SUCCESS[39m (0 secs / 4.084 secs)
[1A[2KChrome Headless 151.0.7922.34 (Mac OS 10.15.7): Executed 1104 of 1642[32m SUCCESS[39m (0 secs / 4.084 secs)
[1A[2KChrome Headless 151.0.7922.34 (Mac OS 10.15.7): Executed 1105 of 1642[32m SUCCESS[39m (0 secs / 4.085 secs)
[1A[2KChrome Headless 151.0.7922.34 (Mac OS 10.15.7): Executed 1106 of 1642[32m SUCCESS[39m (0 secs / 4.085 secs)
[1A[2KChrome Headless 151.0.7922.34 (Mac OS 10.15.7): Executed 1107 of 1642[32m SUCCESS[39m (0 secs / 4.085 secs)
[1A[2KChrome Headless 151.0.7922.34 (Mac OS 10.15.7): Executed 1108 of 1642[32m SUCCESS[39m (0 secs / 4.085 secs)
[1A[2KChrome Headless 151.0.7922.34 (Mac OS 10.15.7): Executed 1109 of 1642[32m SUCCESS[39m (0 secs / 4.085 secs)
[1A[2KChrome Headless 151.0.7922.34 (Mac OS 10.15.7): Executed 1110 of 1642[32m SUCCESS[39m (0 secs / 4.085 secs)
[1A[2KChrome Headless 151.0.7922.34 (Mac OS 10.15.7): Executed 1111 of 1642[32m SUCCESS[39m (0 secs / 4.086 secs)
[1A[2KChrome Headless 151.0.7922.34 (Mac OS 10.15.7): Executed 1112 of 1642[32m SUCCESS[39m (0 secs / 4.086 secs)
[1A[2KChrome Headless 151.0.7922.34 (Mac OS 10.15.7): Executed 1113 of 1642[32m SUCCESS[39m (0 secs / 4.086 secs)
[1A[2KChrome Headless 151.0.7922.34 (Mac OS 10.15.7): Executed 1114 of 1642[32m SUCCESS[39m (0 secs / 4.086 secs)
[1A[2KChrome Headless 151.0.7922.34 (Mac OS 10.15.7): Executed 1115 of 1642[32m SUCCESS[39m (0 secs / 4.087 secs)
[1A[2KChrome Headless 151.0.7922.34 (Mac OS 10.15.7): Executed 1116 of 1642[32m SUCCESS[39m (0 secs / 4.087 secs)
[1A[2KChrome Headless 151.0.7922.34 (Mac OS 10.15.7): Executed 1117 of 1642[32m SUCCESS[39m (0 secs / 4.087 secs)
[1A[2KChrome Headless 151.0.7922.34 (Mac OS 10.15.7): Executed 1118 of 1642[32m SUCCESS[39m (0 secs / 4.087 secs)
[1A[2KChrome Headless 151.0.7922.34 (Mac OS 10.15.7): Executed 1119 of 1642[32m SUCCESS[39m (0 secs / 4.088 secs)
[1A[2KChrome Headless 151.0.7922.34 (Mac OS 10.15.7): Executed 1120 of 1642[32m SUCCESS[39m (0 secs / 4.088 secs)
[1A[2KChrome Headless 151.0.7922.34 (Mac OS 10.15.7): Executed 1121 of 1642[32m SUCCESS[39m (0 secs / 4.088 secs)
[1A[2KChrome Headless 151.0.7922.34 (Mac OS 10.15.7): Executed 1122 of 1642[32m SUCCESS[39m (0 secs / 4.088 secs)
[1A[2KChrome Headless 151.0.7922.34 (Mac OS 10.15.7): Executed 1123 of 1642[32m SUCCESS[39m (0 secs / 4.088 secs)
[1A[2KChrome Headless 151.0.7922.34 (Mac OS 10.15.7): Executed 1124 of 1642[32m SUCCESS[39m (0 secs / 4.088 secs)
[1A[2KChrome Headless 151.0.7922.34 (Mac OS 10.15.7): Executed 1125 of 1642[32m SUCCESS[39m (0 secs / 4.088 secs)
[1A[2KChrome Headless 151.0.7922.34 (Mac OS 10.15.7): Executed 1126 of 1642[32m SUCCESS[39m (0 secs / 4.088 secs)
[1A[2KChrome Headless 151.0.7922.34 (Mac OS 10.15.7): Executed 1127 of 1642[32m SUCCESS[39m (0 secs / 4.097 secs)
[1A[2KChrome Headless 151.0.7922.34 (Mac OS 10.15.7): Executed 1128 of 1642[32m SUCCESS[39m (0 secs / 4.1 secs)
[1A[2KChrome Headless 151.0.7922.34 (Mac OS 10.15.7): Executed 1129 of 1642[32m SUCCESS[39m (0 secs / 4.112 secs)
[1A[2KChrome Headless 151.0.7922.34 (Mac OS 10.15.7): Executed 1130 of 1642[32m SUCCESS[39m (0 secs / 4.116 secs)
[1A[2KChrome Headless 151.0.7922.34 (Mac OS 10.15.7): Executed 1131 of 1642[32m SUCCESS[39m (0 secs / 4.12 secs)
[1A[2KChrome Headless 151.0.7922.34 (Mac OS 10.15.7): Executed 1132 of 1642[32m SUCCESS[39m (0 secs / 4.123 secs)
[1A[2KChrome Headless 151.0.7922.34 (Mac OS 10.15.7): Executed 1133 of 1642[32m SUCCESS[39m (0 secs / 4.126 secs)
[1A[2KChrome Headless 151.0.7922.34 (Mac OS 10.15.7): Executed 1134 of 1642[32m SUCCESS[39m (0 secs / 4.126 secs)
[1A[2KChrome Headless 151.0.7922.34 (Mac OS 10.15.7): Executed 1135 of 1642[32m SUCCESS[39m (0 secs / 4.126 secs)
[1A[2KChrome Headless 151.0.7922.34 (Mac OS 10.15.7): Executed 1136 of 1642[32m SUCCESS[39m (0 secs / 4.129 secs)
[1A[2KChrome Headless 151.0.7922.34 (Mac OS 10.15.7): Executed 1137 of 1642[32m SUCCESS[39m (0 secs / 4.13 secs)
[1A[2KChrome Headless 151.0.7922.34 (Mac OS 10.15.7): Executed 1138 of 1642[32m SUCCESS[39m (0 secs / 4.143 secs)
[1A[2KChrome Headless 151.0.7922.34 (Mac OS 10.15.7): Executed 1139 of 1642[32m SUCCESS[39m (0 secs / 4.148 secs)
[1A[2KChrome Headless 151.0.7922.34 (Mac OS 10.15.7): Executed 1140 of 1642[32m SUCCESS[39m (0 secs / 4.156 secs)
[1A[2KChrome Headless 151.0.7922.34 (Mac OS 10.15.7): Executed 1141 of 1642[32m SUCCESS[39m (0 secs / 4.162 secs)
[1A[2KChrome Headless 151.0.7922.34 (Mac OS 10.15.7): Executed 1142 of 1642[32m SUCCESS[39m (0 secs / 4.166 secs)
[1A[2KChrome Headless 151.0.7922.34 (Mac OS 10.15.7): Executed 1143 of 1642[32m SUCCESS[39m (0 secs / 4.169 secs)
[1A[2KChrome Headless 151.0.7922.34 (Mac OS 10.15.7): Executed 1144 of 1642[32m SUCCESS[39m (0 secs / 4.176 secs)
[1A[2KChrome Headless 151.0.7922.34 (Mac OS 10.15.7): Executed 1145 of 1642[32m SUCCESS[39m (0 secs / 4.18 secs)
[1A[2KChrome Headless 151.0.7922.34 (Mac OS 10.15.7): Executed 1146 of 1642[32m SUCCESS[39m (0 secs / 4.184 secs)
[1A[2KChrome Headless 151.0.7922.34 (Mac OS 10.15.7): Executed 1147 of 1642[32m SUCCESS[39m (0 secs / 4.187 secs)
[1A[2KChrome Headless 151.0.7922.34 (Mac OS 10.15.7): Executed 1148 of 1642[32m SUCCESS[39m (0 secs / 4.19 secs)
[1A[2KChrome Headless 151.0.7922.34 (Mac OS 10.15.7): Executed 1149 of 1642[32m SUCCESS[39m (0 secs / 4.196 secs)
[1A[2KChrome Headless 151.0.7922.34 (Mac OS 10.15.7): Executed 1150 of 1642[32m SUCCESS[39m (0 secs / 4.202 secs)
[1A[2KChrome Headless 151.0.7922.34 (Mac OS 10.15.7): Executed 1151 of 1642[32m SUCCESS[39m (0 secs / 4.206 secs)
[1A[2KChrome Headless 151.0.7922.34 (Mac OS 10.15.7): Executed 1152 of 1642[32m SUCCESS[39m (0 secs / 4.21 secs)
[1A[2KChrome Headless 151.0.7922.34 (Mac OS 10.15.7): Executed 1153 of 1642[32m SUCCESS[39m (0 secs / 4.214 secs)
[1A[2KChrome Headless 151.0.7922.34 (Mac OS 10.15.7): Executed 1154 of 1642[32m SUCCESS[39m (0 secs / 4.218 secs)
[1A[2KChrome Headless 151.0.7922.34 (Mac OS 10.15.7): Executed 1155 of 1642[32m SUCCESS[39m (0 secs / 4.221 secs)
[1A[2KChrome Headless 151.0.7922.34 (Mac OS 10.15.7): Executed 1156 of 1642[32m SUCCESS[39m (0 secs / 4.224 secs)
[1A[2KChrome Headless 151.0.7922.34 (Mac OS 10.15.7): Executed 1157 of 1642[32m SUCCESS[39m (0 secs / 4.225 secs)
[1A[2KChrome Headless 151.0.7922.34 (Mac OS 10.15.7): Executed 1158 of 1642[32m SUCCESS[39m (0 secs / 4.229 secs)
[1A[2KChrome Headless 151.0.7922.34 (Mac OS 10.15.7): Executed 1159 of 1642[32m SUCCESS[39m (0 secs / 4.232 secs)
[1A[2KChrome Headless 151.0.7922.34 (Mac OS 10.15.7): Executed 1160 of 1642[32m SUCCESS[39m (0 secs / 4.235 secs)
[1A[2KChrome Headless 151.0.7922.34 (Mac OS 10.15.7): Executed 1161 of 1642[32m SUCCESS[39m (0 secs / 4.238 secs)
[1A[2KChrome Headless 151.0.7922.34 (Mac OS 10.15.7): Executed 1162 of 1642[32m SUCCESS[39m (0 secs / 4.243 secs)
[1A[2KChrome Headless 151.0.7922.34 (Mac OS 10.15.7): Executed 1163 of 1642[32m SUCCESS[39m (0 secs / 4.246 secs)
[1A[2KChrome Headless 151.0.7922.34 (Mac OS 10.15.7): Executed 1164 of 1642[32m SUCCESS[39m (0 secs / 4.25 secs)
[1A[2KChrome Headless 151.0.7922.34 (Mac OS 10.15.7): Executed 1165 of 1642[32m SUCCESS[39m (0 secs / 4.253 secs)
[1A[2KChrome Headless 151.0.7922.34 (Mac OS 10.15.7): Executed 1166 of 1642[32m SUCCESS[39m (0 secs / 4.257 secs)
[1A[2KChrome Headless 151.0.7922.34 (Mac OS 10.15.7): Executed 1167 of 1642[32m SUCCESS[39m (0 secs / 4.265 secs)
[1A[2KERROR: [36m'[SafranOperationFormComponent reports work-step container errors and emits print readiness once]', 'Failed to load Work Step container', Error: definition unavailable
Error: definition unavailable
    at errorFactory (http://localhost:9878/_karma_webpack_/webpack:/src/app/main/components/work-order/work-card-tabs/work-card-step-forms/operation-form/safran-operation-form.component.spec.ts:272:24)
    at Observable._subscribe (http://localhost:9878/_karma_webpack_/webpack:/node_modules/rxjs/dist/esm/internal/observable/throwError.js:5:51)
    at Observable._trySubscribe (http://localhost:9878/_karma_webpack_/webpack:/node_modules/rxjs/dist/esm/internal/Observable.js:37:25)
    at cb (http://localhost:9878/_karma_webpack_/webpack:/node_modules/rxjs/dist/esm/internal/Observable.js:31:30)
    at errorContext (http://localhost:9878/_karma_webpack_/webpack:/node_modules/rxjs/dist/esm/internal/util/errorContext.js:19:9)
    at Observable.subscribe (http://localhost:9878/_karma_webpack_/webpack:/node_modules/rxjs/dist/esm/internal/Observable.js:22:21)
    at init (http://localhost:9878/_karma_webpack_/webpack:/node_modules/rxjs/dist/esm/internal/operators/take.js:10:20)
    at SafeSubscriber.call (http://localhost:9878/_karma_webpack_/webpack:/node_modules/rxjs/dist/esm/internal/util/lift.js:10:28)
    at cb (http://localhost:9878/_karma_webpack_/webpack:/node_modules/rxjs/dist/esm/internal/Observable.js:26:30)
    at errorContext (http://localhost:9878/_karma_webpack_/webpack:/node_modules/rxjs/dist/esm/internal/util/errorContext.js:19:9)[39m
Chrome Headless 151.0.7922.34 (Mac OS 10.15.7): Executed 1167 of 1642[32m SUCCESS[39m (0 secs / 4.265 secs)
ERROR: '[SafranOperationFormComponent reports work-step container errors and emits print readiness once]', 'Failed to load Work Step container', Error: definition unavailable
Error: definition unavailable
    at errorFactory (http://localhost:9878/_karma_webpack_/webpack:/src/app/main/components/work-order/work-card-tabs/work-card-step-forms/operation-form/safran-operation-form.component.spec.ts:272:24)
    at Observable._subscribe (http://localhost:9878/_karma_webpack_/webpack:/node_modules/rxjs/dist/esm/internal/observable/throwError.js:5:51)
    at Observable._trySubscribe (http://localhost:9878/_karma_webpack_/webpack:/node_modules/rxjs/dist/esm/internal/Observable.js:37:25)
    at cb (http://localhost:9878/_karma_webpack_/webpack:/node_modules/rxjs/dist/esm/internal/Observable.js:31:30)
    at errorContext (http://localhost:9878/_karma_webpack_/webpack:/node_modules/rxjs/dist/esm/internal/util/errorContext.js:19:9)
    at Observable.subscribe (http://localhost:9878/_karma_webpack_/webpack:/node_modules/rxjs/dist/esm/internal/Observable.js:22:21)
    at init (http://localhost:9878/_karma_webpack_/webpack:/node_modules/rxjs/dist/esm/internal/operators/take.js:10:20)
    at SafeSubscriber.call (http://localhost:9878/_karma_webpack_/webpack:/node_modules/rxjs/dist/esm/internal/util/lift.js:10:28)
    at cb (http://localhost:9878/_karma_webpack_/webpack:/node_modules/rxjs/dist/esm/internal/Observable.js:26:30)
    at errorContext (http://localhost:9878/_karma_webpack_/webpack:/node_modules/rxjs/dist/esm/internal/util/errorContext.js:19:9)
[1A[2KChrome Headless 151.0.7922.34 (Mac OS 10.15.7): Executed 1168 of 1642[32m SUCCESS[39m (0 secs / 4.269 secs)
[1A[2KChrome Headless 151.0.7922.34 (Mac OS 10.15.7): Executed 1169 of 1642[32m SUCCESS[39m (0 secs / 4.272 secs)
[1A[2KChrome Headless 151.0.7922.34 (Mac OS 10.15.7): Executed 1170 of 1642[32m SUCCESS[39m (0 secs / 4.275 secs)
[1A[2KChrome Headless 151.0.7922.34 (Mac OS 10.15.7): Executed 1171 of 1642[32m SUCCESS[39m (0 secs / 4.278 secs)
[1A[2KChrome Headless 151.0.7922.34 (Mac OS 10.15.7): Executed 1172 of 1642[32m SUCCESS[39m (0 secs / 4.281 secs)
[1A[2KChrome Headless 151.0.7922.34 (Mac OS 10.15.7): Executed 1173 of 1642[32m SUCCESS[39m (0 secs / 4.283 secs)
[1A[2KChrome Headless 151.0.7922.34 (Mac OS 10.15.7): Executed 1174 of 1642[32m SUCCESS[39m (0 secs / 4.286 secs)
[1A[2KChrome Headless 151.0.7922.34 (Mac OS 10.15.7): Executed 1175 of 1642[32m SUCCESS[39m (0 secs / 4.289 secs)
[1A[2KChrome Headless 151.0.7922.34 (Mac OS 10.15.7): Executed 1176 of 1642[32m SUCCESS[39m (0 secs / 4.292 secs)
[1A[2KChrome Headless 151.0.7922.34 (Mac OS 10.15.7): Executed 1177 of 1642[32m SUCCESS[39m (0 secs / 4.294 secs)
[1A[2KChrome Headless 151.0.7922.34 (Mac OS 10.15.7): Executed 1178 of 1642[32m SUCCESS[39m (0 secs / 4.296 secs)
[1A[2KChrome Headless 151.0.7922.34 (Mac OS 10.15.7): Executed 1179 of 1642[32m SUCCESS[39m (0 secs / 4.298 secs)
[1A[2KChrome Headless 151.0.7922.34 (Mac OS 10.15.7): Executed 1180 of 1642[32m SUCCESS[39m (0 secs / 4.304 secs)
[1A[2KChrome Headless 151.0.7922.34 (Mac OS 10.15.7): Executed 1181 of 1642[32m SUCCESS[39m (0 secs / 4.308 secs)
[1A[2KChrome Headless 151.0.7922.34 (Mac OS 10.15.7): Executed 1182 of 1642[32m SUCCESS[39m (0 secs / 4.313 secs)
[1A[2KChrome Headless 151.0.7922.34 (Mac OS 10.15.7): Executed 1183 of 1642[32m SUCCESS[39m (0 secs / 4.317 secs)
[1A[2KChrome Headless 151.0.7922.34 (Mac OS 10.15.7): Executed 1184 of 1642[32m SUCCESS[39m (0 secs / 4.32 secs)
[1A[2KChrome Headless 151.0.7922.34 (Mac OS 10.15.7): Executed 1185 of 1642[32m SUCCESS[39m (0 secs / 4.323 secs)
[1A[2KChrome Headless 151.0.7922.34 (Mac OS 10.15.7): Executed 1186 of 1642[32m SUCCESS[39m (0 secs / 4.326 secs)
[1A[2KChrome Headless 151.0.7922.34 (Mac OS 10.15.7): Executed 1187 of 1642[32m SUCCESS[39m (0 secs / 4.33 secs)
[1A[2KChrome Headless 151.0.7922.34 (Mac OS 10.15.7): Executed 1188 of 1642[32m SUCCESS[39m (0 secs / 4.333 secs)
[1A[2KChrome Headless 151.0.7922.34 (Mac OS 10.15.7): Executed 1189 of 1642[32m SUCCESS[39m (0 secs / 4.338 secs)
[1A[2KChrome Headless 151.0.7922.34 (Mac OS 10.15.7): Executed 1190 of 1642[32m SUCCESS[39m (0 secs / 4.341 secs)
[1A[2KChrome Headless 151.0.7922.34 (Mac OS 10.15.7): Executed 1191 of 1642[32m SUCCESS[39m (0 secs / 4.345 secs)
[1A[2KChrome Headless 151.0.7922.34 (Mac OS 10.15.7): Executed 1192 of 1642[32m SUCCESS[39m (0 secs / 4.348 secs)
[1A[2KChrome Headless 151.0.7922.34 (Mac OS 10.15.7): Executed 1193 of 1642[32m SUCCESS[39m (0 secs / 4.355 secs)
[1A[2KChrome Headless 151.0.7922.34 (Mac OS 10.15.7): Executed 1194 of 1642[32m SUCCESS[39m (0 secs / 4.359 secs)
[1A[2KChrome Headless 151.0.7922.34 (Mac OS 10.15.7): Executed 1195 of 1642[32m SUCCESS[39m (0 secs / 4.363 secs)
[1A[2KChrome Headless 151.0.7922.34 (Mac OS 10.15.7): Executed 1196 of 1642[32m SUCCESS[39m (0 secs / 4.369 secs)
[1A[2KChrome Headless 151.0.7922.34 (Mac OS 10.15.7): Executed 1197 of 1642[32m SUCCESS[39m (0 secs / 4.372 secs)
[1A[2KChrome Headless 151.0.7922.34 (Mac OS 10.15.7): Executed 1198 of 1642[32m SUCCESS[39m (0 secs / 4.374 secs)
[1A[2KChrome Headless 151.0.7922.34 (Mac OS 10.15.7): Executed 1199 of 1642[32m SUCCESS[39m (0 secs / 4.377 secs)
[1A[2KChrome Headless 151.0.7922.34 (Mac OS 10.15.7): Executed 1200 of 1642[32m SUCCESS[39m (0 secs / 4.38 secs)
[1A[2KChrome Headless 151.0.7922.34 (Mac OS 10.15.7): Executed 1201 of 1642[32m SUCCESS[39m (0 secs / 4.382 secs)
[1A[2KChrome Headless 151.0.7922.34 (Mac OS 10.15.7): Executed 1202 of 1642[32m SUCCESS[39m (0 secs / 4.385 secs)
[1A[2KChrome Headless 151.0.7922.34 (Mac OS 10.15.7): Executed 1203 of 1642[32m SUCCESS[39m (0 secs / 4.387 secs)
[1A[2KChrome Headless 151.0.7922.34 (Mac OS 10.15.7): Executed 1204 of 1642[32m SUCCESS[39m (0 secs / 4.388 secs)
[1A[2KChrome Headless 151.0.7922.34 (Mac OS 10.15.7): Executed 1205 of 1642[32m SUCCESS[39m (0 secs / 4.388 secs)
[1A[2KChrome Headless 151.0.7922.34 (Mac OS 10.15.7): Executed 1206 of 1642[32m SUCCESS[39m (0 secs / 4.389 secs)
[1A[2KChrome Headless 151.0.7922.34 (Mac OS 10.15.7): Executed 1207 of 1642[32m SUCCESS[39m (0 secs / 4.391 secs)
[1A[2KChrome Headless 151.0.7922.34 (Mac OS 10.15.7): Executed 1208 of 1642[32m SUCCESS[39m (0 secs / 4.391 secs)
[1A[2KChrome Headless 151.0.7922.34 (Mac OS 10.15.7): Executed 1209 of 1642[32m SUCCESS[39m (0 secs / 4.391 secs)
[1A[2KChrome Headless 151.0.7922.34 (Mac OS 10.15.7): Executed 1210 of 1642[32m SUCCESS[39m (0 secs / 4.392 secs)
[1A[2KChrome Headless 151.0.7922.34 (Mac OS 10.15.7): Executed 1211 of 1642[32m SUCCESS[39m (0 secs / 4.392 secs)
[1A[2KChrome Headless 151.0.7922.34 (Mac OS 10.15.7): Executed 1212 of 1642[32m SUCCESS[39m (0 secs / 4.392 secs)
[1A[2KChrome Headless 151.0.7922.34 (Mac OS 10.15.7): Executed 1213 of 1642[32m SUCCESS[39m (0 secs / 4.393 secs)
[1A[2KChrome Headless 151.0.7922.34 (Mac OS 10.15.7): Executed 1214 of 1642[32m SUCCESS[39m (0 secs / 4.393 secs)
[1A[2KChrome Headless 151.0.7922.34 (Mac OS 10.15.7): Executed 1215 of 1642[32m SUCCESS[39m (0 secs / 4.394 secs)
[1A[2KChrome Headless 151.0.7922.34 (Mac OS 10.15.7): Executed 1216 of 1642[32m SUCCESS[39m (0 secs / 4.394 secs)
[1A[2KChrome Headless 151.0.7922.34 (Mac OS 10.15.7): Executed 1217 of 1642[32m SUCCESS[39m (0 secs / 4.395 secs)
[1A[2KChrome Headless 151.0.7922.34 (Mac OS 10.15.7): Executed 1218 of 1642[32m SUCCESS[39m (0 secs / 4.395 secs)
[1A[2KChrome Headless 151.0.7922.34 (Mac OS 10.15.7): Executed 1219 of 1642[32m SUCCESS[39m (0 secs / 4.396 secs)
[1A[2KChrome Headless 151.0.7922.34 (Mac OS 10.15.7): Executed 1220 of 1642[32m SUCCESS[39m (0 secs / 4.396 secs)
[1A[2KChrome Headless 151.0.7922.34 (Mac OS 10.15.7): Executed 1221 of 1642[32m SUCCESS[39m (0 secs / 4.397 secs)
[1A[2KChrome Headless 151.0.7922.34 (Mac OS 10.15.7): Executed 1222 of 1642[32m SUCCESS[39m (0 secs / 4.398 secs)
[1A[2KChrome Headless 151.0.7922.34 (Mac OS 10.15.7): Executed 1223 of 1642[32m SUCCESS[39m (0 secs / 4.398 secs)
[1A[2KChrome Headless 151.0.7922.34 (Mac OS 10.15.7): Executed 1224 of 1642[32m SUCCESS[39m (0 secs / 4.399 secs)
[1A[2KChrome Headless 151.0.7922.34 (Mac OS 10.15.7): Executed 1225 of 1642[32m SUCCESS[39m (0 secs / 4.399 secs)
[1A[2KChrome Headless 151.0.7922.34 (Mac OS 10.15.7): Executed 1226 of 1642[32m SUCCESS[39m (0 secs / 4.4 secs)
[1A[2KChrome Headless 151.0.7922.34 (Mac OS 10.15.7): Executed 1227 of 1642[32m SUCCESS[39m (0 secs / 4.401 secs)
[1A[2KChrome Headless 151.0.7922.34 (Mac OS 10.15.7): Executed 1228 of 1642[32m SUCCESS[39m (0 secs / 4.402 secs)
[1A[2KChrome Headless 151.0.7922.34 (Mac OS 10.15.7): Executed 1229 of 1642[32m SUCCESS[39m (0 secs / 4.402 secs)
[1A[2KChrome Headless 151.0.7922.34 (Mac OS 10.15.7): Executed 1230 of 1642[32m SUCCESS[39m (0 secs / 4.404 secs)
[1A[2KChrome Headless 151.0.7922.34 (Mac OS 10.15.7): Executed 1231 of 1642[32m SUCCESS[39m (0 secs / 4.412 secs)
[1A[2KChrome Headless 151.0.7922.34 (Mac OS 10.15.7): Executed 1232 of 1642[32m SUCCESS[39m (0 secs / 4.416 secs)
[1A[2KChrome Headless 151.0.7922.34 (Mac OS 10.15.7): Executed 1233 of 1642[32m SUCCESS[39m (0 secs / 4.42 secs)
[1A[2KChrome Headless 151.0.7922.34 (Mac OS 10.15.7): Executed 1234 of 1642[32m SUCCESS[39m (0 secs / 4.423 secs)
[1A[2KChrome Headless 151.0.7922.34 (Mac OS 10.15.7): Executed 1235 of 1642[32m SUCCESS[39m (0 secs / 4.427 secs)
[1A[2KChrome Headless 151.0.7922.34 (Mac OS 10.15.7): Executed 1236 of 1642[32m SUCCESS[39m (0 secs / 4.433 secs)
[1A[2KChrome Headless 151.0.7922.34 (Mac OS 10.15.7): Executed 1237 of 1642[32m SUCCESS[39m (0 secs / 4.436 secs)
[1A[2KChrome Headless 151.0.7922.34 (Mac OS 10.15.7): Executed 1238 of 1642[32m SUCCESS[39m (0 secs / 4.439 secs)
[1A[2KChrome Headless 151.0.7922.34 (Mac OS 10.15.7): Executed 1239 of 1642[32m SUCCESS[39m (0 secs / 4.443 secs)
[1A[2KChrome Headless 151.0.7922.34 (Mac OS 10.15.7): Executed 1240 of 1642[32m SUCCESS[39m (0 secs / 4.45 secs)
[1A[2KChrome Headless 151.0.7922.34 (Mac OS 10.15.7): Executed 1241 of 1642[32m SUCCESS[39m (0 secs / 4.453 secs)
[1A[2KChrome Headless 151.0.7922.34 (Mac OS 10.15.7): Executed 1242 of 1642[32m SUCCESS[39m (0 secs / 4.456 secs)
[1A[2KChrome Headless 151.0.7922.34 (Mac OS 10.15.7): Executed 1243 of 1642[32m SUCCESS[39m (0 secs / 4.459 secs)
[1A[2KChrome Headless 151.0.7922.34 (Mac OS 10.15.7): Executed 1244 of 1642[32m SUCCESS[39m (0 secs / 4.461 secs)
[1A[2KChrome Headless 151.0.7922.34 (Mac OS 10.15.7): Executed 1245 of 1642[32m SUCCESS[39m (0 secs / 4.464 secs)
[1A[2KChrome Headless 151.0.7922.34 (Mac OS 10.15.7): Executed 1246 of 1642[32m SUCCESS[39m (0 secs / 4.466 secs)
[1A[2KChrome Headless 151.0.7922.34 (Mac OS 10.15.7): Executed 1247 of 1642[32m SUCCESS[39m (0 secs / 4.469 secs)
[1A[2KChrome Headless 151.0.7922.34 (Mac OS 10.15.7): Executed 1248 of 1642[32m SUCCESS[39m (0 secs / 4.471 secs)
[1A[2KChrome Headless 151.0.7922.34 (Mac OS 10.15.7): Executed 1249 of 1642[32m SUCCESS[39m (0 secs / 4.473 secs)
[1A[2KChrome Headless 151.0.7922.34 (Mac OS 10.15.7): Executed 1250 of 1642[32m SUCCESS[39m (0 secs / 4.475 secs)
[1A[2KChrome Headless 151.0.7922.34 (Mac OS 10.15.7): Executed 1251 of 1642[32m SUCCESS[39m (0 secs / 4.479 secs)
[1A[2KChrome Headless 151.0.7922.34 (Mac OS 10.15.7): Executed 1252 of 1642[32m SUCCESS[39m (0 secs / 4.482 secs)
[1A[2KChrome Headless 151.0.7922.34 (Mac OS 10.15.7): Executed 1253 of 1642[32m SUCCESS[39m (0 secs / 4.484 secs)
[1A[2KChrome Headless 151.0.7922.34 (Mac OS 10.15.7): Executed 1254 of 1642[32m SUCCESS[39m (0 secs / 4.486 secs)
[1A[2KChrome Headless 151.0.7922.34 (Mac OS 10.15.7): Executed 1255 of 1642[32m SUCCESS[39m (0 secs / 4.488 secs)
[1A[2KChrome Headless 151.0.7922.34 (Mac OS 10.15.7): Executed 1256 of 1642[32m SUCCESS[39m (0 secs / 4.496 secs)
[1A[2KChrome Headless 151.0.7922.34 (Mac OS 10.15.7): Executed 1257 of 1642[32m SUCCESS[39m (0 secs / 4.5 secs)
[1A[2KChrome Headless 151.0.7922.34 (Mac OS 10.15.7): Executed 1258 of 1642[32m SUCCESS[39m (0 secs / 4.502 secs)
[1A[2KChrome Headless 151.0.7922.34 (Mac OS 10.15.7): Executed 1259 of 1642[32m SUCCESS[39m (0 secs / 4.504 secs)
[1A[2KChrome Headless 151.0.7922.34 (Mac OS 10.15.7): Executed 1260 of 1642[32m SUCCESS[39m (0 secs / 4.508 secs)
[1A[2KChrome Headless 151.0.7922.34 (Mac OS 10.15.7): Executed 1261 of 1642[32m SUCCESS[39m (0 secs / 4.514 secs)
[1A[2KChrome Headless 151.0.7922.34 (Mac OS 10.15.7): Executed 1262 of 1642[32m SUCCESS[39m (0 secs / 4.517 secs)
[1A[2KChrome Headless 151.0.7922.34 (Mac OS 10.15.7): Executed 1263 of 1642[32m SUCCESS[39m (0 secs / 4.519 secs)
[1A[2KChrome Headless 151.0.7922.34 (Mac OS 10.15.7): Executed 1264 of 1642[32m SUCCESS[39m (0 secs / 4.522 secs)
[1A[2KChrome Headless 151.0.7922.34 (Mac OS 10.15.7): Executed 1265 of 1642[32m SUCCESS[39m (0 secs / 4.524 secs)
[1A[2KChrome Headless 151.0.7922.34 (Mac OS 10.15.7): Executed 1266 of 1642[32m SUCCESS[39m (0 secs / 4.531 secs)
[1A[2KChrome Headless 151.0.7922.34 (Mac OS 10.15.7): Executed 1267 of 1642[32m SUCCESS[39m (0 secs / 4.535 secs)
[1A[2KChrome Headless 151.0.7922.34 (Mac OS 10.15.7): Executed 1268 of 1642[32m SUCCESS[39m (0 secs / 4.538 secs)
[1A[2KChrome Headless 151.0.7922.34 (Mac OS 10.15.7): Executed 1269 of 1642[32m SUCCESS[39m (0 secs / 4.546 secs)
[1A[2KChrome Headless 151.0.7922.34 (Mac OS 10.15.7): Executed 1270 of 1642[32m SUCCESS[39m (0 secs / 4.549 secs)
[1A[2KChrome Headless 151.0.7922.34 (Mac OS 10.15.7): Executed 1271 of 1642[32m SUCCESS[39m (0 secs / 4.553 secs)
[1A[2KChrome Headless 151.0.7922.34 (Mac OS 10.15.7): Executed 1272 of 1642[32m SUCCESS[39m (0 secs / 4.556 secs)
[1A[2KChrome Headless 151.0.7922.34 (Mac OS 10.15.7): Executed 1273 of 1642[32m SUCCESS[39m (0 secs / 4.561 secs)
[1A[2KChrome Headless 151.0.7922.34 (Mac OS 10.15.7): Executed 1274 of 1642[32m SUCCESS[39m (0 secs / 4.564 secs)
[1A[2KChrome Headless 151.0.7922.34 (Mac OS 10.15.7): Executed 1275 of 1642[32m SUCCESS[39m (0 secs / 4.566 secs)
[1A[2KChrome Headless 151.0.7922.34 (Mac OS 10.15.7): Executed 1276 of 1642[32m SUCCESS[39m (0 secs / 4.568 secs)
[1A[2KChrome Headless 151.0.7922.34 (Mac OS 10.15.7): Executed 1277 of 1642[32m SUCCESS[39m (0 secs / 4.573 secs)
[1A[2KChrome Headless 151.0.7922.34 (Mac OS 10.15.7): Executed 1278 of 1642[32m SUCCESS[39m (0 secs / 4.578 secs)
[1A[2KChrome Headless 151.0.7922.34 (Mac OS 10.15.7): Executed 1279 of 1642[32m SUCCESS[39m (0 secs / 4.581 secs)
[1A[2KChrome Headless 151.0.7922.34 (Mac OS 10.15.7): Executed 1280 of 1642[32m SUCCESS[39m (0 secs / 4.584 secs)
[1A[2KChrome Headless 151.0.7922.34 (Mac OS 10.15.7): Executed 1281 of 1642[32m SUCCESS[39m (0 secs / 4.587 secs)
[1A[2KChrome Headless 151.0.7922.34 (Mac OS 10.15.7): Executed 1282 of 1642[32m SUCCESS[39m (0 secs / 4.594 secs)
[1A[2KChrome Headless 151.0.7922.34 (Mac OS 10.15.7): Executed 1283 of 1642[32m SUCCESS[39m (0 secs / 4.597 secs)
[1A[2KChrome Headless 151.0.7922.34 (Mac OS 10.15.7): Executed 1284 of 1642[32m SUCCESS[39m (0 secs / 4.599 secs)
[1A[2KChrome Headless 151.0.7922.34 (Mac OS 10.15.7): Executed 1285 of 1642[32m SUCCESS[39m (0 secs / 4.601 secs)
[1A[2KChrome Headless 151.0.7922.34 (Mac OS 10.15.7): Executed 1286 of 1642[32m SUCCESS[39m (0 secs / 4.604 secs)
[1A[2KChrome Headless 151.0.7922.34 (Mac OS 10.15.7): Executed 1287 of 1642[32m SUCCESS[39m (0 secs / 4.607 secs)
[1A[2KChrome Headless 151.0.7922.34 (Mac OS 10.15.7): Executed 1288 of 1642[32m SUCCESS[39m (0 secs / 4.618 secs)
[1A[2KChrome Headless 151.0.7922.34 (Mac OS 10.15.7): Executed 1289 of 1642[32m SUCCESS[39m (0 secs / 4.619 secs)
[1A[2KChrome Headless 151.0.7922.34 (Mac OS 10.15.7): Executed 1290 of 1642[32m SUCCESS[39m (0 secs / 4.619 secs)
[1A[2KChrome Headless 151.0.7922.34 (Mac OS 10.15.7): Executed 1291 of 1642[32m SUCCESS[39m (0 secs / 4.619 secs)
[1A[2KChrome Headless 151.0.7922.34 (Mac OS 10.15.7): Executed 1292 of 1642[32m SUCCESS[39m (0 secs / 4.62 secs)
[1A[2KChrome Headless 151.0.7922.34 (Mac OS 10.15.7): Executed 1293 of 1642[32m SUCCESS[39m (0 secs / 4.621 secs)
[1A[2KChrome Headless 151.0.7922.34 (Mac OS 10.15.7): Executed 1294 of 1642[32m SUCCESS[39m (0 secs / 4.622 secs)
[1A[2KChrome Headless 151.0.7922.34 (Mac OS 10.15.7): Executed 1295 of 1642[32m SUCCESS[39m (0 secs / 4.622 secs)
[1A[2KChrome Headless 151.0.7922.34 (Mac OS 10.15.7): Executed 1296 of 1642[32m SUCCESS[39m (0 secs / 4.622 secs)
[1A[2KChrome Headless 151.0.7922.34 (Mac OS 10.15.7): Executed 1297 of 1642[32m SUCCESS[39m (0 secs / 4.623 secs)
[1A[2KChrome Headless 151.0.7922.34 (Mac OS 10.15.7): Executed 1298 of 1642[32m SUCCESS[39m (0 secs / 4.623 secs)
[1A[2KChrome Headless 151.0.7922.34 (Mac OS 10.15.7): Executed 1299 of 1642[32m SUCCESS[39m (0 secs / 4.623 secs)
[1A[2KChrome Headless 151.0.7922.34 (Mac OS 10.15.7): Executed 1300 of 1642[32m SUCCESS[39m (0 secs / 4.624 secs)
[1A[2KChrome Headless 151.0.7922.34 (Mac OS 10.15.7): Executed 1301 of 1642[32m SUCCESS[39m (0 secs / 4.624 secs)
[1A[2KChrome Headless 151.0.7922.34 (Mac OS 10.15.7): Executed 1302 of 1642[32m SUCCESS[39m (0 secs / 4.625 secs)
[1A[2KChrome Headless 151.0.7922.34 (Mac OS 10.15.7): Executed 1303 of 1642[32m SUCCESS[39m (0 secs / 4.625 secs)
[1A[2KChrome Headless 151.0.7922.34 (Mac OS 10.15.7): Executed 1304 of 1642[32m SUCCESS[39m (0 secs / 4.625 secs)
[1A[2KChrome Headless 151.0.7922.34 (Mac OS 10.15.7): Executed 1305 of 1642[32m SUCCESS[39m (0 secs / 4.625 secs)
[1A[2KChrome Headless 151.0.7922.34 (Mac OS 10.15.7): Executed 1306 of 1642[32m SUCCESS[39m (0 secs / 4.625 secs)
[1A[2KChrome Headless 151.0.7922.34 (Mac OS 10.15.7): Executed 1307 of 1642[32m SUCCESS[39m (0 secs / 4.631 secs)
[1A[2KChrome Headless 151.0.7922.34 (Mac OS 10.15.7): Executed 1308 of 1642[32m SUCCESS[39m (0 secs / 5.344 secs)
[1A[2KChrome Headless 151.0.7922.34 (Mac OS 10.15.7): Executed 1309 of 1642[32m SUCCESS[39m (0 secs / 5.904 secs)
[1A[2KChrome Headless 151.0.7922.34 (Mac OS 10.15.7): Executed 1310 of 1642[32m SUCCESS[39m (0 secs / 5.915 secs)
[1A[2KChrome Headless 151.0.7922.34 (Mac OS 10.15.7): Executed 1311 of 1642[32m SUCCESS[39m (0 secs / 5.925 secs)
[1A[2KChrome Headless 151.0.7922.34 (Mac OS 10.15.7): Executed 1312 of 1642[32m SUCCESS[39m (0 secs / 5.928 secs)
[1A[2KChrome Headless 151.0.7922.34 (Mac OS 10.15.7): Executed 1313 of 1642[32m SUCCESS[39m (0 secs / 5.933 secs)
[1A[2KChrome Headless 151.0.7922.34 (Mac OS 10.15.7): Executed 1314 of 1642[32m SUCCESS[39m (0 secs / 5.939 secs)
[1A[2KChrome Headless 151.0.7922.34 (Mac OS 10.15.7): Executed 1315 of 1642[32m SUCCESS[39m (0 secs / 5.944 secs)
[1A[2KChrome Headless 151.0.7922.34 (Mac OS 10.15.7): Executed 1316 of 1642[32m SUCCESS[39m (0 secs / 5.949 secs)
[1A[2KChrome Headless 151.0.7922.34 (Mac OS 10.15.7): Executed 1317 of 1642[32m SUCCESS[39m (0 secs / 5.953 secs)
[1A[2KChrome Headless 151.0.7922.34 (Mac OS 10.15.7): Executed 1318 of 1642[32m SUCCESS[39m (0 secs / 5.96 secs)
[1A[2KChrome Headless 151.0.7922.34 (Mac OS 10.15.7): Executed 1319 of 1642[32m SUCCESS[39m (0 secs / 5.963 secs)
[1A[2KChrome Headless 151.0.7922.34 (Mac OS 10.15.7): Executed 1320 of 1642[32m SUCCESS[39m (0 secs / 5.965 secs)
[1A[2KChrome Headless 151.0.7922.34 (Mac OS 10.15.7): Executed 1321 of 1642[32m SUCCESS[39m (0 secs / 5.97 secs)
[1A[2KChrome Headless 151.0.7922.34 (Mac OS 10.15.7): Executed 1322 of 1642[32m SUCCESS[39m (0 secs / 5.974 secs)
[1A[2KChrome Headless 151.0.7922.34 (Mac OS 10.15.7): Executed 1323 of 1642[32m SUCCESS[39m (0 secs / 5.976 secs)
[1A[2KChrome Headless 151.0.7922.34 (Mac OS 10.15.7): Executed 1324 of 1642[32m SUCCESS[39m (0 secs / 5.981 secs)
[1A[2KChrome Headless 151.0.7922.34 (Mac OS 10.15.7): Executed 1325 of 1642[32m SUCCESS[39m (0 secs / 5.982 secs)
[1A[2KChrome Headless 151.0.7922.34 (Mac OS 10.15.7): Executed 1326 of 1642[32m SUCCESS[39m (0 secs / 5.982 secs)
[1A[2KChrome Headless 151.0.7922.34 (Mac OS 10.15.7): Executed 1327 of 1642[32m SUCCESS[39m (0 secs / 5.982 secs)
[1A[2KChrome Headless 151.0.7922.34 (Mac OS 10.15.7): Executed 1328 of 1642[32m SUCCESS[39m (0 secs / 5.983 secs)
[1A[2KChrome Headless 151.0.7922.34 (Mac OS 10.15.7): Executed 1329 of 1642[32m SUCCESS[39m (0 secs / 5.983 secs)
[1A[2KChrome Headless 151.0.7922.34 (Mac OS 10.15.7): Executed 1330 of 1642[32m SUCCESS[39m (0 secs / 5.983 secs)
[1A[2KChrome Headless 151.0.7922.34 (Mac OS 10.15.7): Executed 1331 of 1642[32m SUCCESS[39m (0 secs / 5.983 secs)
[1A[2KChrome Headless 151.0.7922.34 (Mac OS 10.15.7): Executed 1332 of 1642[32m SUCCESS[39m (0 secs / 5.984 secs)
[1A[2KChrome Headless 151.0.7922.34 (Mac OS 10.15.7): Executed 1333 of 1642[32m SUCCESS[39m (0 secs / 5.984 secs)
[1A[2KChrome Headless 151.0.7922.34 (Mac OS 10.15.7): Executed 1334 of 1642[32m SUCCESS[39m (0 secs / 5.984 secs)
[1A[2KChrome Headless 151.0.7922.34 (Mac OS 10.15.7): Executed 1335 of 1642[32m SUCCESS[39m (0 secs / 5.985 secs)
[1A[2KChrome Headless 151.0.7922.34 (Mac OS 10.15.7): Executed 1336 of 1642[32m SUCCESS[39m (0 secs / 5.985 secs)
[1A[2KChrome Headless 151.0.7922.34 (Mac OS 10.15.7): Executed 1337 of 1642[32m SUCCESS[39m (0 secs / 5.985 secs)
[1A[2KChrome Headless 151.0.7922.34 (Mac OS 10.15.7): Executed 1338 of 1642[32m SUCCESS[39m (0 secs / 5.995 secs)
[1A[2KChrome Headless 151.0.7922.34 (Mac OS 10.15.7): Executed 1339 of 1642[32m SUCCESS[39m (0 secs / 6.003 secs)
[1A[2KChrome Headless 151.0.7922.34 (Mac OS 10.15.7): Executed 1340 of 1642[32m SUCCESS[39m (0 secs / 6.009 secs)
[1A[2KChrome Headless 151.0.7922.34 (Mac OS 10.15.7): Executed 1341 of 1642[32m SUCCESS[39m (0 secs / 6.02 secs)
[1A[2KChrome Headless 151.0.7922.34 (Mac OS 10.15.7): Executed 1342 of 1642[32m SUCCESS[39m (0 secs / 6.028 secs)
[1A[2KChrome Headless 151.0.7922.34 (Mac OS 10.15.7): Executed 1343 of 1642[32m SUCCESS[39m (0 secs / 6.036 secs)
[1A[2KChrome Headless 151.0.7922.34 (Mac OS 10.15.7): Executed 1344 of 1642[32m SUCCESS[39m (0 secs / 6.044 secs)
[1A[2KChrome Headless 151.0.7922.34 (Mac OS 10.15.7): Executed 1345 of 1642[32m SUCCESS[39m (0 secs / 6.053 secs)
[1A[2KChrome Headless 151.0.7922.34 (Mac OS 10.15.7): Executed 1346 of 1642[32m SUCCESS[39m (0 secs / 6.061 secs)
[1A[2KChrome Headless 151.0.7922.34 (Mac OS 10.15.7): Executed 1347 of 1642[32m SUCCESS[39m (0 secs / 6.062 secs)
[1A[2KChrome Headless 151.0.7922.34 (Mac OS 10.15.7): Executed 1348 of 1642[32m SUCCESS[39m (0 secs / 6.062 secs)
[1A[2KChrome Headless 151.0.7922.34 (Mac OS 10.15.7): Executed 1349 of 1642[32m SUCCESS[39m (0 secs / 6.062 secs)
[1A[2KChrome Headless 151.0.7922.34 (Mac OS 10.15.7): Executed 1350 of 1642[32m SUCCESS[39m (0 secs / 6.062 secs)
[1A[2KChrome Headless 151.0.7922.34 (Mac OS 10.15.7): Executed 1351 of 1642[32m SUCCESS[39m (0 secs / 6.063 secs)
[1A[2KChrome Headless 151.0.7922.34 (Mac OS 10.15.7): Executed 1352 of 1642[32m SUCCESS[39m (0 secs / 6.063 secs)
[1A[2KChrome Headless 151.0.7922.34 (Mac OS 10.15.7): Executed 1353 of 1642[32m SUCCESS[39m (0 secs / 6.063 secs)
[1A[2KChrome Headless 151.0.7922.34 (Mac OS 10.15.7): Executed 1354 of 1642[32m SUCCESS[39m (0 secs / 6.065 secs)
[1A[2KChrome Headless 151.0.7922.34 (Mac OS 10.15.7): Executed 1355 of 1642[32m SUCCESS[39m (0 secs / 6.065 secs)
[1A[2KChrome Headless 151.0.7922.34 (Mac OS 10.15.7): Executed 1356 of 1642[32m SUCCESS[39m (0 secs / 6.075 secs)
[1A[2KChrome Headless 151.0.7922.34 (Mac OS 10.15.7): Executed 1357 of 1642[32m SUCCESS[39m (0 secs / 6.08 secs)
[1A[2KChrome Headless 151.0.7922.34 (Mac OS 10.15.7): Executed 1358 of 1642[32m SUCCESS[39m (0 secs / 6.087 secs)
[1A[2KChrome Headless 151.0.7922.34 (Mac OS 10.15.7): Executed 1359 of 1642[32m SUCCESS[39m (0 secs / 6.092 secs)
[1A[2KChrome Headless 151.0.7922.34 (Mac OS 10.15.7): Executed 1360 of 1642[32m SUCCESS[39m (0 secs / 6.096 secs)
[1A[2KChrome Headless 151.0.7922.34 (Mac OS 10.15.7): Executed 1361 of 1642[32m SUCCESS[39m (0 secs / 6.1 secs)
[1A[2KChrome Headless 151.0.7922.34 (Mac OS 10.15.7): Executed 1362 of 1642[32m SUCCESS[39m (0 secs / 6.104 secs)
[1A[2KChrome Headless 151.0.7922.34 (Mac OS 10.15.7): Executed 1363 of 1642[32m SUCCESS[39m (0 secs / 6.109 secs)
[1A[2KChrome Headless 151.0.7922.34 (Mac OS 10.15.7): Executed 1364 of 1642[32m SUCCESS[39m (0 secs / 6.113 secs)
[1A[2KChrome Headless 151.0.7922.34 (Mac OS 10.15.7): Executed 1365 of 1642[32m SUCCESS[39m (0 secs / 6.117 secs)
[1A[2KChrome Headless 151.0.7922.34 (Mac OS 10.15.7): Executed 1366 of 1642[32m SUCCESS[39m (0 secs / 6.121 secs)
[1A[2KChrome Headless 151.0.7922.34 (Mac OS 10.15.7): Executed 1367 of 1642[32m SUCCESS[39m (0 secs / 6.125 secs)
[1A[2KChrome Headless 151.0.7922.34 (Mac OS 10.15.7): Executed 1368 of 1642[32m SUCCESS[39m (0 secs / 6.128 secs)
[1A[2KChrome Headless 151.0.7922.34 (Mac OS 10.15.7): Executed 1369 of 1642[32m SUCCESS[39m (0 secs / 6.131 secs)
[1A[2KChrome Headless 151.0.7922.34 (Mac OS 10.15.7): Executed 1370 of 1642[32m SUCCESS[39m (0 secs / 6.135 secs)
[1A[2KChrome Headless 151.0.7922.34 (Mac OS 10.15.7): Executed 1371 of 1642[32m SUCCESS[39m (0 secs / 6.138 secs)
[1A[2KChrome Headless 151.0.7922.34 (Mac OS 10.15.7): Executed 1372 of 1642[32m SUCCESS[39m (0 secs / 6.138 secs)
[1A[2KChrome Headless 151.0.7922.34 (Mac OS 10.15.7): Executed 1373 of 1642[32m SUCCESS[39m (0 secs / 6.139 secs)
[1A[2KChrome Headless 151.0.7922.34 (Mac OS 10.15.7): Executed 1374 of 1642[32m SUCCESS[39m (0 secs / 6.139 secs)
[1A[2KChrome Headless 151.0.7922.34 (Mac OS 10.15.7): Executed 1375 of 1642[32m SUCCESS[39m (0 secs / 6.139 secs)
[1A[2KChrome Headless 151.0.7922.34 (Mac OS 10.15.7): Executed 1376 of 1642[32m SUCCESS[39m (0 secs / 6.139 secs)
[1A[2KChrome Headless 151.0.7922.34 (Mac OS 10.15.7): Executed 1377 of 1642[32m SUCCESS[39m (0 secs / 6.139 secs)
[1A[2KChrome Headless 151.0.7922.34 (Mac OS 10.15.7): Executed 1378 of 1642[32m SUCCESS[39m (0 secs / 6.141 secs)
[1A[2KChrome Headless 151.0.7922.34 (Mac OS 10.15.7): Executed 1379 of 1642[32m SUCCESS[39m (0 secs / 6.141 secs)
[1A[2KChrome Headless 151.0.7922.34 (Mac OS 10.15.7): Executed 1380 of 1642[32m SUCCESS[39m (0 secs / 6.145 secs)
[1A[2KChrome Headless 151.0.7922.34 (Mac OS 10.15.7): Executed 1381 of 1642[32m SUCCESS[39m (0 secs / 6.146 secs)
[1A[2KChrome Headless 151.0.7922.34 (Mac OS 10.15.7): Executed 1382 of 1642[32m SUCCESS[39m (0 secs / 6.146 secs)
[1A[2KChrome Headless 151.0.7922.34 (Mac OS 10.15.7): Executed 1383 of 1642[32m SUCCESS[39m (0 secs / 6.146 secs)
[1A[2KChrome Headless 151.0.7922.34 (Mac OS 10.15.7): Executed 1384 of 1642[32m SUCCESS[39m (0 secs / 6.146 secs)
[1A[2KChrome Headless 151.0.7922.34 (Mac OS 10.15.7): Executed 1385 of 1642[32m SUCCESS[39m (0 secs / 6.146 secs)
[1A[2KChrome Headless 151.0.7922.34 (Mac OS 10.15.7): Executed 1386 of 1642[32m SUCCESS[39m (0 secs / 6.146 secs)
[1A[2KChrome Headless 151.0.7922.34 (Mac OS 10.15.7): Executed 1387 of 1642[32m SUCCESS[39m (0 secs / 6.146 secs)
[1A[2KChrome Headless 151.0.7922.34 (Mac OS 10.15.7): Executed 1388 of 1642[32m SUCCESS[39m (0 secs / 6.146 secs)
[1A[2KChrome Headless 151.0.7922.34 (Mac OS 10.15.7): Executed 1389 of 1642[32m SUCCESS[39m (0 secs / 6.147 secs)
[1A[2KChrome Headless 151.0.7922.34 (Mac OS 10.15.7): Executed 1390 of 1642[32m SUCCESS[39m (0 secs / 6.147 secs)
[1A[2KChrome Headless 151.0.7922.34 (Mac OS 10.15.7): Executed 1391 of 1642[32m SUCCESS[39m (0 secs / 6.147 secs)
[1A[2KChrome Headless 151.0.7922.34 (Mac OS 10.15.7): Executed 1392 of 1642[32m SUCCESS[39m (0 secs / 6.161 secs)
[1A[2KWARN: [36m'[no-spec]', 'LibraryTree: selection by id failed or node not loaded:', '12'[39m
Chrome Headless 151.0.7922.34 (Mac OS 10.15.7): Executed 1392 of 1642[32m SUCCESS[39m (0 secs / 6.161 secs)
WARN: '[no-spec]', 'LibraryTree: selection by id failed or node not loaded:', '12'
[1A[2KChrome Headless 151.0.7922.34 (Mac OS 10.15.7): Executed 1393 of 1642[32m SUCCESS[39m (0 secs / 6.169 secs)
[1A[2KChrome Headless 151.0.7922.34 (Mac OS 10.15.7): Executed 1394 of 1642[32m SUCCESS[39m (0 secs / 6.18 secs)
[1A[2KWARN: [36m'[no-spec]', 'LibraryTree: selection by id failed or node not loaded:', '12'[39m
Chrome Headless 151.0.7922.34 (Mac OS 10.15.7): Executed 1394 of 1642[32m SUCCESS[39m (0 secs / 6.18 secs)
WARN: '[no-spec]', 'LibraryTree: selection by id failed or node not loaded:', '12'
[1A[2KChrome Headless 151.0.7922.34 (Mac OS 10.15.7): Executed 1395 of 1642[32m SUCCESS[39m (0 secs / 6.187 secs)
[1A[2KChrome Headless 151.0.7922.34 (Mac OS 10.15.7): Executed 1396 of 1642[32m SUCCESS[39m (0 secs / 6.194 secs)
[1A[2KChrome Headless 151.0.7922.34 (Mac OS 10.15.7): Executed 1397 of 1642[32m SUCCESS[39m (0 secs / 6.201 secs)
[1A[2KChrome Headless 151.0.7922.34 (Mac OS 10.15.7): Executed 1398 of 1642[32m SUCCESS[39m (0 secs / 6.209 secs)
[1A[2KChrome Headless 151.0.7922.34 (Mac OS 10.15.7): Executed 1399 of 1642[32m SUCCESS[39m (0 secs / 6.217 secs)
[1A[2KChrome Headless 151.0.7922.34 (Mac OS 10.15.7): Executed 1400 of 1642[32m SUCCESS[39m (0 secs / 6.224 secs)
[1A[2KChrome Headless 151.0.7922.34 (Mac OS 10.15.7): Executed 1401 of 1642[32m SUCCESS[39m (0 secs / 6.231 secs)
[1A[2KChrome Headless 151.0.7922.34 (Mac OS 10.15.7): Executed 1402 of 1642[32m SUCCESS[39m (0 secs / 6.238 secs)
[1A[2KChrome Headless 151.0.7922.34 (Mac OS 10.15.7): Executed 1403 of 1642[32m SUCCESS[39m (0 secs / 6.246 secs)
[1A[2KChrome Headless 151.0.7922.34 (Mac OS 10.15.7): Executed 1404 of 1642[32m SUCCESS[39m (0 secs / 6.254 secs)
[1A[2KChrome Headless 151.0.7922.34 (Mac OS 10.15.7): Executed 1405 of 1642[32m SUCCESS[39m (0 secs / 6.261 secs)
[1A[2KChrome Headless 151.0.7922.34 (Mac OS 10.15.7): Executed 1406 of 1642[32m SUCCESS[39m (0 secs / 6.269 secs)
[1A[2KChrome Headless 151.0.7922.34 (Mac OS 10.15.7): Executed 1407 of 1642[32m SUCCESS[39m (0 secs / 6.277 secs)
[1A[2KChrome Headless 151.0.7922.34 (Mac OS 10.15.7): Executed 1408 of 1642[32m SUCCESS[39m (0 secs / 6.285 secs)
[1A[2KChrome Headless 151.0.7922.34 (Mac OS 10.15.7): Executed 1409 of 1642[32m SUCCESS[39m (0 secs / 6.292 secs)
[1A[2KChrome Headless 151.0.7922.34 (Mac OS 10.15.7): Executed 1410 of 1642[32m SUCCESS[39m (0 secs / 6.299 secs)
[1A[2KChrome Headless 151.0.7922.34 (Mac OS 10.15.7): Executed 1411 of 1642[32m SUCCESS[39m (0 secs / 6.306 secs)
[1A[2KChrome Headless 151.0.7922.34 (Mac OS 10.15.7): Executed 1412 of 1642[32m SUCCESS[39m (0 secs / 6.313 secs)
[1A[2KChrome Headless 151.0.7922.34 (Mac OS 10.15.7): Executed 1413 of 1642[32m SUCCESS[39m (0 secs / 6.32 secs)
[1A[2KChrome Headless 151.0.7922.34 (Mac OS 10.15.7): Executed 1414 of 1642[32m SUCCESS[39m (0 secs / 6.327 secs)
[1A[2KChrome Headless 151.0.7922.34 (Mac OS 10.15.7): Executed 1415 of 1642[32m SUCCESS[39m (0 secs / 6.33 secs)
[1A[2KChrome Headless 151.0.7922.34 (Mac OS 10.15.7): Executed 1416 of 1642[32m SUCCESS[39m (0 secs / 6.334 secs)
[1A[2KChrome Headless 151.0.7922.34 (Mac OS 10.15.7): Executed 1417 of 1642[32m SUCCESS[39m (0 secs / 6.337 secs)
[1A[2KChrome Headless 151.0.7922.34 (Mac OS 10.15.7): Executed 1418 of 1642[32m SUCCESS[39m (0 secs / 6.337 secs)
[1A[2KChrome Headless 151.0.7922.34 (Mac OS 10.15.7): Executed 1419 of 1642[32m SUCCESS[39m (0 secs / 6.337 secs)
[1A[2KChrome Headless 151.0.7922.34 (Mac OS 10.15.7): Executed 1420 of 1642[32m SUCCESS[39m (0 secs / 6.337 secs)
[1A[2KChrome Headless 151.0.7922.34 (Mac OS 10.15.7): Executed 1421 of 1642[32m SUCCESS[39m (0 secs / 6.337 secs)
[1A[2KChrome Headless 151.0.7922.34 (Mac OS 10.15.7): Executed 1422 of 1642[32m SUCCESS[39m (0 secs / 6.337 secs)
[1A[2KChrome Headless 151.0.7922.34 (Mac OS 10.15.7): Executed 1423 of 1642[32m SUCCESS[39m (0 secs / 6.337 secs)
[1A[2KChrome Headless 151.0.7922.34 (Mac OS 10.15.7): Executed 1424 of 1642[32m SUCCESS[39m (0 secs / 6.337 secs)
[1A[2KChrome Headless 151.0.7922.34 (Mac OS 10.15.7): Executed 1425 of 1642[32m SUCCESS[39m (0 secs / 6.337 secs)
[1A[2KChrome Headless 151.0.7922.34 (Mac OS 10.15.7): Executed 1426 of 1642[32m SUCCESS[39m (0 secs / 6.338 secs)
[1A[2KChrome Headless 151.0.7922.34 (Mac OS 10.15.7): Executed 1427 of 1642[32m SUCCESS[39m (0 secs / 6.338 secs)
[1A[2KChrome Headless 151.0.7922.34 (Mac OS 10.15.7): Executed 1428 of 1642[32m SUCCESS[39m (0 secs / 6.338 secs)
[1A[2KChrome Headless 151.0.7922.34 (Mac OS 10.15.7): Executed 1429 of 1642[32m SUCCESS[39m (0 secs / 6.338 secs)
[1A[2KChrome Headless 151.0.7922.34 (Mac OS 10.15.7): Executed 1430 of 1642[32m SUCCESS[39m (0 secs / 6.338 secs)
[1A[2KChrome Headless 151.0.7922.34 (Mac OS 10.15.7): Executed 1431 of 1642[32m SUCCESS[39m (0 secs / 6.338 secs)
[1A[2KChrome Headless 151.0.7922.34 (Mac OS 10.15.7): Executed 1432 of 1642[32m SUCCESS[39m (0 secs / 6.338 secs)
[1A[2KChrome Headless 151.0.7922.34 (Mac OS 10.15.7): Executed 1433 of 1642[32m SUCCESS[39m (0 secs / 6.338 secs)
[1A[2KChrome Headless 151.0.7922.34 (Mac OS 10.15.7): Executed 1434 of 1642[32m SUCCESS[39m (0 secs / 6.338 secs)
[1A[2KChrome Headless 151.0.7922.34 (Mac OS 10.15.7): Executed 1435 of 1642[32m SUCCESS[39m (0 secs / 6.338 secs)
[1A[2KChrome Headless 151.0.7922.34 (Mac OS 10.15.7): Executed 1436 of 1642[32m SUCCESS[39m (0 secs / 6.338 secs)
[1A[2KChrome Headless 151.0.7922.34 (Mac OS 10.15.7): Executed 1437 of 1642[32m SUCCESS[39m (0 secs / 6.338 secs)
[1A[2KChrome Headless 151.0.7922.34 (Mac OS 10.15.7): Executed 1438 of 1642[32m SUCCESS[39m (0 secs / 6.343 secs)
[1A[2KChrome Headless 151.0.7922.34 (Mac OS 10.15.7): Executed 1439 of 1642[32m SUCCESS[39m (0 secs / 6.346 secs)
[1A[2KChrome Headless 151.0.7922.34 (Mac OS 10.15.7): Executed 1440 of 1642[32m SUCCESS[39m (0 secs / 6.349 secs)
[1A[2KChrome Headless 151.0.7922.34 (Mac OS 10.15.7): Executed 1441 of 1642[32m SUCCESS[39m (0 secs / 6.352 secs)
[1A[2KChrome Headless 151.0.7922.34 (Mac OS 10.15.7): Executed 1442 of 1642[32m SUCCESS[39m (0 secs / 6.354 secs)
[1A[2KChrome Headless 151.0.7922.34 (Mac OS 10.15.7): Executed 1443 of 1642[32m SUCCESS[39m (0 secs / 6.356 secs)
[1A[2KChrome Headless 151.0.7922.34 (Mac OS 10.15.7): Executed 1444 of 1642[32m SUCCESS[39m (0 secs / 6.358 secs)
[1A[2KChrome Headless 151.0.7922.34 (Mac OS 10.15.7): Executed 1445 of 1642[32m SUCCESS[39m (0 secs / 6.36 secs)
[1A[2KChrome Headless 151.0.7922.34 (Mac OS 10.15.7): Executed 1446 of 1642[32m SUCCESS[39m (0 secs / 6.362 secs)
[1A[2KChrome Headless 151.0.7922.34 (Mac OS 10.15.7): Executed 1447 of 1642[32m SUCCESS[39m (0 secs / 6.364 secs)
[1A[2KChrome Headless 151.0.7922.34 (Mac OS 10.15.7): Executed 1448 of 1642[32m SUCCESS[39m (0 secs / 6.365 secs)
[1A[2KChrome Headless 151.0.7922.34 (Mac OS 10.15.7): Executed 1449 of 1642[32m SUCCESS[39m (0 secs / 6.367 secs)
[1A[2KChrome Headless 151.0.7922.34 (Mac OS 10.15.7): Executed 1450 of 1642[32m SUCCESS[39m (0 secs / 6.369 secs)
[1A[2KChrome Headless 151.0.7922.34 (Mac OS 10.15.7): Executed 1451 of 1642[32m SUCCESS[39m (0 secs / 6.374 secs)
[1A[2KChrome Headless 151.0.7922.34 (Mac OS 10.15.7): Executed 1452 of 1642[32m SUCCESS[39m (0 secs / 6.377 secs)
[1A[2KChrome Headless 151.0.7922.34 (Mac OS 10.15.7): Executed 1453 of 1642[32m SUCCESS[39m (0 secs / 6.38 secs)
[1A[2KChrome Headless 151.0.7922.34 (Mac OS 10.15.7): Executed 1454 of 1642[32m SUCCESS[39m (0 secs / 6.382 secs)
[1A[2KChrome Headless 151.0.7922.34 (Mac OS 10.15.7): Executed 1455 of 1642[32m SUCCESS[39m (0 secs / 6.383 secs)
[1A[2KChrome Headless 151.0.7922.34 (Mac OS 10.15.7): Executed 1456 of 1642[32m SUCCESS[39m (0 secs / 6.393 secs)
[1A[2KChrome Headless 151.0.7922.34 (Mac OS 10.15.7): Executed 1457 of 1642[32m SUCCESS[39m (0 secs / 6.4 secs)
[1A[2KChrome Headless 151.0.7922.34 (Mac OS 10.15.7): Executed 1458 of 1642[32m SUCCESS[39m (0 secs / 6.407 secs)
[1A[2KChrome Headless 151.0.7922.34 (Mac OS 10.15.7): Executed 1459 of 1642[32m SUCCESS[39m (0 secs / 6.413 secs)
[1A[2KChrome Headless 151.0.7922.34 (Mac OS 10.15.7): Executed 1460 of 1642[32m SUCCESS[39m (0 secs / 6.417 secs)
[1A[2KChrome Headless 151.0.7922.34 (Mac OS 10.15.7): Executed 1461 of 1642[32m SUCCESS[39m (0 secs / 6.421 secs)
[1A[2KChrome Headless 151.0.7922.34 (Mac OS 10.15.7): Executed 1462 of 1642[32m SUCCESS[39m (0 secs / 6.426 secs)
[1A[2KChrome Headless 151.0.7922.34 (Mac OS 10.15.7): Executed 1463 of 1642[32m SUCCESS[39m (0 secs / 6.431 secs)
[1A[2KChrome Headless 151.0.7922.34 (Mac OS 10.15.7): Executed 1464 of 1642[32m SUCCESS[39m (0 secs / 6.434 secs)
[1A[2KChrome Headless 151.0.7922.34 (Mac OS 10.15.7): Executed 1465 of 1642[32m SUCCESS[39m (0 secs / 6.439 secs)
[1A[2KChrome Headless 151.0.7922.34 (Mac OS 10.15.7): Executed 1466 of 1642[32m SUCCESS[39m (0 secs / 6.444 secs)
[1A[2KChrome Headless 151.0.7922.34 (Mac OS 10.15.7): Executed 1467 of 1642[32m SUCCESS[39m (0 secs / 6.449 secs)
[1A[2KChrome Headless 151.0.7922.34 (Mac OS 10.15.7): Executed 1468 of 1642[32m SUCCESS[39m (0 secs / 6.453 secs)
[1A[2KChrome Headless 151.0.7922.34 (Mac OS 10.15.7): Executed 1469 of 1642[32m SUCCESS[39m (0 secs / 6.457 secs)
[1A[2KChrome Headless 151.0.7922.34 (Mac OS 10.15.7): Executed 1470 of 1642[32m SUCCESS[39m (0 secs / 6.464 secs)
[1A[2KChrome Headless 151.0.7922.34 (Mac OS 10.15.7): Executed 1471 of 1642[32m SUCCESS[39m (0 secs / 6.467 secs)
[1A[2KChrome Headless 151.0.7922.34 (Mac OS 10.15.7): Executed 1472 of 1642[32m SUCCESS[39m (0 secs / 6.472 secs)
[1A[2KChrome Headless 151.0.7922.34 (Mac OS 10.15.7): Executed 1473 of 1642[32m SUCCESS[39m (0 secs / 6.472 secs)
[1A[2KChrome Headless 151.0.7922.34 (Mac OS 10.15.7): Executed 1474 of 1642[32m SUCCESS[39m (0 secs / 6.473 secs)
[1A[2KChrome Headless 151.0.7922.34 (Mac OS 10.15.7): Executed 1475 of 1642[32m SUCCESS[39m (0 secs / 6.474 secs)
[1A[2KChrome Headless 151.0.7922.34 (Mac OS 10.15.7): Executed 1476 of 1642[32m SUCCESS[39m (0 secs / 6.474 secs)
[1A[2KChrome Headless 151.0.7922.34 (Mac OS 10.15.7): Executed 1477 of 1642[32m SUCCESS[39m (0 secs / 6.475 secs)
[1A[2KChrome Headless 151.0.7922.34 (Mac OS 10.15.7): Executed 1478 of 1642[32m SUCCESS[39m (0 secs / 6.475 secs)
[1A[2KChrome Headless 151.0.7922.34 (Mac OS 10.15.7): Executed 1479 of 1642[32m SUCCESS[39m (0 secs / 6.475 secs)
[1A[2KChrome Headless 151.0.7922.34 (Mac OS 10.15.7): Executed 1480 of 1642[32m SUCCESS[39m (0 secs / 6.476 secs)
[1A[2KChrome Headless 151.0.7922.34 (Mac OS 10.15.7): Executed 1481 of 1642[32m SUCCESS[39m (0 secs / 6.476 secs)
[1A[2KChrome Headless 151.0.7922.34 (Mac OS 10.15.7): Executed 1482 of 1642[32m SUCCESS[39m (0 secs / 6.477 secs)
[1A[2KChrome Headless 151.0.7922.34 (Mac OS 10.15.7): Executed 1483 of 1642[32m SUCCESS[39m (0 secs / 6.477 secs)
[1A[2KChrome Headless 151.0.7922.34 (Mac OS 10.15.7): Executed 1484 of 1642[32m SUCCESS[39m (0 secs / 6.478 secs)
[1A[2KChrome Headless 151.0.7922.34 (Mac OS 10.15.7): Executed 1485 of 1642[32m SUCCESS[39m (0 secs / 6.478 secs)
[1A[2KChrome Headless 151.0.7922.34 (Mac OS 10.15.7): Executed 1486 of 1642[32m SUCCESS[39m (0 secs / 6.485 secs)
[1A[2KChrome Headless 151.0.7922.34 (Mac OS 10.15.7): Executed 1487 of 1642[32m SUCCESS[39m (0 secs / 6.489 secs)
[1A[2KChrome Headless 151.0.7922.34 (Mac OS 10.15.7): Executed 1488 of 1642[32m SUCCESS[39m (0 secs / 6.492 secs)
[1A[2KChrome Headless 151.0.7922.34 (Mac OS 10.15.7): Executed 1489 of 1642[32m SUCCESS[39m (0 secs / 6.496 secs)
[1A[2KChrome Headless 151.0.7922.34 (Mac OS 10.15.7): Executed 1490 of 1642[32m SUCCESS[39m (0 secs / 6.499 secs)
[1A[2KChrome Headless 151.0.7922.34 (Mac OS 10.15.7): Executed 1491 of 1642[32m SUCCESS[39m (0 secs / 6.505 secs)
[1A[2KChrome Headless 151.0.7922.34 (Mac OS 10.15.7): Executed 1492 of 1642[32m SUCCESS[39m (0 secs / 6.511 secs)
[1A[2KChrome Headless 151.0.7922.34 (Mac OS 10.15.7): Executed 1493 of 1642[32m SUCCESS[39m (0 secs / 6.516 secs)
[1A[2KChrome Headless 151.0.7922.34 (Mac OS 10.15.7): Executed 1494 of 1642[32m SUCCESS[39m (0 secs / 6.522 secs)
[1A[2KChrome Headless 151.0.7922.34 (Mac OS 10.15.7): Executed 1495 of 1642[32m SUCCESS[39m (0 secs / 6.526 secs)
[1A[2KChrome Headless 151.0.7922.34 (Mac OS 10.15.7): Executed 1496 of 1642[32m SUCCESS[39m (0 secs / 6.529 secs)
[1A[2KChrome Headless 151.0.7922.34 (Mac OS 10.15.7): Executed 1497 of 1642[32m SUCCESS[39m (0 secs / 6.531 secs)
[1A[2KChrome Headless 151.0.7922.34 (Mac OS 10.15.7): Executed 1498 of 1642[32m SUCCESS[39m (0 secs / 6.534 secs)
[1A[2KChrome Headless 151.0.7922.34 (Mac OS 10.15.7): Executed 1499 of 1642[32m SUCCESS[39m (0 secs / 6.538 secs)
[1A[2KChrome Headless 151.0.7922.34 (Mac OS 10.15.7): Executed 1500 of 1642[32m SUCCESS[39m (0 secs / 6.541 secs)
[1A[2KChrome Headless 151.0.7922.34 (Mac OS 10.15.7): Executed 1501 of 1642[32m SUCCESS[39m (0 secs / 6.541 secs)
[1A[2KChrome Headless 151.0.7922.34 (Mac OS 10.15.7): Executed 1502 of 1642[32m SUCCESS[39m (0 secs / 6.541 secs)
[1A[2KChrome Headless 151.0.7922.34 (Mac OS 10.15.7): Executed 1503 of 1642[32m SUCCESS[39m (0 secs / 6.541 secs)
[1A[2KChrome Headless 151.0.7922.34 (Mac OS 10.15.7): Executed 1504 of 1642[32m SUCCESS[39m (0 secs / 6.541 secs)
[1A[2KChrome Headless 151.0.7922.34 (Mac OS 10.15.7): Executed 1505 of 1642[32m SUCCESS[39m (0 secs / 6.545 secs)
[1A[2KChrome Headless 151.0.7922.34 (Mac OS 10.15.7): Executed 1506 of 1642[32m SUCCESS[39m (0 secs / 6.547 secs)
[1A[2KChrome Headless 151.0.7922.34 (Mac OS 10.15.7): Executed 1507 of 1642[32m SUCCESS[39m (0 secs / 6.548 secs)
[1A[2KChrome Headless 151.0.7922.34 (Mac OS 10.15.7): Executed 1508 of 1642[32m SUCCESS[39m (0 secs / 6.55 secs)
[1A[2KChrome Headless 151.0.7922.34 (Mac OS 10.15.7): Executed 1509 of 1642[32m SUCCESS[39m (0 secs / 6.551 secs)
[1A[2KChrome Headless 151.0.7922.34 (Mac OS 10.15.7): Executed 1510 of 1642[32m SUCCESS[39m (0 secs / 6.552 secs)
[1A[2KChrome Headless 151.0.7922.34 (Mac OS 10.15.7): Executed 1511 of 1642[32m SUCCESS[39m (0 secs / 6.552 secs)
[1A[2KChrome Headless 151.0.7922.34 (Mac OS 10.15.7): Executed 1512 of 1642[32m SUCCESS[39m (0 secs / 6.552 secs)
[1A[2KChrome Headless 151.0.7922.34 (Mac OS 10.15.7): Executed 1513 of 1642[32m SUCCESS[39m (0 secs / 6.552 secs)
[1A[2KChrome Headless 151.0.7922.34 (Mac OS 10.15.7): Executed 1514 of 1642[32m SUCCESS[39m (0 secs / 6.556 secs)
[1A[2KChrome Headless 151.0.7922.34 (Mac OS 10.15.7): Executed 1515 of 1642[32m SUCCESS[39m (0 secs / 6.558 secs)
[1A[2KChrome Headless 151.0.7922.34 (Mac OS 10.15.7): Executed 1516 of 1642[32m SUCCESS[39m (0 secs / 6.562 secs)
[1A[2KChrome Headless 151.0.7922.34 (Mac OS 10.15.7): Executed 1517 of 1642[32m SUCCESS[39m (0 secs / 6.563 secs)
[1A[2KChrome Headless 151.0.7922.34 (Mac OS 10.15.7): Executed 1518 of 1642[32m SUCCESS[39m (0 secs / 6.564 secs)
[1A[2KChrome Headless 151.0.7922.34 (Mac OS 10.15.7): Executed 1519 of 1642[32m SUCCESS[39m (0 secs / 6.568 secs)
[1A[2KChrome Headless 151.0.7922.34 (Mac OS 10.15.7): Executed 1520 of 1642[32m SUCCESS[39m (0 secs / 6.57 secs)
[1A[2KChrome Headless 151.0.7922.34 (Mac OS 10.15.7): Executed 1521 of 1642[32m SUCCESS[39m (0 secs / 6.572 secs)
[1A[2KChrome Headless 151.0.7922.34 (Mac OS 10.15.7): Executed 1522 of 1642[32m SUCCESS[39m (0 secs / 6.575 secs)
[1A[2KChrome Headless 151.0.7922.34 (Mac OS 10.15.7): Executed 1523 of 1642[32m SUCCESS[39m (0 secs / 6.575 secs)
[1A[2KChrome Headless 151.0.7922.34 (Mac OS 10.15.7): Executed 1524 of 1642[32m SUCCESS[39m (0 secs / 6.575 secs)
[1A[2KChrome Headless 151.0.7922.34 (Mac OS 10.15.7): Executed 1525 of 1642[32m SUCCESS[39m (0 secs / 6.575 secs)
[1A[2KChrome Headless 151.0.7922.34 (Mac OS 10.15.7): Executed 1526 of 1642[32m SUCCESS[39m (0 secs / 6.575 secs)
[1A[2KChrome Headless 151.0.7922.34 (Mac OS 10.15.7): Executed 1527 of 1642[32m SUCCESS[39m (0 secs / 6.575 secs)
[1A[2KChrome Headless 151.0.7922.34 (Mac OS 10.15.7): Executed 1528 of 1642[32m SUCCESS[39m (0 secs / 6.575 secs)
[1A[2KChrome Headless 151.0.7922.34 (Mac OS 10.15.7): Executed 1529 of 1642[32m SUCCESS[39m (0 secs / 6.576 secs)
[1A[2KChrome Headless 151.0.7922.34 (Mac OS 10.15.7): Executed 1530 of 1642[32m SUCCESS[39m (0 secs / 6.576 secs)
[1A[2KChrome Headless 151.0.7922.34 (Mac OS 10.15.7): Executed 1531 of 1642[32m SUCCESS[39m (0 secs / 6.576 secs)
[1A[2KChrome Headless 151.0.7922.34 (Mac OS 10.15.7): Executed 1532 of 1642[32m SUCCESS[39m (0 secs / 6.576 secs)
[1A[2KChrome Headless 151.0.7922.34 (Mac OS 10.15.7): Executed 1533 of 1642[32m SUCCESS[39m (0 secs / 6.576 secs)
[1A[2KChrome Headless 151.0.7922.34 (Mac OS 10.15.7): Executed 1534 of 1642[32m SUCCESS[39m (0 secs / 6.576 secs)
[1A[2KChrome Headless 151.0.7922.34 (Mac OS 10.15.7): Executed 1535 of 1642[32m SUCCESS[39m (0 secs / 6.576 secs)
[1A[2KChrome Headless 151.0.7922.34 (Mac OS 10.15.7): Executed 1536 of 1642[32m SUCCESS[39m (0 secs / 6.576 secs)
[1A[2KChrome Headless 151.0.7922.34 (Mac OS 10.15.7): Executed 1537 of 1642[32m SUCCESS[39m (0 secs / 6.576 secs)
[1A[2KChrome Headless 151.0.7922.34 (Mac OS 10.15.7): Executed 1538 of 1642[32m SUCCESS[39m (0 secs / 6.581 secs)
[1A[2KChrome Headless 151.0.7922.34 (Mac OS 10.15.7): Executed 1539 of 1642[32m SUCCESS[39m (0 secs / 6.583 secs)
[1A[2KChrome Headless 151.0.7922.34 (Mac OS 10.15.7): Executed 1540 of 1642[32m SUCCESS[39m (0 secs / 6.585 secs)
[1A[2KChrome Headless 151.0.7922.34 (Mac OS 10.15.7): Executed 1541 of 1642[32m SUCCESS[39m (0 secs / 6.587 secs)
[1A[2KChrome Headless 151.0.7922.34 (Mac OS 10.15.7): Executed 1542 of 1642[32m SUCCESS[39m (0 secs / 6.589 secs)
[1A[2KChrome Headless 151.0.7922.34 (Mac OS 10.15.7): Executed 1543 of 1642[32m SUCCESS[39m (0 secs / 6.591 secs)
[1A[2KChrome Headless 151.0.7922.34 (Mac OS 10.15.7): Executed 1544 of 1642[32m SUCCESS[39m (0 secs / 6.592 secs)
[1A[2KChrome Headless 151.0.7922.34 (Mac OS 10.15.7): Executed 1545 of 1642[32m SUCCESS[39m (0 secs / 6.594 secs)
[1A[2KChrome Headless 151.0.7922.34 (Mac OS 10.15.7): Executed 1546 of 1642[32m SUCCESS[39m (0 secs / 6.596 secs)
[1A[2KChrome Headless 151.0.7922.34 (Mac OS 10.15.7): Executed 1547 of 1642[32m SUCCESS[39m (0 secs / 6.597 secs)
[1A[2KChrome Headless 151.0.7922.34 (Mac OS 10.15.7): Executed 1548 of 1642[32m SUCCESS[39m (0 secs / 6.597 secs)
[1A[2KChrome Headless 151.0.7922.34 (Mac OS 10.15.7): Executed 1549 of 1642[32m SUCCESS[39m (0 secs / 6.597 secs)
[1A[2KChrome Headless 151.0.7922.34 (Mac OS 10.15.7): Executed 1550 of 1642[32m SUCCESS[39m (0 secs / 6.597 secs)
[1A[2KChrome Headless 151.0.7922.34 (Mac OS 10.15.7): Executed 1551 of 1642[32m SUCCESS[39m (0 secs / 6.597 secs)
[1A[2KChrome Headless 151.0.7922.34 (Mac OS 10.15.7): Executed 1552 of 1642[32m SUCCESS[39m (0 secs / 6.597 secs)
[1A[2KChrome Headless 151.0.7922.34 (Mac OS 10.15.7): Executed 1553 of 1642[32m SUCCESS[39m (0 secs / 6.597 secs)
[1A[2KChrome Headless 151.0.7922.34 (Mac OS 10.15.7): Executed 1554 of 1642[32m SUCCESS[39m (0 secs / 6.597 secs)
[1A[2KChrome Headless 151.0.7922.34 (Mac OS 10.15.7): Executed 1555 of 1642[32m SUCCESS[39m (0 secs / 6.598 secs)
[1A[2KChrome Headless 151.0.7922.34 (Mac OS 10.15.7): Executed 1556 of 1642[32m SUCCESS[39m (0 secs / 6.598 secs)
[1A[2KChrome Headless 151.0.7922.34 (Mac OS 10.15.7): Executed 1557 of 1642[32m SUCCESS[39m (0 secs / 6.598 secs)
[1A[2KChrome Headless 151.0.7922.34 (Mac OS 10.15.7): Executed 1558 of 1642[32m SUCCESS[39m (0 secs / 6.598 secs)
[1A[2KChrome Headless 151.0.7922.34 (Mac OS 10.15.7): Executed 1559 of 1642[32m SUCCESS[39m (0 secs / 6.598 secs)
[1A[2KChrome Headless 151.0.7922.34 (Mac OS 10.15.7): Executed 1560 of 1642[32m SUCCESS[39m (0 secs / 6.598 secs)
[1A[2KChrome Headless 151.0.7922.34 (Mac OS 10.15.7): Executed 1561 of 1642[32m SUCCESS[39m (0 secs / 6.598 secs)
[1A[2KChrome Headless 151.0.7922.34 (Mac OS 10.15.7): Executed 1562 of 1642[32m SUCCESS[39m (0 secs / 6.598 secs)
[1A[2KChrome Headless 151.0.7922.34 (Mac OS 10.15.7): Executed 1563 of 1642[32m SUCCESS[39m (0 secs / 6.598 secs)
[1A[2KChrome Headless 151.0.7922.34 (Mac OS 10.15.7): Executed 1564 of 1642[32m SUCCESS[39m (0 secs / 6.598 secs)
[1A[2KChrome Headless 151.0.7922.34 (Mac OS 10.15.7): Executed 1565 of 1642[32m SUCCESS[39m (0 secs / 6.598 secs)
[1A[2KChrome Headless 151.0.7922.34 (Mac OS 10.15.7): Executed 1566 of 1642[32m SUCCESS[39m (0 secs / 6.599 secs)
[1A[2KChrome Headless 151.0.7922.34 (Mac OS 10.15.7): Executed 1567 of 1642[32m SUCCESS[39m (0 secs / 6.599 secs)
[1A[2KChrome Headless 151.0.7922.34 (Mac OS 10.15.7): Executed 1568 of 1642[32m SUCCESS[39m (0 secs / 6.599 secs)
[1A[2KChrome Headless 151.0.7922.34 (Mac OS 10.15.7): Executed 1569 of 1642[32m SUCCESS[39m (0 secs / 6.599 secs)
[1A[2KChrome Headless 151.0.7922.34 (Mac OS 10.15.7): Executed 1570 of 1642[32m SUCCESS[39m (0 secs / 6.599 secs)
[1A[2KChrome Headless 151.0.7922.34 (Mac OS 10.15.7): Executed 1571 of 1642[32m SUCCESS[39m (0 secs / 6.599 secs)
[1A[2KChrome Headless 151.0.7922.34 (Mac OS 10.15.7): Executed 1572 of 1642[32m SUCCESS[39m (0 secs / 6.599 secs)
[1A[2KChrome Headless 151.0.7922.34 (Mac OS 10.15.7): Executed 1573 of 1642[32m SUCCESS[39m (0 secs / 6.599 secs)
[1A[2KChrome Headless 151.0.7922.34 (Mac OS 10.15.7): Executed 1574 of 1642[32m SUCCESS[39m (0 secs / 6.599 secs)
[1A[2KChrome Headless 151.0.7922.34 (Mac OS 10.15.7): Executed 1575 of 1642[32m SUCCESS[39m (0 secs / 6.599 secs)
[1A[2KChrome Headless 151.0.7922.34 (Mac OS 10.15.7): Executed 1576 of 1642[32m SUCCESS[39m (0 secs / 6.599 secs)
[1A[2KChrome Headless 151.0.7922.34 (Mac OS 10.15.7): Executed 1577 of 1642[32m SUCCESS[39m (0 secs / 6.599 secs)
[1A[2KChrome Headless 151.0.7922.34 (Mac OS 10.15.7): Executed 1578 of 1642[32m SUCCESS[39m (0 secs / 6.599 secs)
[1A[2KChrome Headless 151.0.7922.34 (Mac OS 10.15.7): Executed 1579 of 1642[32m SUCCESS[39m (0 secs / 6.599 secs)
[1A[2KChrome Headless 151.0.7922.34 (Mac OS 10.15.7): Executed 1580 of 1642[32m SUCCESS[39m (0 secs / 6.599 secs)
[1A[2KChrome Headless 151.0.7922.34 (Mac OS 10.15.7): Executed 1581 of 1642[32m SUCCESS[39m (0 secs / 6.599 secs)
[1A[2KChrome Headless 151.0.7922.34 (Mac OS 10.15.7): Executed 1582 of 1642[32m SUCCESS[39m (0 secs / 6.599 secs)
[1A[2KChrome Headless 151.0.7922.34 (Mac OS 10.15.7): Executed 1583 of 1642[32m SUCCESS[39m (0 secs / 6.599 secs)
[1A[2KChrome Headless 151.0.7922.34 (Mac OS 10.15.7): Executed 1584 of 1642[32m SUCCESS[39m (0 secs / 6.599 secs)
[1A[2KChrome Headless 151.0.7922.34 (Mac OS 10.15.7): Executed 1585 of 1642[32m SUCCESS[39m (0 secs / 6.599 secs)
[1A[2KChrome Headless 151.0.7922.34 (Mac OS 10.15.7): Executed 1586 of 1642[32m SUCCESS[39m (0 secs / 6.599 secs)
[1A[2KChrome Headless 151.0.7922.34 (Mac OS 10.15.7): Executed 1587 of 1642[32m SUCCESS[39m (0 secs / 6.599 secs)
[1A[2KChrome Headless 151.0.7922.34 (Mac OS 10.15.7): Executed 1588 of 1642[32m SUCCESS[39m (0 secs / 6.599 secs)
[1A[2KChrome Headless 151.0.7922.34 (Mac OS 10.15.7): Executed 1589 of 1642[32m SUCCESS[39m (0 secs / 6.599 secs)
[1A[2KChrome Headless 151.0.7922.34 (Mac OS 10.15.7): Executed 1590 of 1642[32m SUCCESS[39m (0 secs / 6.599 secs)
[1A[2KChrome Headless 151.0.7922.34 (Mac OS 10.15.7): Executed 1591 of 1642[32m SUCCESS[39m (0 secs / 6.604 secs)
[1A[2KChrome Headless 151.0.7922.34 (Mac OS 10.15.7): Executed 1592 of 1642[32m SUCCESS[39m (0 secs / 6.606 secs)
[1A[2KChrome Headless 151.0.7922.34 (Mac OS 10.15.7): Executed 1593 of 1642[32m SUCCESS[39m (0 secs / 6.606 secs)
[1A[2KChrome Headless 151.0.7922.34 (Mac OS 10.15.7): Executed 1594 of 1642[32m SUCCESS[39m (0 secs / 6.606 secs)
[1A[2KChrome Headless 151.0.7922.34 (Mac OS 10.15.7): Executed 1595 of 1642[32m SUCCESS[39m (0 secs / 6.606 secs)
[1A[2KChrome Headless 151.0.7922.34 (Mac OS 10.15.7): Executed 1596 of 1642[32m SUCCESS[39m (0 secs / 6.606 secs)
[1A[2KChrome Headless 151.0.7922.34 (Mac OS 10.15.7): Executed 1597 of 1642[32m SUCCESS[39m (0 secs / 6.606 secs)
[1A[2KChrome Headless 151.0.7922.34 (Mac OS 10.15.7): Executed 1598 of 1642[32m SUCCESS[39m (0 secs / 6.607 secs)
[1A[2KChrome Headless 151.0.7922.34 (Mac OS 10.15.7): Executed 1599 of 1642[32m SUCCESS[39m (0 secs / 6.607 secs)
[1A[2KChrome Headless 151.0.7922.34 (Mac OS 10.15.7): Executed 1600 of 1642[32m SUCCESS[39m (0 secs / 6.607 secs)
[1A[2KChrome Headless 151.0.7922.34 (Mac OS 10.15.7): Executed 1601 of 1642[32m SUCCESS[39m (0 secs / 6.607 secs)
[1A[2KChrome Headless 151.0.7922.34 (Mac OS 10.15.7): Executed 1602 of 1642[32m SUCCESS[39m (0 secs / 6.61 secs)
[1A[2KChrome Headless 151.0.7922.34 (Mac OS 10.15.7): Executed 1603 of 1642[32m SUCCESS[39m (0 secs / 6.613 secs)
[1A[2KChrome Headless 151.0.7922.34 (Mac OS 10.15.7): Executed 1604 of 1642[32m SUCCESS[39m (0 secs / 6.617 secs)
[1A[2KChrome Headless 151.0.7922.34 (Mac OS 10.15.7): Executed 1605 of 1642[32m SUCCESS[39m (0 secs / 6.621 secs)
[1A[2KChrome Headless 151.0.7922.34 (Mac OS 10.15.7): Executed 1606 of 1642[32m SUCCESS[39m (0 secs / 6.624 secs)
[1A[2KChrome Headless 151.0.7922.34 (Mac OS 10.15.7): Executed 1607 of 1642[32m SUCCESS[39m (0 secs / 6.627 secs)
[1A[2KChrome Headless 151.0.7922.34 (Mac OS 10.15.7): Executed 1608 of 1642[32m SUCCESS[39m (0 secs / 6.629 secs)
[1A[2KChrome Headless 151.0.7922.34 (Mac OS 10.15.7): Executed 1609 of 1642[32m SUCCESS[39m (0 secs / 6.64 secs)
[1A[2KChrome Headless 151.0.7922.34 (Mac OS 10.15.7): Executed 1610 of 1642[32m SUCCESS[39m (0 secs / 6.643 secs)
[1A[2KChrome Headless 151.0.7922.34 (Mac OS 10.15.7): Executed 1611 of 1642[32m SUCCESS[39m (0 secs / 6.647 secs)
[1A[2KChrome Headless 151.0.7922.34 (Mac OS 10.15.7): Executed 1612 of 1642[32m SUCCESS[39m (0 secs / 6.647 secs)
[1A[2KChrome Headless 151.0.7922.34 (Mac OS 10.15.7): Executed 1613 of 1642[32m SUCCESS[39m (0 secs / 6.647 secs)
[1A[2KChrome Headless 151.0.7922.34 (Mac OS 10.15.7): Executed 1614 of 1642[32m SUCCESS[39m (0 secs / 6.647 secs)
[1A[2KChrome Headless 151.0.7922.34 (Mac OS 10.15.7): Executed 1615 of 1642[32m SUCCESS[39m (0 secs / 6.647 secs)
[1A[2KChrome Headless 151.0.7922.34 (Mac OS 10.15.7): Executed 1616 of 1642[32m SUCCESS[39m (0 secs / 6.647 secs)
[1A[2KChrome Headless 151.0.7922.34 (Mac OS 10.15.7): Executed 1617 of 1642[32m SUCCESS[39m (0 secs / 6.647 secs)
[1A[2KChrome Headless 151.0.7922.34 (Mac OS 10.15.7): Executed 1618 of 1642[32m SUCCESS[39m (0 secs / 6.647 secs)
[1A[2KChrome Headless 151.0.7922.34 (Mac OS 10.15.7): Executed 1619 of 1642[32m SUCCESS[39m (0 secs / 6.647 secs)
[1A[2KChrome Headless 151.0.7922.34 (Mac OS 10.15.7): Executed 1620 of 1642[32m SUCCESS[39m (0 secs / 6.647 secs)
[1A[2KChrome Headless 151.0.7922.34 (Mac OS 10.15.7): Executed 1621 of 1642[32m SUCCESS[39m (0 secs / 6.647 secs)
[1A[2KChrome Headless 151.0.7922.34 (Mac OS 10.15.7): Executed 1622 of 1642[32m SUCCESS[39m (0 secs / 6.647 secs)
[1A[2KChrome Headless 151.0.7922.34 (Mac OS 10.15.7): Executed 1623 of 1642[32m SUCCESS[39m (0 secs / 6.648 secs)
[1A[2KChrome Headless 151.0.7922.34 (Mac OS 10.15.7): Executed 1624 of 1642[32m SUCCESS[39m (0 secs / 6.648 secs)
[1A[2KChrome Headless 151.0.7922.34 (Mac OS 10.15.7): Executed 1625 of 1642[32m SUCCESS[39m (0 secs / 6.648 secs)
[1A[2KChrome Headless 151.0.7922.34 (Mac OS 10.15.7): Executed 1626 of 1642[32m SUCCESS[39m (0 secs / 6.648 secs)
[1A[2KChrome Headless 151.0.7922.34 (Mac OS 10.15.7): Executed 1627 of 1642[32m SUCCESS[39m (0 secs / 6.648 secs)
[1A[2KChrome Headless 151.0.7922.34 (Mac OS 10.15.7): Executed 1628 of 1642[32m SUCCESS[39m (0 secs / 6.648 secs)
[1A[2KChrome Headless 151.0.7922.34 (Mac OS 10.15.7): Executed 1629 of 1642[32m SUCCESS[39m (0 secs / 6.649 secs)
[1A[2KChrome Headless 151.0.7922.34 (Mac OS 10.15.7): Executed 1630 of 1642[32m SUCCESS[39m (0 secs / 6.66 secs)
[1A[2KChrome Headless 151.0.7922.34 (Mac OS 10.15.7): Executed 1631 of 1642[32m SUCCESS[39m (0 secs / 6.67 secs)
[1A[2KChrome Headless 151.0.7922.34 (Mac OS 10.15.7): Executed 1632 of 1642[32m SUCCESS[39m (0 secs / 6.679 secs)
[1A[2KChrome Headless 151.0.7922.34 (Mac OS 10.15.7): Executed 1633 of 1642[32m SUCCESS[39m (0 secs / 6.69 secs)
[1A[2KChrome Headless 151.0.7922.34 (Mac OS 10.15.7): Executed 1634 of 1642[32m SUCCESS[39m (0 secs / 6.699 secs)
[1A[2KChrome Headless 151.0.7922.34 (Mac OS 10.15.7): Executed 1635 of 1642[32m SUCCESS[39m (0 secs / 6.699 secs)
[1A[2KChrome Headless 151.0.7922.34 (Mac OS 10.15.7): Executed 1636 of 1642[32m SUCCESS[39m (0 secs / 6.699 secs)
[1A[2KChrome Headless 151.0.7922.34 (Mac OS 10.15.7): Executed 1637 of 1642[32m SUCCESS[39m (0 secs / 6.699 secs)
[1A[2KChrome Headless 151.0.7922.34 (Mac OS 10.15.7): Executed 1638 of 1642[32m SUCCESS[39m (0 secs / 6.699 secs)
[1A[2KChrome Headless 151.0.7922.34 (Mac OS 10.15.7): Executed 1639 of 1642[32m SUCCESS[39m (0 secs / 6.699 secs)
[1A[2KChrome Headless 151.0.7922.34 (Mac OS 10.15.7): Executed 1640 of 1642[32m SUCCESS[39m (0 secs / 6.699 secs)
[1A[2KChrome Headless 151.0.7922.34 (Mac OS 10.15.7): Executed 1641 of 1642[32m SUCCESS[39m (0 secs / 6.699 secs)
[1A[2KChrome Headless 151.0.7922.34 (Mac OS 10.15.7): Executed 1642 of 1642[32m SUCCESS[39m (0 secs / 6.699 secs)
[1A[2KChrome Headless 151.0.7922.34 (Mac OS 10.15.7): Executed 1642 of 1642[32m SUCCESS[39m (7.885 secs / 6.699 secs)
[32mTOTAL: 1642 SUCCESS[39m
[32m✔[39m Browser application bundle generation complete.
=============================== Coverage summary ===============================
[33;1mStatements   : 75.99% ( 10764/14165 )[0m
[33;1mBranches     : 63.68% ( 4233/6647 )[0m
[33;1mFunctions    : 72.8% ( 2948/4049 )[0m
[33;1mLines        : 76.74% ( 10299/13420 )[0m
================================================================================
[32m✔[39m Browser application bundle generation complete.



 NX   Successfully ran target test-coverage for project etc-client


