Branch event
Obtained Jenkinsfile from e00b13031a66d84bddb125082a44153f9774cf3a
Loading library devops-jenkins-lib@master
Attempting to resolve master from remote references...
 > git --version # timeout=10
 > git --version # 'git version 2.47.3'
using GIT_ASKPASS to set credentials Bitbucket-Cloud-SA-Api-Token
 > git ls-remote -h -- https://bitbucket.org/flatironssolutions/devops-jenkins-lib.git # timeout=10
Found match: refs/heads/master revision a013579fa560c9a8bd3b4e5fbf5705fe4f69a26c
The recommended git tool is: NONE
using credential bitbucket-builder
Cloning the remote Git repository
Cloning with configured refspecs honoured and without tags
Cloning repository https://bitbucket.org/flatironssolutions/devops-jenkins-lib.git
 > git init /var/jenkins_home/workspace/rd_insight-server_PR-57@libs/424505265d8fda4cdcfb4be805f1cbd894f70b00b7a9e466eda3768f9a2ae303 # timeout=10
Fetching upstream changes from https://bitbucket.org/flatironssolutions/devops-jenkins-lib.git
 > git --version # timeout=10
 > git --version # 'git version 2.47.3'
using GIT_ASKPASS to set credentials Bitbucket-Cloud-SA-Api-Token
 > git fetch --no-tags --force --progress -- https://bitbucket.org/flatironssolutions/devops-jenkins-lib.git +refs/heads/*:refs/remotes/origin/* # timeout=10
 > git config remote.origin.url https://bitbucket.org/flatironssolutions/devops-jenkins-lib.git # timeout=10
 > git config --add remote.origin.fetch +refs/heads/*:refs/remotes/origin/* # timeout=10
Avoid second fetch
Checking out Revision a013579fa560c9a8bd3b4e5fbf5705fe4f69a26c (master)
 > git config core.sparsecheckout # timeout=10
 > git checkout -f a013579fa560c9a8bd3b4e5fbf5705fe4f69a26c # timeout=10
Commit message: "PDO-222 Avoid error if env.BRANCH_NAME is not set."
First time build. Skipping changelog.
[Bitbucket] Notifying pull request build result
 > git --version # timeout=10
 > git --version # 'git version 2.47.3'
[Pipeline] Start of Pipeline
[Pipeline] milestone
Trying to pass milestone 1
[Pipeline] readTrusted
Obtained jenkins-containers.yaml from e00b13031a66d84bddb125082a44153f9774cf3a
[Pipeline] podTemplate
[Pipeline] {
[Pipeline] node
Created Pod: k8s jenkins/rd-insight-server-pr-57-1-8fbnk-jf502-701fj
[PodInfo] jenkins/rd-insight-server-pr-57-1-8fbnk-jf502-701fj
	Container [builder] waiting [ContainerCreating] No message
	Container [dind] waiting [ContainerCreating] No message
	Container [git] waiting [ContainerCreating] No message
	Container [jnlp] waiting [ContainerCreating] No message
	Container [maven] waiting [ContainerCreating] No message
	Container [node] waiting [ContainerCreating] No message
	Pod [Pending][ContainersNotReady] containers with unready status: [builder node git dind maven jnlp]
[PodInfo] jenkins/rd-insight-server-pr-57-1-8fbnk-jf502-701fj
	Container [builder] waiting [ContainerCreating] No message
	Container [dind] waiting [ContainerCreating] No message
	Container [git] waiting [ContainerCreating] No message
	Container [jnlp] waiting [ContainerCreating] No message
	Container [maven] waiting [ContainerCreating] No message
	Container [node] waiting [ContainerCreating] No message
	Pod [Pending][ContainersNotReady] containers with unready status: [builder node git dind maven jnlp]
Agent rd-insight-server-pr-57-1-8fbnk-jf502-701fj is provisioned from template rd_insight-server_PR-57_1-8fbnk-jf502
---
apiVersion: "v1"
kind: "Pod"
metadata:
  annotations:
    kubernetes.jenkins.io/last-refresh: "1791401926270"
    buildUrl: "http://jenkins:8080/job/rd/job/insight-server/job/PR-57/1/"
    runUrl: "job/rd/job/insight-server/job/PR-57/1/"
  labels:
    jenkins: "slave"
    jenkins/label-digest: "e199d7be015639d00ba5122ff766a5dcdaba0235"
    jenkins/label: "rd_insight-server_PR-57_1-8fbnk"
    kubernetes.jenkins.io/controller: "http___jenkins_8080x"
  name: "rd-insight-server-pr-57-1-8fbnk-jf502-701fj"
  namespace: "jenkins"
spec:
  containers:
  - args:
    - "dockerd-entrypoint.sh dockerd && cat"
    command:
    - "/bin/sh"
    - "-c"
    image: "hub.flatirons.cloud/docker/builder:no-cache-temurin21-m399"
    imagePullPolicy: "Always"
    name: "builder"
    resources:
      limits:
        cpu: "2000m"
      requests:
        cpu: "1000m"
    securityContext:
      privileged: true
    tty: true
    volumeMounts:
    - mountPath: "/home/jenkins/agent"
      name: "workspace-volume"
      readOnly: false
  - args:
    - "cat"
    command:
    - "/bin/sh"
    - "-c"
    image: "hub.flatirons.cloud/docker/node:10"
    imagePullPolicy: "IfNotPresent"
    name: "node"
    resources:
      limits:
        cpu: "1000m"
      requests:
        cpu: "0"
    tty: true
    volumeMounts:
    - mountPath: "/home/jenkins/agent"
      name: "workspace-volume"
      readOnly: false
    workingDir: "/home/jenkins/agent"
  - args:
    - "cat"
    command:
    - "/bin/sh"
    - "-c"
    image: "hub.flatirons.cloud/docker/git-cache:latest"
    imagePullPolicy: "Always"
    name: "git"
    resources:
      limits:
        cpu: "1000m"
      requests:
        cpu: "0"
    tty: true
    volumeMounts:
    - mountPath: "/home/jenkins/agent"
      name: "workspace-volume"
      readOnly: false
    workingDir: "/home/jenkins/agent"
  - args:
    - "dockerd-entrypoint.sh"
    - "dockerd"
    - "&&"
    - "cat"
    command:
    - "/bin/sh"
    - "-c"
    image: "hub.flatirons.cloud/docker/dind-builder:latest"
    imagePullPolicy: "Always"
    name: "dind"
    resources:
      limits:
        cpu: "1000m"
      requests:
        cpu: "200m"
    securityContext:
      privileged: true
    tty: true
    volumeMounts:
    - mountPath: "/home/jenkins/agent"
      name: "workspace-volume"
      readOnly: false
    workingDir: "/home/jenkins/agent"
  - args:
    - "cat"
    command:
    - "/bin/sh"
    - "-c"
    image: "hub.flatirons.cloud/docker/maven:3-jdk-8"
    imagePullPolicy: "Always"
    name: "maven"
    resources:
      limits:
        cpu: "1000m"
      requests:
        cpu: "0"
    tty: true
    volumeMounts:
    - mountPath: "/home/jenkins/agent"
      name: "workspace-volume"
      readOnly: false
    workingDir: "/home/jenkins/agent"
  - env:
    - name: "JENKINS_SECRET"
      value: "********"
    - name: "JENKINS_TUNNEL"
      value: "jenkins-agent:50000"
    - name: "JENKINS_AGENT_NAME"
      value: "rd-insight-server-pr-57-1-8fbnk-jf502-701fj"
    - name: "REMOTING_OPTS"
      value: "-noReconnectAfter 1d"
    - name: "JENKINS_NAME"
      value: "rd-insight-server-pr-57-1-8fbnk-jf502-701fj"
    - name: "JENKINS_AGENT_WORKDIR"
      value: "/home/jenkins/agent"
    - name: "JENKINS_URL"
      value: "http://jenkins:8080/"
    image: "hub.flatirons.cloud/docker/jenkins/inbound-agent:3355.v388858a_47b_33-3-jdk21"
    name: "jnlp"
    resources:
      requests:
        memory: "256Mi"
        cpu: "100m"
    volumeMounts:
    - mountPath: "/home/jenkins/agent"
      name: "workspace-volume"
      readOnly: false
  nodeSelector:
    builder: "true"
  restartPolicy: "Never"
  serviceAccountName: "jenkins"
  volumes:
  - emptyDir:
      medium: ""
    name: "workspace-volume"

Running on rd-insight-server-pr-57-1-8fbnk-jf502-701fj in /home/jenkins/agent/workspace/rd_insight-server_PR-57
[Pipeline] {
[Pipeline] stage
[Pipeline] { (Declarative: Checkout SCM)
[Pipeline] checkout
The recommended git tool is: NONE
using credential bitbucket-api
Cloning the remote Git repository
Cloning repository https://bitbucket.org/flatironssolutions/insight-server.git
 > git init /home/jenkins/agent/workspace/rd_insight-server_PR-57 # timeout=10
Fetching upstream changes from https://bitbucket.org/flatironssolutions/insight-server.git
 > git --version # timeout=10
 > git --version # 'git version 2.47.3'
using GIT_ASKPASS to set credentials User API token for bitbucket-api
 > git fetch --tags --force --progress -- https://bitbucket.org/flatironssolutions/insight-server.git +refs/heads/*:refs/remotes/origin/* # timeout=10
Avoid second fetch
Checking out Revision e00b13031a66d84bddb125082a44153f9774cf3a (PR-57)
Commit message: "Reject sequence-flow listeners and cover unsupported archive content"
First time build. Skipping changelog.
 > git --version # timeout=10
 > git --version # 'git version 2.47.3'
fatal: bad object a013579fa560c9a8bd3b4e5fbf5705fe4f69a26c
 > git config remote.origin.url https://bitbucket.org/flatironssolutions/insight-server.git # timeout=10
 > git config --add remote.origin.fetch +refs/heads/*:refs/remotes/origin/* # timeout=10
 > git config core.sparsecheckout # timeout=10
 > git checkout -f e00b13031a66d84bddb125082a44153f9774cf3a # timeout=10
[Pipeline] }
[Pipeline] // stage
[Pipeline] withEnv
[Pipeline] {
[Pipeline] withEnv
[Pipeline] {
[Pipeline] stage
[Pipeline] { (Compile)
[Pipeline] container
[Pipeline] {
[Pipeline] withMaven
Executing sh script inside container builder of pod rd-insight-server-pr-57-1-8fbnk-jf502-701fj
Executing command: "/bin/sh" "-c" "which mvn" 
exit
/usr/local/bin/mvn
Executing sh script inside container builder of pod rd-insight-server-pr-57-1-8fbnk-jf502-701fj
Executing command: "/usr/local/bin/mvn" "--version" 
exit
Picked up JAVA_TOOL_OPTIONS: -Dmaven.ext.class.path="/home/jenkins/agent/workspace/rd_insight-server_PR-57@tmp/withMaven5277d719/pipeline-maven-spy.jar" -Dorg.jenkinsci.plugins.pipeline.maven.reportsFolder="/home/jenkins/agent/workspace/rd_insight-server_PR-57@tmp/withMaven5277d719" 
Apache Maven 3.9.9 (8e8579a9e76f7d015ee5ec7bfcdc97d260186937)
Maven home: /usr/local/apache-maven-3.9.9
Java version: 21.0.9, vendor: Eclipse Adoptium, runtime: /usr/lib/jvm/temurin-21-jdk-amd64
Default locale: en_US, platform encoding: UTF-8
OS name: "linux", version: "6.12.79-101.147.amzn2023.x86_64", arch: "amd64", family: "unix"
[Pipeline] {
[Pipeline] sh
+ pwd
/home/jenkins/agent/workspace/rd_insight-server_PR-57
+ mvn clean install -DskipTests -Dskip.tests=true -Dcustomer.parity.skip=true
Picked up JAVA_TOOL_OPTIONS: -Dmaven.ext.class.path="/home/jenkins/agent/workspace/rd_insight-server_PR-57@tmp/withMaven5277d719/pipeline-maven-spy.jar" -Dorg.jenkinsci.plugins.pipeline.maven.reportsFolder="/home/jenkins/agent/workspace/rd_insight-server_PR-57@tmp/withMaven5277d719" 
[INFO] [jenkins-event-spy] Generate /home/jenkins/agent/workspace/rd_insight-server_PR-57@tmp/withMaven5277d719/maven-spy-20261007-193906-41917580987649987658173.log.tmp ...
[INFO] Scanning for projects...
[INFO] 
[INFO] ----------------- maven-git-versioning-extension:5.2.0 -----------------
[INFO] Adjusting project models...
[INFO] 
[INFO] --- com.flatirons.insight:insight-root @ branch kwesley/workflow-scenario-port-target ---
[INFO] project version: 999.999-kwesley-workflow-scenario-port-target-SNAPSHOT
[INFO] properties:
[INFO]   flatirons.versionRange: [0-${flatirons.parentBranch}-SNAPSHOT, 0-${flatirons.parentBranch}-Z-SNAPSHOT),[999.999-kwesley-workflow-scenario-port-target-SNAPSHOT,999.999-kwesley-workflow-scenario-port-target-Z-SNAPSHOT)
[INFO] 
[INFO] --- com.flatirons.insight:insight-config @ branch kwesley/workflow-scenario-port-target ---
[INFO] parent version: 999.999-kwesley-workflow-scenario-port-target-SNAPSHOT
[INFO] 
[INFO] --- com.flatirons.insight:insight-model @ branch kwesley/workflow-scenario-port-target ---
[INFO] parent version: 999.999-kwesley-workflow-scenario-port-target-SNAPSHOT
[INFO] 
[INFO] --- com.flatirons.insight:insight-dao @ branch kwesley/workflow-scenario-port-target ---
[INFO] parent version: 999.999-kwesley-workflow-scenario-port-target-SNAPSHOT
[INFO] 
[INFO] --- com.flatirons.insight:insight-rest @ branch kwesley/workflow-scenario-port-target ---
[INFO] parent version: 999.999-kwesley-workflow-scenario-port-target-SNAPSHOT
[INFO] 
[INFO] --- com.flatirons.insight:insight-service @ branch kwesley/workflow-scenario-port-target ---
[INFO] parent version: 999.999-kwesley-workflow-scenario-port-target-SNAPSHOT
[INFO] properties:
[INFO] 
[INFO] --- com.flatirons.insight:insight-api @ branch kwesley/workflow-scenario-port-target ---
[INFO] parent version: 999.999-kwesley-workflow-scenario-port-target-SNAPSHOT
[INFO] 
[INFO] --- com.flatirons.insight:insight-package @ branch kwesley/workflow-scenario-port-target ---
[INFO] parent version: 999.999-kwesley-workflow-scenario-port-target-SNAPSHOT
[INFO] 
[INFO] ------------------------------------------------------------------------
[INFO] Reactor Build Order:
[INFO] 
[INFO] Insight Server                                                     [pom]
[INFO] Insight - API                                                      [jar]
[INFO] Insight - Spring Configuration                                     [jar]
[INFO] Insight - Model                                                    [jar]
[INFO] Insight - Entity and Repository                                    [jar]
[INFO] Insight - Service                                                  [jar]
[INFO] Insight - REST                                                     [jar]
[INFO] Insight - Spring Application                                       [war]
[INFO] 
[INFO] -----------------< com.flatirons.insight:insight-root >-----------------
[INFO] Building Insight Server 999.999-kwesley-workflow-scenario-port-target-SNAPSHOT [1/8]
[INFO]   from pom.xml
[INFO] --------------------------------[ pom ]---------------------------------
[INFO] 
[INFO] --- clean:3.2.0:clean (default-clean) @ insight-root ---
[INFO] 
[INFO] --- git-versioning-extension:5.2.0:git-versioning (git-versioning) @ insight-root ---
[INFO] Generating git versioned POM
[INFO] 
[INFO] --- jacoco:0.8.12:report-aggregate (report-aggregate) @ insight-root ---
[INFO] 
[INFO] --- install:3.1.2:install (default-install) @ insight-root ---
[INFO] Installing /home/jenkins/agent/workspace/rd_insight-server_PR-57/target/.git-versioned-pom.xml to /home/jenkins/agent/workspace/rd_insight-server_PR-57/com/flatirons/insight/insight-root/999.999-kwesley-workflow-scenario-port-target-SNAPSHOT/insight-root-999.999-kwesley-workflow-scenario-port-target-SNAPSHOT.pom
[INFO] 
[INFO] -----------------< com.flatirons.insight:insight-api >------------------
[INFO] Building Insight - API 999.999-kwesley-workflow-scenario-port-target-SNAPSHOT [2/8]
[INFO]   from insight-api/pom.xml
[INFO] --------------------------------[ jar ]---------------------------------
[INFO] 
[INFO] --- clean:3.2.0:clean (default-clean) @ insight-api ---
[INFO] 
[INFO] --- jacoco:0.8.12:prepare-agent (prepare-agent) @ insight-api ---
[INFO] argLine set to -javaagent:/home/jenkins/agent/workspace/rd_insight-server_PR-57/org/jacoco/org.jacoco.agent/0.8.12/org.jacoco.agent-0.8.12-runtime.jar=destfile=/home/jenkins/agent/workspace/rd_insight-server_PR-57/insight-api/target/jacoco.exec
[INFO] 
[INFO] --- git-versioning-extension:5.2.0:git-versioning (git-versioning) @ insight-api ---
[INFO] Generating git versioned POM
[INFO] 
[INFO] --- resources:3.3.0:resources (default-resources) @ insight-api ---
[INFO] skip non existing resourceDirectory /home/jenkins/agent/workspace/rd_insight-server_PR-57/insight-api/src/main/resources
[INFO] 
[INFO] --- compiler:3.11.0:compile (default-compile) @ insight-api ---
[WARNING]  Parameter 'optimize' (user property 'maven.compiler.optimize') is deprecated: This property is a no-op in javac.
[INFO] Changes detected - recompiling the module! :source
[INFO] Compiling 199 source files with javac [debug optimize deprecation release 21] to target/classes
[WARNING] /home/jenkins/agent/workspace/rd_insight-server_PR-57/insight-api/src/main/java/com/flatirons/insight/model/enums/ProcessSort.java:[32,25] isEmpty(java.lang.Object) in org.springframework.util.StringUtils has been deprecated
[WARNING] /home/jenkins/agent/workspace/rd_insight-server_PR-57/insight-api/src/main/java/com/flatirons/insight/model/enums/ProcessState.java:[31,25] isEmpty(java.lang.Object) in org.springframework.util.StringUtils has been deprecated
[INFO] 
[INFO] --- resources:3.3.0:testResources (default-testResources) @ insight-api ---
[INFO] skip non existing resourceDirectory /home/jenkins/agent/workspace/rd_insight-server_PR-57/insight-api/src/test/resources
[INFO] 
[INFO] --- compiler:3.11.0:testCompile (default-testCompile) @ insight-api ---
[WARNING]  Parameter 'optimize' (user property 'maven.compiler.optimize') is deprecated: This property is a no-op in javac.
[INFO] Changes detected - recompiling the module! :dependency
[INFO] Compiling 4 source files with javac [debug optimize deprecation release 21] to target/test-classes
[INFO] 
[INFO] --- surefire:3.1.2:test (default-test) @ insight-api ---
[INFO] Tests are skipped.
[INFO] 
[INFO] --- jar:3.3.0:jar (default-jar) @ insight-api ---
[INFO] Building jar: /home/jenkins/agent/workspace/rd_insight-server_PR-57/insight-api/target/insight-api-999.999-kwesley-workflow-scenario-port-target-SNAPSHOT.jar
[INFO] 
[INFO] --- jacoco:0.8.12:report-aggregate (report-aggregate) @ insight-api ---
[INFO] 
[INFO] --- install:3.1.2:install (default-install) @ insight-api ---
[INFO] Installing /home/jenkins/agent/workspace/rd_insight-server_PR-57/insight-api/target/.git-versioned-pom.xml to /home/jenkins/agent/workspace/rd_insight-server_PR-57/com/flatirons/insight/insight-api/999.999-kwesley-workflow-scenario-port-target-SNAPSHOT/insight-api-999.999-kwesley-workflow-scenario-port-target-SNAPSHOT.pom
[INFO] Installing /home/jenkins/agent/workspace/rd_insight-server_PR-57/insight-api/target/insight-api-999.999-kwesley-workflow-scenario-port-target-SNAPSHOT.jar to /home/jenkins/agent/workspace/rd_insight-server_PR-57/com/flatirons/insight/insight-api/999.999-kwesley-workflow-scenario-port-target-SNAPSHOT/insight-api-999.999-kwesley-workflow-scenario-port-target-SNAPSHOT.jar
[INFO] 
[INFO] ----------------< com.flatirons.insight:insight-config >----------------
[INFO] Building Insight - Spring Configuration 999.999-kwesley-workflow-scenario-port-target-SNAPSHOT [3/8]
[INFO]   from insight-config/pom.xml
[INFO] --------------------------------[ jar ]---------------------------------
[INFO] 
[INFO] --- clean:3.2.0:clean (default-clean) @ insight-config ---
[INFO] 
[INFO] --- jacoco:0.8.12:prepare-agent (prepare-agent) @ insight-config ---
[INFO] argLine set to -javaagent:/home/jenkins/agent/workspace/rd_insight-server_PR-57/org/jacoco/org.jacoco.agent/0.8.12/org.jacoco.agent-0.8.12-runtime.jar=destfile=/home/jenkins/agent/workspace/rd_insight-server_PR-57/insight-config/target/jacoco.exec
[INFO] 
[INFO] --- git-versioning-extension:5.2.0:git-versioning (git-versioning) @ insight-config ---
[INFO] Generating git versioned POM
[INFO] 
[INFO] --- resources:3.3.0:resources (default-resources) @ insight-config ---
[INFO] skip non existing resourceDirectory /home/jenkins/agent/workspace/rd_insight-server_PR-57/insight-config/src/main/resources
[INFO] 
[INFO] --- compiler:3.11.0:compile (default-compile) @ insight-config ---
[WARNING]  Parameter 'optimize' (user property 'maven.compiler.optimize') is deprecated: This property is a no-op in javac.
[INFO] Changes detected - recompiling the module! :dependency
[INFO] Compiling 24 source files with javac [debug optimize deprecation release 21] to target/classes
[INFO] 
[INFO] --- resources:3.3.0:testResources (default-testResources) @ insight-config ---
[INFO] skip non existing resourceDirectory /home/jenkins/agent/workspace/rd_insight-server_PR-57/insight-config/src/test/resources
[INFO] 
[INFO] --- compiler:3.11.0:testCompile (default-testCompile) @ insight-config ---
[WARNING]  Parameter 'optimize' (user property 'maven.compiler.optimize') is deprecated: This property is a no-op in javac.
[INFO] Changes detected - recompiling the module! :dependency
[INFO] Compiling 13 source files with javac [debug optimize deprecation release 21] to target/test-classes
[INFO] 
[INFO] --- surefire:3.1.2:test (default-test) @ insight-config ---
[INFO] Tests are skipped.
[INFO] 
[INFO] --- jar:3.3.0:jar (default-jar) @ insight-config ---
[INFO] Building jar: /home/jenkins/agent/workspace/rd_insight-server_PR-57/insight-config/target/insight-config-999.999-kwesley-workflow-scenario-port-target-SNAPSHOT.jar
[INFO] 
[INFO] --- jacoco:0.8.12:report-aggregate (report-aggregate) @ insight-config ---
[INFO] Analyzed bundle 'insight-api' with 50 classes
[INFO] 
[INFO] --- install:3.1.2:install (default-install) @ insight-config ---
[INFO] Installing /home/jenkins/agent/workspace/rd_insight-server_PR-57/insight-config/target/.git-versioned-pom.xml to /home/jenkins/agent/workspace/rd_insight-server_PR-57/com/flatirons/insight/insight-config/999.999-kwesley-workflow-scenario-port-target-SNAPSHOT/insight-config-999.999-kwesley-workflow-scenario-port-target-SNAPSHOT.pom
[INFO] Installing /home/jenkins/agent/workspace/rd_insight-server_PR-57/insight-config/target/insight-config-999.999-kwesley-workflow-scenario-port-target-SNAPSHOT.jar to /home/jenkins/agent/workspace/rd_insight-server_PR-57/com/flatirons/insight/insight-config/999.999-kwesley-workflow-scenario-port-target-SNAPSHOT/insight-config-999.999-kwesley-workflow-scenario-port-target-SNAPSHOT.jar
[INFO] 
[INFO] ----------------< com.flatirons.insight:insight-model >-----------------
[INFO] Building Insight - Model 999.999-kwesley-workflow-scenario-port-target-SNAPSHOT [4/8]
[INFO]   from insight-model/pom.xml
[INFO] --------------------------------[ jar ]---------------------------------
[INFO] 
[INFO] --- clean:3.2.0:clean (default-clean) @ insight-model ---
[INFO] 
[INFO] --- jacoco:0.8.12:prepare-agent (prepare-agent) @ insight-model ---
[INFO] argLine set to -javaagent:/home/jenkins/agent/workspace/rd_insight-server_PR-57/org/jacoco/org.jacoco.agent/0.8.12/org.jacoco.agent-0.8.12-runtime.jar=destfile=/home/jenkins/agent/workspace/rd_insight-server_PR-57/insight-model/target/jacoco.exec
[INFO] 
[INFO] --- git-versioning-extension:5.2.0:git-versioning (git-versioning) @ insight-model ---
[INFO] Generating git versioned POM
[INFO] 
[INFO] --- resources:3.3.0:resources (default-resources) @ insight-model ---
[INFO] skip non existing resourceDirectory /home/jenkins/agent/workspace/rd_insight-server_PR-57/insight-model/src/main/resources
[INFO] 
[INFO] --- compiler:3.11.0:compile (default-compile) @ insight-model ---
[WARNING]  Parameter 'optimize' (user property 'maven.compiler.optimize') is deprecated: This property is a no-op in javac.
[INFO] Changes detected - recompiling the module! :dependency
[INFO] Compiling 99 source files with javac [debug optimize deprecation release 21] to target/classes
[INFO] 
[INFO] --- resources:3.3.0:testResources (default-testResources) @ insight-model ---
[INFO] skip non existing resourceDirectory /home/jenkins/agent/workspace/rd_insight-server_PR-57/insight-model/src/test/resources
[INFO] 
[INFO] --- compiler:3.11.0:testCompile (default-testCompile) @ insight-model ---
[WARNING]  Parameter 'optimize' (user property 'maven.compiler.optimize') is deprecated: This property is a no-op in javac.
[INFO] Changes detected - recompiling the module! :dependency
[INFO] Compiling 2 source files with javac [debug optimize deprecation release 21] to target/test-classes
[INFO] 
[INFO] --- surefire:3.1.2:test (default-test) @ insight-model ---
[INFO] Tests are skipped.
[INFO] 
[INFO] --- jar:3.3.0:jar (default-jar) @ insight-model ---
[INFO] Building jar: /home/jenkins/agent/workspace/rd_insight-server_PR-57/insight-model/target/insight-model-999.999-kwesley-workflow-scenario-port-target-SNAPSHOT.jar
[INFO] 
[INFO] --- jacoco:0.8.12:report-aggregate (report-aggregate) @ insight-model ---
[INFO] Analyzed bundle 'insight-api' with 50 classes
[INFO] 
[INFO] --- install:3.1.2:install (default-install) @ insight-model ---
[INFO] Installing /home/jenkins/agent/workspace/rd_insight-server_PR-57/insight-model/target/.git-versioned-pom.xml to /home/jenkins/agent/workspace/rd_insight-server_PR-57/com/flatirons/insight/insight-model/999.999-kwesley-workflow-scenario-port-target-SNAPSHOT/insight-model-999.999-kwesley-workflow-scenario-port-target-SNAPSHOT.pom
[INFO] Installing /home/jenkins/agent/workspace/rd_insight-server_PR-57/insight-model/target/insight-model-999.999-kwesley-workflow-scenario-port-target-SNAPSHOT.jar to /home/jenkins/agent/workspace/rd_insight-server_PR-57/com/flatirons/insight/insight-model/999.999-kwesley-workflow-scenario-port-target-SNAPSHOT/insight-model-999.999-kwesley-workflow-scenario-port-target-SNAPSHOT.jar
[INFO] 
[INFO] -----------------< com.flatirons.insight:insight-dao >------------------
[INFO] Building Insight - Entity and Repository 999.999-kwesley-workflow-scenario-port-target-SNAPSHOT [5/8]
[INFO]   from insight-dao/pom.xml
[INFO] --------------------------------[ jar ]---------------------------------
[INFO] 
[INFO] --- clean:3.2.0:clean (default-clean) @ insight-dao ---
[INFO] 
[INFO] --- jacoco:0.8.12:prepare-agent (prepare-agent) @ insight-dao ---
[INFO] argLine set to -javaagent:/home/jenkins/agent/workspace/rd_insight-server_PR-57/org/jacoco/org.jacoco.agent/0.8.12/org.jacoco.agent-0.8.12-runtime.jar=destfile=/home/jenkins/agent/workspace/rd_insight-server_PR-57/insight-dao/target/jacoco.exec
[INFO] 
[INFO] --- git-versioning-extension:5.2.0:git-versioning (git-versioning) @ insight-dao ---
[INFO] Generating git versioned POM
[INFO] 
[INFO] --- resources:3.3.0:resources (default-resources) @ insight-dao ---
[INFO] Copying 22 resources
[INFO] 
[INFO] --- compiler:3.11.0:compile (default-compile) @ insight-dao ---
[WARNING]  Parameter 'optimize' (user property 'maven.compiler.optimize') is deprecated: This property is a no-op in javac.
[INFO] Changes detected - recompiling the module! :dependency
[INFO] Compiling 67 source files with javac [debug optimize deprecation release 21] to target/classes
[INFO] Hibernate compile-time tooling 6.6.40.Final
[INFO] /home/jenkins/agent/workspace/rd_insight-server_PR-57/insight-dao/src/main/java/com/flatirons/insight/repository/ReferenceDataLookupRepositoryImpl.java: /home/jenkins/agent/workspace/rd_insight-server_PR-57/insight-dao/src/main/java/com/flatirons/insight/repository/ReferenceDataLookupRepositoryImpl.java uses unchecked or unsafe operations.
[INFO] /home/jenkins/agent/workspace/rd_insight-server_PR-57/insight-dao/src/main/java/com/flatirons/insight/repository/ReferenceDataLookupRepositoryImpl.java: Recompile with -Xlint:unchecked for details.
[INFO] 
[INFO] --- resources:3.3.0:testResources (default-testResources) @ insight-dao ---
[INFO] skip non existing resourceDirectory /home/jenkins/agent/workspace/rd_insight-server_PR-57/insight-dao/src/test/resources
[INFO] 
[INFO] --- compiler:3.11.0:testCompile (default-testCompile) @ insight-dao ---
[WARNING]  Parameter 'optimize' (user property 'maven.compiler.optimize') is deprecated: This property is a no-op in javac.
[INFO] Changes detected - recompiling the module! :dependency
[INFO] Compiling 2 source files with javac [debug optimize deprecation release 21] to target/test-classes
[INFO] Hibernate compile-time tooling 6.6.40.Final
[INFO] 
[INFO] --- surefire:3.1.2:test (default-test) @ insight-dao ---
[INFO] Tests are skipped.
[INFO] 
[INFO] --- jar:3.3.0:jar (default-jar) @ insight-dao ---
[INFO] Building jar: /home/jenkins/agent/workspace/rd_insight-server_PR-57/insight-dao/target/insight-dao-999.999-kwesley-workflow-scenario-port-target-SNAPSHOT.jar
[INFO] 
[INFO] --- jacoco:0.8.12:report-aggregate (report-aggregate) @ insight-dao ---
[INFO] Analyzed bundle 'insight-api' with 50 classes
[INFO] Analyzed bundle 'insight-model' with 99 classes
[INFO] 
[INFO] --- install:3.1.2:install (default-install) @ insight-dao ---
[INFO] Installing /home/jenkins/agent/workspace/rd_insight-server_PR-57/insight-dao/target/.git-versioned-pom.xml to /home/jenkins/agent/workspace/rd_insight-server_PR-57/com/flatirons/insight/insight-dao/999.999-kwesley-workflow-scenario-port-target-SNAPSHOT/insight-dao-999.999-kwesley-workflow-scenario-port-target-SNAPSHOT.pom
[INFO] Installing /home/jenkins/agent/workspace/rd_insight-server_PR-57/insight-dao/target/insight-dao-999.999-kwesley-workflow-scenario-port-target-SNAPSHOT.jar to /home/jenkins/agent/workspace/rd_insight-server_PR-57/com/flatirons/insight/insight-dao/999.999-kwesley-workflow-scenario-port-target-SNAPSHOT/insight-dao-999.999-kwesley-workflow-scenario-port-target-SNAPSHOT.jar
[INFO] 
[INFO] ---------------< com.flatirons.insight:insight-service >----------------
[INFO] Building Insight - Service 999.999-kwesley-workflow-scenario-port-target-SNAPSHOT [6/8]
[INFO]   from insight-service/pom.xml
[INFO] --------------------------------[ jar ]---------------------------------
[INFO] 
[INFO] --- clean:3.2.0:clean (default-clean) @ insight-service ---
[INFO] 
[INFO] --- antrun:3.1.0:run (clear-customer-parity-results) @ insight-service ---
[INFO] Skipping Antrun execution
[INFO] 
[INFO] --- jacoco:0.8.12:prepare-agent (prepare-agent) @ insight-service ---
[INFO] argLine set to -javaagent:/home/jenkins/agent/workspace/rd_insight-server_PR-57/org/jacoco/org.jacoco.agent/0.8.12/org.jacoco.agent-0.8.12-runtime.jar=destfile=/home/jenkins/agent/workspace/rd_insight-server_PR-57/insight-service/target/jacoco.exec
[INFO] 
[INFO] --- git-versioning-extension:5.2.0:git-versioning (git-versioning) @ insight-service ---
[INFO] Generating git versioned POM
[INFO] 
[INFO] --- build-helper:3.2.0:add-source (add-generated) @ insight-service ---
[INFO] Source directory: /home/jenkins/agent/workspace/rd_insight-server_PR-57/insight-service/target/generated-sources/annotations added.
[INFO] 
[INFO] --- resources:3.3.0:resources (default-resources) @ insight-service ---
[INFO] Copying 3 resources
[INFO] 
[INFO] --- compiler:3.11.0:compile (default-compile) @ insight-service ---
[WARNING]  Parameter 'optimize' (user property 'maven.compiler.optimize') is deprecated: This property is a no-op in javac.
[INFO] Changes detected - recompiling the module! :dependency
[INFO] Compiling 110 source files with javac [debug optimize deprecation release 21] to target/classes
[WARNING] /home/jenkins/agent/workspace/rd_insight-server_PR-57/insight-service/src/main/java/com/flatirons/insight/service/mapper/RelatedContentMapper.java:[29,10] Unmapped target properties: "storeId, updatedBy, status, createdDate, updatedDate".
[WARNING] /home/jenkins/agent/workspace/rd_insight-server_PR-57/insight-service/src/main/java/com/flatirons/insight/service/mapper/RelatedContentMapper.java:[35,10] Unmapped target properties: "createdDate, updatedDate, id, created, createdBy, taskId, processId, contentSource, storeId, mimeType, fieldId, updated, updatedBy, contentSize, status".
[WARNING] /home/jenkins/agent/workspace/rd_insight-server_PR-57/insight-service/src/main/java/com/flatirons/insight/service/mapper/UserMapper.java:[22,16] Unmapped target property: "groups".
[WARNING] /home/jenkins/agent/workspace/rd_insight-server_PR-57/insight-service/src/main/java/com/flatirons/insight/service/mapper/UserMapper.java:[36,13] Unmapped target properties: "company, deactivationOrigin, externalOriginalSrc, lastSyncTimestamp, lastSyncTimestampEpoch".
[WARNING] /home/jenkins/agent/workspace/rd_insight-server_PR-57/insight-service/src/main/java/com/flatirons/insight/service/mapper/ReferenceDataLookupDefinitionMapper.java:[29,54] Unmapped target properties: "createdBy, updatedBy".
[WARNING] /home/jenkins/agent/workspace/rd_insight-server_PR-57/insight-service/src/main/java/com/flatirons/insight/service/mapper/GroupMapper.java:[19,17] Unmapped target properties: "parentGroupId, parent, children, relatedGroups, status, externalId, lastSyncDate, lastSyncTimeStampEpoch".
[WARNING] /home/jenkins/agent/workspace/rd_insight-server_PR-57/insight-service/src/main/java/com/flatirons/insight/service/mapper/UserPreferencesMapper.java:[25,27] Unmapped target properties: "createdDate, updatedDate".
[WARNING] /home/jenkins/agent/workspace/rd_insight-server_PR-57/insight-service/src/main/java/com/flatirons/insight/service/mapper/UserPreferencesMapper.java:[29,17] Unmapped target property: "id".
[WARNING] /home/jenkins/agent/workspace/rd_insight-server_PR-57/insight-service/src/main/java/com/flatirons/insight/service/mapper/ProcessDefinitionModelMapper.java:[49,34] Unmapped target property: "tenantId".
[WARNING] /home/jenkins/agent/workspace/rd_insight-server_PR-57/insight-service/src/main/java/com/flatirons/insight/service/mapper/ProcessDefinitionModelMapper.java:[64,10] Unmapped target property: "tenantId".
[WARNING] /home/jenkins/agent/workspace/rd_insight-server_PR-57/insight-service/src/main/java/com/flatirons/insight/service/mapper/TaskMapper.java:[34,18] Unmapped target properties: "endDate, processInstanceName, processDefinitionName, processDefinitionDescription, processDefinitionKey, processDefinitionCategory, processDefinitionVersion, processDefinitionDeploymentId".
[WARNING] /home/jenkins/agent/workspace/rd_insight-server_PR-57/insight-service/src/main/java/com/flatirons/insight/service/variable/rest/DateRestVariableConverter.java:[17,15] com.fasterxml.jackson.databind.util.ISO8601DateFormat in com.fasterxml.jackson.databind.util has been deprecated
[WARNING] /home/jenkins/agent/workspace/rd_insight-server_PR-57/insight-service/src/main/java/com/flatirons/insight/service/variable/rest/DateRestVariableConverter.java:[17,15] com.fasterxml.jackson.databind.util.ISO8601DateFormat in com.fasterxml.jackson.databind.util has been deprecated
[WARNING] /home/jenkins/agent/workspace/rd_insight-server_PR-57/insight-service/src/main/java/com/flatirons/insight/service/variable/rest/DateRestVariableConverter.java:[17,15] com.fasterxml.jackson.databind.util.ISO8601DateFormat in com.fasterxml.jackson.databind.util has been deprecated
[WARNING] /home/jenkins/agent/workspace/rd_insight-server_PR-57/insight-service/src/main/java/com/flatirons/insight/service/variable/rest/DateRestVariableConverter.java:[17,15] com.fasterxml.jackson.databind.util.ISO8601DateFormat in com.fasterxml.jackson.databind.util has been deprecated
[WARNING] /home/jenkins/agent/workspace/rd_insight-server_PR-57/insight-service/src/main/java/com/flatirons/insight/service/variable/rest/DateRestVariableConverter.java:[17,52] com.fasterxml.jackson.databind.util.ISO8601DateFormat in com.fasterxml.jackson.databind.util has been deprecated
[INFO] 
[INFO] --- resources:3.3.0:copy-resources (copy-test-resources) @ insight-service ---
[INFO] skip non existing resourceDirectory /home/jenkins/agent/workspace/rd_insight-server_PR-57/insight-service/../etc-package/src/test/resources
[INFO] 
[INFO] --- resources:3.3.0:testResources (default-testResources) @ insight-service ---
[INFO] Copying 22 resources
[INFO] 
[INFO] --- compiler:3.11.0:testCompile (default-testCompile) @ insight-service ---
[WARNING]  Parameter 'optimize' (user property 'maven.compiler.optimize') is deprecated: This property is a no-op in javac.
[INFO] Changes detected - recompiling the module! :dependency
[INFO] Compiling 56 source files with javac [debug optimize deprecation release 21] to target/test-classes
[WARNING] The following options were not recognized by any processor: '[mapstruct.defaultComponentModel]'
[WARNING] /home/jenkins/agent/workspace/rd_insight-server_PR-57/insight-service/src/test/java/com/flatirons/insight/service/editor/AppArchiveServiceTest.java:[93,27] TransactionInterceptor(org.springframework.transaction.PlatformTransactionManager,org.springframework.transaction.interceptor.TransactionAttributeSource) in org.springframework.transaction.interceptor.TransactionInterceptor has been deprecated
[INFO] /home/jenkins/agent/workspace/rd_insight-server_PR-57/insight-service/src/test/java/com/flatirons/insight/service/runtime/GroupServiceImplTest.java: Some input files use unchecked or unsafe operations.
[INFO] /home/jenkins/agent/workspace/rd_insight-server_PR-57/insight-service/src/test/java/com/flatirons/insight/service/runtime/GroupServiceImplTest.java: Recompile with -Xlint:unchecked for details.
[INFO] 
[INFO] --- surefire:3.1.2:test (default-test) @ insight-service ---
[INFO] Tests are skipped.
[INFO] 
[INFO] --- jar:3.3.0:jar (default-jar) @ insight-service ---
[INFO] Building jar: /home/jenkins/agent/workspace/rd_insight-server_PR-57/insight-service/target/insight-service-999.999-kwesley-workflow-scenario-port-target-SNAPSHOT.jar
[INFO] 
[INFO] --- antrun:3.1.0:run (customer-parity-gate) @ insight-service ---
[INFO] Skipping Antrun execution
[INFO] 
[INFO] --- jacoco:0.8.12:report-aggregate (report-aggregate) @ insight-service ---
[INFO] Analyzed bundle 'insight-api' with 50 classes
[INFO] Analyzed bundle 'insight-config' with 27 classes
[INFO] Analyzed bundle 'insight-dao' with 74 classes
[INFO] Analyzed bundle 'insight-model' with 99 classes
[INFO] 
[INFO] --- install:3.1.2:install (default-install) @ insight-service ---
[INFO] Installing /home/jenkins/agent/workspace/rd_insight-server_PR-57/insight-service/target/.git-versioned-pom.xml to /home/jenkins/agent/workspace/rd_insight-server_PR-57/com/flatirons/insight/insight-service/999.999-kwesley-workflow-scenario-port-target-SNAPSHOT/insight-service-999.999-kwesley-workflow-scenario-port-target-SNAPSHOT.pom
[INFO] Installing /home/jenkins/agent/workspace/rd_insight-server_PR-57/insight-service/target/insight-service-999.999-kwesley-workflow-scenario-port-target-SNAPSHOT.jar to /home/jenkins/agent/workspace/rd_insight-server_PR-57/com/flatirons/insight/insight-service/999.999-kwesley-workflow-scenario-port-target-SNAPSHOT/insight-service-999.999-kwesley-workflow-scenario-port-target-SNAPSHOT.jar
[INFO] 
[INFO] -----------------< com.flatirons.insight:insight-rest >-----------------
[INFO] Building Insight - REST 999.999-kwesley-workflow-scenario-port-target-SNAPSHOT [7/8]
[INFO]   from insight-rest/pom.xml
[INFO] --------------------------------[ jar ]---------------------------------
[INFO] 
[INFO] --- clean:3.2.0:clean (default-clean) @ insight-rest ---
[INFO] 
[INFO] --- jacoco:0.8.12:prepare-agent (prepare-agent) @ insight-rest ---
[INFO] argLine set to -javaagent:/home/jenkins/agent/workspace/rd_insight-server_PR-57/org/jacoco/org.jacoco.agent/0.8.12/org.jacoco.agent-0.8.12-runtime.jar=destfile=/home/jenkins/agent/workspace/rd_insight-server_PR-57/insight-rest/target/jacoco.exec
[INFO] 
[INFO] --- git-versioning-extension:5.2.0:git-versioning (git-versioning) @ insight-rest ---
[INFO] Generating git versioned POM
[INFO] 
[INFO] --- resources:3.3.0:resources (default-resources) @ insight-rest ---
[INFO] skip non existing resourceDirectory /home/jenkins/agent/workspace/rd_insight-server_PR-57/insight-rest/src/main/resources
[INFO] 
[INFO] --- compiler:3.11.0:compile (default-compile) @ insight-rest ---
[WARNING]  Parameter 'optimize' (user property 'maven.compiler.optimize') is deprecated: This property is a no-op in javac.
[INFO] Changes detected - recompiling the module! :dependency
[INFO] Compiling 23 source files with javac [debug optimize deprecation release 21] to target/classes
[INFO] /home/jenkins/agent/workspace/rd_insight-server_PR-57/insight-rest/src/main/java/com/flatirons/insight/rest/internal/form/ReferenceDataController.java: /home/jenkins/agent/workspace/rd_insight-server_PR-57/insight-rest/src/main/java/com/flatirons/insight/rest/internal/form/ReferenceDataController.java uses unchecked or unsafe operations.
[INFO] /home/jenkins/agent/workspace/rd_insight-server_PR-57/insight-rest/src/main/java/com/flatirons/insight/rest/internal/form/ReferenceDataController.java: Recompile with -Xlint:unchecked for details.
[INFO] 
[INFO] --- resources:3.3.0:copy-resources (copy-test-resources) @ insight-rest ---
[INFO] skip non existing resourceDirectory /home/jenkins/agent/workspace/rd_insight-server_PR-57/insight-rest/../etc-package/src/test/resources
[INFO] 
[INFO] --- resources:3.3.0:testResources (default-testResources) @ insight-rest ---
[INFO] skip non existing resourceDirectory /home/jenkins/agent/workspace/rd_insight-server_PR-57/insight-rest/src/test/resources
[INFO] 
[INFO] --- compiler:3.11.0:testCompile (default-testCompile) @ insight-rest ---
[WARNING]  Parameter 'optimize' (user property 'maven.compiler.optimize') is deprecated: This property is a no-op in javac.
[INFO] Changes detected - recompiling the module! :dependency
[INFO] Compiling 19 source files with javac [debug optimize deprecation release 21] to target/test-classes
[INFO] /home/jenkins/agent/workspace/rd_insight-server_PR-57/insight-rest/src/test/java/com/flatirons/insight/rest/internal/identity/GroupControllerTest.java: Some input files use unchecked or unsafe operations.
[INFO] /home/jenkins/agent/workspace/rd_insight-server_PR-57/insight-rest/src/test/java/com/flatirons/insight/rest/internal/identity/GroupControllerTest.java: Recompile with -Xlint:unchecked for details.
[INFO] 
[INFO] --- surefire:3.1.2:test (default-test) @ insight-rest ---
[INFO] Tests are skipped.
[INFO] 
[INFO] --- jar:3.3.0:jar (default-jar) @ insight-rest ---
[INFO] Building jar: /home/jenkins/agent/workspace/rd_insight-server_PR-57/insight-rest/target/insight-rest-999.999-kwesley-workflow-scenario-port-target-SNAPSHOT.jar
[INFO] 
[INFO] --- jacoco:0.8.12:report-aggregate (report-aggregate) @ insight-rest ---
[INFO] Analyzed bundle 'insight-api' with 50 classes
[INFO] Analyzed bundle 'insight-service' with 121 classes
[INFO] Analyzed bundle 'insight-model' with 99 classes
[INFO] 
[INFO] --- install:3.1.2:install (default-install) @ insight-rest ---
[INFO] Installing /home/jenkins/agent/workspace/rd_insight-server_PR-57/insight-rest/target/.git-versioned-pom.xml to /home/jenkins/agent/workspace/rd_insight-server_PR-57/com/flatirons/insight/insight-rest/999.999-kwesley-workflow-scenario-port-target-SNAPSHOT/insight-rest-999.999-kwesley-workflow-scenario-port-target-SNAPSHOT.pom
[INFO] Installing /home/jenkins/agent/workspace/rd_insight-server_PR-57/insight-rest/target/insight-rest-999.999-kwesley-workflow-scenario-port-target-SNAPSHOT.jar to /home/jenkins/agent/workspace/rd_insight-server_PR-57/com/flatirons/insight/insight-rest/999.999-kwesley-workflow-scenario-port-target-SNAPSHOT/insight-rest-999.999-kwesley-workflow-scenario-port-target-SNAPSHOT.jar
[INFO] 
[INFO] ---------------< com.flatirons.insight:insight-package >----------------
[INFO] Building Insight - Spring Application 999.999-kwesley-workflow-scenario-port-target-SNAPSHOT [8/8]
[INFO]   from insight-package/pom.xml
[INFO] --------------------------------[ war ]---------------------------------
[INFO] 
[INFO] --- clean:3.2.0:clean (default-clean) @ insight-package ---
[INFO] 
[INFO] --- jacoco:0.8.12:prepare-agent (prepare-agent) @ insight-package ---
[INFO] argLine set to -javaagent:/home/jenkins/agent/workspace/rd_insight-server_PR-57/org/jacoco/org.jacoco.agent/0.8.12/org.jacoco.agent-0.8.12-runtime.jar=destfile=/home/jenkins/agent/workspace/rd_insight-server_PR-57/insight-package/target/jacoco.exec
[INFO] 
[INFO] --- git-versioning-extension:5.2.0:git-versioning (git-versioning) @ insight-package ---
[INFO] Generating git versioned POM
[INFO] 
[INFO] --- resources:3.3.0:resources (default-resources) @ insight-package ---
[INFO] Copying 6 resources
[INFO] 
[INFO] --- compiler:3.11.0:compile (default-compile) @ insight-package ---
[WARNING]  Parameter 'optimize' (user property 'maven.compiler.optimize') is deprecated: This property is a no-op in javac.
[INFO] Changes detected - recompiling the module! :dependency
[INFO] Compiling 2 source files with javac [debug optimize deprecation release 21] to target/classes
[INFO] 
[INFO] --- resources:3.3.0:testResources (default-testResources) @ insight-package ---
[INFO] skip non existing resourceDirectory /home/jenkins/agent/workspace/rd_insight-server_PR-57/insight-package/src/test/resources
[INFO] 
[INFO] --- compiler:3.11.0:testCompile (default-testCompile) @ insight-package ---
[WARNING]  Parameter 'optimize' (user property 'maven.compiler.optimize') is deprecated: This property is a no-op in javac.
[INFO] Changes detected - recompiling the module! :dependency
[INFO] Compiling 1 source file with javac [debug optimize deprecation release 21] to target/test-classes
[INFO] 
[INFO] --- surefire:3.1.2:test (default-test) @ insight-package ---
[INFO] Tests are skipped.
[INFO] 
[INFO] --- war:3.4.0:war (default-war) @ insight-package ---
[WARNING]  Parameter 'warName' is read-only, must not be used in configuration
[INFO] Packaging webapp
[INFO] Assembling webapp [insight-package] in [/home/jenkins/agent/workspace/rd_insight-server_PR-57/insight-package/target/insight-package-999.999-kwesley-workflow-scenario-port-target-SNAPSHOT]
[INFO] Processing war project
[INFO] Building war: /home/jenkins/agent/workspace/rd_insight-server_PR-57/insight-package/target/insight-server.war
[INFO] 
[INFO] --- jacoco:0.8.12:report-aggregate (report-aggregate) @ insight-package ---
[INFO] Analyzed bundle 'insight-config' with 27 classes
[INFO] Analyzed bundle 'insight-dao' with 74 classes
[INFO] Analyzed bundle 'insight-model' with 99 classes
[INFO] Analyzed bundle 'insight-rest' with 23 classes
[INFO] Analyzed bundle 'insight-service' with 121 classes
[INFO] Analyzed bundle 'insight-api' with 50 classes
[INFO] 
[INFO] --- install:3.1.2:install (default-install) @ insight-package ---
[INFO] Installing /home/jenkins/agent/workspace/rd_insight-server_PR-57/insight-package/target/.git-versioned-pom.xml to /home/jenkins/agent/workspace/rd_insight-server_PR-57/com/flatirons/insight/insight-package/999.999-kwesley-workflow-scenario-port-target-SNAPSHOT/insight-package-999.999-kwesley-workflow-scenario-port-target-SNAPSHOT.pom
[INFO] Installing /home/jenkins/agent/workspace/rd_insight-server_PR-57/insight-package/target/insight-server.war to /home/jenkins/agent/workspace/rd_insight-server_PR-57/com/flatirons/insight/insight-package/999.999-kwesley-workflow-scenario-port-target-SNAPSHOT/insight-package-999.999-kwesley-workflow-scenario-port-target-SNAPSHOT.war
[INFO] ------------------------------------------------------------------------
[INFO] Reactor Summary for Insight Server 999.999-kwesley-workflow-scenario-port-target-SNAPSHOT:
[INFO] 
[INFO] Insight Server ..................................... SUCCESS [  0.938 s]
[INFO] Insight - API ...................................... SUCCESS [ 11.045 s]
[INFO] Insight - Spring Configuration ..................... SUCCESS [  2.861 s]
[INFO] Insight - Model .................................... SUCCESS [  0.992 s]
[INFO] Insight - Entity and Repository .................... SUCCESS [  2.160 s]
[INFO] Insight - Service .................................. SUCCESS [  5.774 s]
[INFO] Insight - REST ..................................... SUCCESS [  1.247 s]
[INFO] Insight - Spring Application ....................... SUCCESS [  4.313 s]
[INFO] ------------------------------------------------------------------------
[INFO] BUILD SUCCESS
[INFO] ------------------------------------------------------------------------
[INFO] Total time:  30.348 s
[INFO] Finished at: 2026-10-07T19:39:36Z
[INFO] ------------------------------------------------------------------------
[INFO] [jenkins-event-spy] Generated /home/jenkins/agent/workspace/rd_insight-server_PR-57@tmp/withMaven5277d719/maven-spy-20261007-193906-41917580987649987658173.log
[Pipeline] }
[withMaven] JacocoPublisher is no longer implicitly used with `withMaven` step.
[withMaven] Jacoco plugin has been deprecated and should not be used anymore.
[withMaven] CoveragePublisher will be used instead.

[withMaven] junitPublisher - Archive test results for Maven artifact com.flatirons.insight:insight-api:jar:999.999-kwesley-workflow-scenario-port-target-SNAPSHOT generated by maven-surefire-plugin:test (default-test): insight-api/target/surefire-reports/*.xml
[withMaven] junitPublisher - Archive test results for Maven artifact com.flatirons.insight:insight-config:jar:999.999-kwesley-workflow-scenario-port-target-SNAPSHOT generated by maven-surefire-plugin:test (default-test): insight-config/target/surefire-reports/*.xml
[withMaven] junitPublisher - Archive test results for Maven artifact com.flatirons.insight:insight-model:jar:999.999-kwesley-workflow-scenario-port-target-SNAPSHOT generated by maven-surefire-plugin:test (default-test): insight-model/target/surefire-reports/*.xml
[withMaven] junitPublisher - Archive test results for Maven artifact com.flatirons.insight:insight-dao:jar:999.999-kwesley-workflow-scenario-port-target-SNAPSHOT generated by maven-surefire-plugin:test (default-test): insight-dao/target/surefire-reports/*.xml
[withMaven] junitPublisher - Archive test results for Maven artifact com.flatirons.insight:insight-service:jar:999.999-kwesley-workflow-scenario-port-target-SNAPSHOT generated by maven-surefire-plugin:test (default-test): insight-service/target/surefire-reports/*.xml
[withMaven] junitPublisher - Archive test results for Maven artifact com.flatirons.insight:insight-rest:jar:999.999-kwesley-workflow-scenario-port-target-SNAPSHOT generated by maven-surefire-plugin:test (default-test): insight-rest/target/surefire-reports/*.xml
[withMaven] junitPublisher - Archive test results for Maven artifact com.flatirons.insight:insight-package:war:999.999-kwesley-workflow-scenario-port-target-SNAPSHOT generated by maven-surefire-plugin:test (default-test): insight-package/target/surefire-reports/*.xml
[withMaven] junitPublisher - Jenkins JUnit Attachments Plugin not found, can't publish test attachments.
[withMaven] junitPublisher - Jenkins JUnit Flaky Test Handler Plugin not found, can't publish JUnit flaky tests reports.
Recording test results
None of the test reports contained any result
[Checks API] No suitable checks publisher found.
[withMaven] Publishers: Pipeline Graph Publisher: 425 ms, Junit Publisher: 179 ms, Dependencies Fingerprint Publisher: 478 ms
[Pipeline] // withMaven
[Pipeline] }
[Pipeline] // container
[Pipeline] }
[Pipeline] // stage
[Pipeline] stage
[Pipeline] { (Verify)
[Pipeline] container
[Pipeline] {
[Pipeline] withMaven
Executing sh script inside container builder of pod rd-insight-server-pr-57-1-8fbnk-jf502-701fj
No test report files were found. Configuration error?
Executing command: "/bin/sh" "-c" "which mvn" 
exit
/usr/local/bin/mvn
Executing sh script inside container builder of pod rd-insight-server-pr-57-1-8fbnk-jf502-701fj
Executing command: "/usr/local/bin/mvn" "--version" 
exit
Picked up JAVA_TOOL_OPTIONS: -Dmaven.ext.class.path="/home/jenkins/agent/workspace/rd_insight-server_PR-57@tmp/withMaven23775f14/pipeline-maven-spy.jar" -Dorg.jenkinsci.plugins.pipeline.maven.reportsFolder="/home/jenkins/agent/workspace/rd_insight-server_PR-57@tmp/withMaven23775f14" 
Apache Maven 3.9.9 (8e8579a9e76f7d015ee5ec7bfcdc97d260186937)
Maven home: /usr/local/apache-maven-3.9.9
Java version: 21.0.9, vendor: Eclipse Adoptium, runtime: /usr/lib/jvm/temurin-21-jdk-amd64
Default locale: en_US, platform encoding: UTF-8
OS name: "linux", version: "6.12.79-101.147.amzn2023.x86_64", arch: "amd64", family: "unix"
[Pipeline] {
[Pipeline] sh
+ mvn verify -fae
Picked up JAVA_TOOL_OPTIONS: -Dmaven.ext.class.path="/home/jenkins/agent/workspace/rd_insight-server_PR-57@tmp/withMaven23775f14/pipeline-maven-spy.jar" -Dorg.jenkinsci.plugins.pipeline.maven.reportsFolder="/home/jenkins/agent/workspace/rd_insight-server_PR-57@tmp/withMaven23775f14" 
[INFO] [jenkins-event-spy] Generate /home/jenkins/agent/workspace/rd_insight-server_PR-57@tmp/withMaven23775f14/maven-spy-20261007-193942-27613538866788893637852.log.tmp ...
[INFO] Scanning for projects...
[INFO] 
[INFO] ----------------- maven-git-versioning-extension:5.2.0 -----------------
[INFO] Adjusting project models...
[INFO] 
[INFO] --- com.flatirons.insight:insight-root @ branch kwesley/workflow-scenario-port-target ---
[INFO] project version: 999.999-kwesley-workflow-scenario-port-target-SNAPSHOT
[INFO] properties:
[INFO]   flatirons.versionRange: [0-${flatirons.parentBranch}-SNAPSHOT, 0-${flatirons.parentBranch}-Z-SNAPSHOT),[999.999-kwesley-workflow-scenario-port-target-SNAPSHOT,999.999-kwesley-workflow-scenario-port-target-Z-SNAPSHOT)
[INFO] 
[INFO] --- com.flatirons.insight:insight-config @ branch kwesley/workflow-scenario-port-target ---
[INFO] parent version: 999.999-kwesley-workflow-scenario-port-target-SNAPSHOT
[INFO] 
[INFO] --- com.flatirons.insight:insight-model @ branch kwesley/workflow-scenario-port-target ---
[INFO] parent version: 999.999-kwesley-workflow-scenario-port-target-SNAPSHOT
[INFO] 
[INFO] --- com.flatirons.insight:insight-dao @ branch kwesley/workflow-scenario-port-target ---
[INFO] parent version: 999.999-kwesley-workflow-scenario-port-target-SNAPSHOT
[INFO] 
[INFO] --- com.flatirons.insight:insight-rest @ branch kwesley/workflow-scenario-port-target ---
[INFO] parent version: 999.999-kwesley-workflow-scenario-port-target-SNAPSHOT
[INFO] 
[INFO] --- com.flatirons.insight:insight-service @ branch kwesley/workflow-scenario-port-target ---
[INFO] parent version: 999.999-kwesley-workflow-scenario-port-target-SNAPSHOT
[INFO] properties:
[INFO] 
[INFO] --- com.flatirons.insight:insight-api @ branch kwesley/workflow-scenario-port-target ---
[INFO] parent version: 999.999-kwesley-workflow-scenario-port-target-SNAPSHOT
[INFO] 
[INFO] --- com.flatirons.insight:insight-package @ branch kwesley/workflow-scenario-port-target ---
[INFO] parent version: 999.999-kwesley-workflow-scenario-port-target-SNAPSHOT
[INFO] 
[INFO] ------------------------------------------------------------------------
[INFO] Reactor Build Order:
[INFO] 
[INFO] Insight Server                                                     [pom]
[INFO] Insight - API                                                      [jar]
[INFO] Insight - Spring Configuration                                     [jar]
[INFO] Insight - Model                                                    [jar]
[INFO] Insight - Entity and Repository                                    [jar]
[INFO] Insight - Service                                                  [jar]
[INFO] Insight - REST                                                     [jar]
[INFO] Insight - Spring Application                                       [war]
[INFO] 
[INFO] -----------------< com.flatirons.insight:insight-root >-----------------
[INFO] Building Insight Server 999.999-kwesley-workflow-scenario-port-target-SNAPSHOT [1/8]
[INFO]   from pom.xml
[INFO] --------------------------------[ pom ]---------------------------------
[INFO] 
[INFO] --- git-versioning-extension:5.2.0:git-versioning (git-versioning) @ insight-root ---
[INFO] Generating git versioned POM
[INFO] 
[INFO] --- jacoco:0.8.12:report-aggregate (report-aggregate) @ insight-root ---
[INFO] 
[INFO] -----------------< com.flatirons.insight:insight-api >------------------
[INFO] Building Insight - API 999.999-kwesley-workflow-scenario-port-target-SNAPSHOT [2/8]
[INFO]   from insight-api/pom.xml
[INFO] --------------------------------[ jar ]---------------------------------
[INFO] 
[INFO] --- jacoco:0.8.12:prepare-agent (prepare-agent) @ insight-api ---
[INFO] argLine set to -javaagent:/home/jenkins/agent/workspace/rd_insight-server_PR-57/org/jacoco/org.jacoco.agent/0.8.12/org.jacoco.agent-0.8.12-runtime.jar=destfile=/home/jenkins/agent/workspace/rd_insight-server_PR-57/insight-api/target/jacoco.exec
[INFO] 
[INFO] --- git-versioning-extension:5.2.0:git-versioning (git-versioning) @ insight-api ---
[INFO] Generating git versioned POM
[INFO] 
[INFO] --- resources:3.3.0:resources (default-resources) @ insight-api ---
[INFO] skip non existing resourceDirectory /home/jenkins/agent/workspace/rd_insight-server_PR-57/insight-api/src/main/resources
[INFO] 
[INFO] --- compiler:3.11.0:compile (default-compile) @ insight-api ---
[WARNING]  Parameter 'optimize' (user property 'maven.compiler.optimize') is deprecated: This property is a no-op in javac.
[INFO] Nothing to compile - all classes are up to date
[INFO] 
[INFO] --- resources:3.3.0:testResources (default-testResources) @ insight-api ---
[INFO] skip non existing resourceDirectory /home/jenkins/agent/workspace/rd_insight-server_PR-57/insight-api/src/test/resources
[INFO] 
[INFO] --- compiler:3.11.0:testCompile (default-testCompile) @ insight-api ---
[WARNING]  Parameter 'optimize' (user property 'maven.compiler.optimize') is deprecated: This property is a no-op in javac.
[INFO] Nothing to compile - all classes are up to date
[INFO] 
[INFO] --- surefire:3.1.2:test (default-test) @ insight-api ---
[INFO] Using auto detected provider org.apache.maven.surefire.junitplatform.JUnitPlatformProvider
[INFO] 
[INFO] -------------------------------------------------------
[INFO]  T E S T S
[INFO] -------------------------------------------------------
Picked up JAVA_TOOL_OPTIONS: -Dmaven.ext.class.path="/home/jenkins/agent/workspace/rd_insight-server_PR-57@tmp/withMaven23775f14/pipeline-maven-spy.jar" -Dorg.jenkinsci.plugins.pipeline.maven.reportsFolder="/home/jenkins/agent/workspace/rd_insight-server_PR-57@tmp/withMaven23775f14" 
[INFO] Running com.flatirons.insight.util.AcmUtilsTest
OpenJDK 64-Bit Server VM warning: Sharing is only supported for boot loader classes because bootstrap classpath has been appended
[INFO] Tests run: 9, Failures: 0, Errors: 0, Skipped: 0, Time elapsed: 1.711 s -- in com.flatirons.insight.util.AcmUtilsTest
[INFO] Running com.flatirons.insight.util.ServerTalkTest
[INFO] Tests run: 9, Failures: 0, Errors: 0, Skipped: 0, Time elapsed: 0.836 s -- in com.flatirons.insight.util.ServerTalkTest
[INFO] Running com.flatirons.insight.util.ThreadLocalContextTest
[INFO] Tests run: 8, Failures: 0, Errors: 0, Skipped: 0, Time elapsed: 0.051 s -- in com.flatirons.insight.util.ThreadLocalContextTest
[INFO] Running com.flatirons.insight.util.UtilsTest
[INFO] Tests run: 22, Failures: 0, Errors: 0, Skipped: 0, Time elapsed: 0.190 s -- in com.flatirons.insight.util.UtilsTest
[INFO] 
[INFO] Results:
[INFO] 
[INFO] Tests run: 48, Failures: 0, Errors: 0, Skipped: 0
[INFO] 
[INFO] 
[INFO] --- jar:3.3.0:jar (default-jar) @ insight-api ---
[INFO] Building jar: /home/jenkins/agent/workspace/rd_insight-server_PR-57/insight-api/target/insight-api-999.999-kwesley-workflow-scenario-port-target-SNAPSHOT.jar
[INFO] 
[INFO] --- jacoco:0.8.12:report-aggregate (report-aggregate) @ insight-api ---
[INFO] Loading execution data file /home/jenkins/agent/workspace/rd_insight-server_PR-57/insight-api/target/jacoco.exec
[INFO] 
[INFO] ----------------< com.flatirons.insight:insight-config >----------------
[INFO] Building Insight - Spring Configuration 999.999-kwesley-workflow-scenario-port-target-SNAPSHOT [3/8]
[INFO]   from insight-config/pom.xml
[INFO] --------------------------------[ jar ]---------------------------------
[INFO] 
[INFO] --- jacoco:0.8.12:prepare-agent (prepare-agent) @ insight-config ---
[INFO] argLine set to -javaagent:/home/jenkins/agent/workspace/rd_insight-server_PR-57/org/jacoco/org.jacoco.agent/0.8.12/org.jacoco.agent-0.8.12-runtime.jar=destfile=/home/jenkins/agent/workspace/rd_insight-server_PR-57/insight-config/target/jacoco.exec
[INFO] 
[INFO] --- git-versioning-extension:5.2.0:git-versioning (git-versioning) @ insight-config ---
[INFO] Generating git versioned POM
[INFO] 
[INFO] --- resources:3.3.0:resources (default-resources) @ insight-config ---
[INFO] skip non existing resourceDirectory /home/jenkins/agent/workspace/rd_insight-server_PR-57/insight-config/src/main/resources
[INFO] 
[INFO] --- compiler:3.11.0:compile (default-compile) @ insight-config ---
[WARNING]  Parameter 'optimize' (user property 'maven.compiler.optimize') is deprecated: This property is a no-op in javac.
[INFO] Changes detected - recompiling the module! :dependency
[INFO] Compiling 24 source files with javac [debug optimize deprecation release 21] to target/classes
[INFO] 
[INFO] --- resources:3.3.0:testResources (default-testResources) @ insight-config ---
[INFO] skip non existing resourceDirectory /home/jenkins/agent/workspace/rd_insight-server_PR-57/insight-config/src/test/resources
[INFO] 
[INFO] --- compiler:3.11.0:testCompile (default-testCompile) @ insight-config ---
[WARNING]  Parameter 'optimize' (user property 'maven.compiler.optimize') is deprecated: This property is a no-op in javac.
[INFO] Changes detected - recompiling the module! :dependency
[INFO] Compiling 13 source files with javac [debug optimize deprecation release 21] to target/test-classes
[INFO] 
[INFO] --- surefire:3.1.2:test (default-test) @ insight-config ---
[INFO] Using auto detected provider org.apache.maven.surefire.junitplatform.JUnitPlatformProvider
[INFO] 
[INFO] -------------------------------------------------------
[INFO]  T E S T S
[INFO] -------------------------------------------------------
Picked up JAVA_TOOL_OPTIONS: -Dmaven.ext.class.path="/home/jenkins/agent/workspace/rd_insight-server_PR-57@tmp/withMaven23775f14/pipeline-maven-spy.jar" -Dorg.jenkinsci.plugins.pipeline.maven.reportsFolder="/home/jenkins/agent/workspace/rd_insight-server_PR-57@tmp/withMaven23775f14" 
[INFO] Running com.flatirons.insight.conf.DatabaseConfigurationTest
OpenJDK 64-Bit Server VM warning: Sharing is only supported for boot loader classes because bootstrap classpath has been appended
[INFO] Tests run: 3, Failures: 0, Errors: 0, Skipped: 0, Time elapsed: 2.001 s -- in com.flatirons.insight.conf.DatabaseConfigurationTest
[INFO] Running com.flatirons.insight.conf.DynamicRmqConfigListenerMockTest
[INFO] Tests run: 2, Failures: 0, Errors: 0, Skipped: 0, Time elapsed: 0.945 s -- in com.flatirons.insight.conf.DynamicRmqConfigListenerMockTest
[INFO] Running com.flatirons.insight.conf.DynamicRmqConfigMockTest
[INFO] Tests run: 5, Failures: 0, Errors: 0, Skipped: 0, Time elapsed: 1.258 s -- in com.flatirons.insight.conf.DynamicRmqConfigMockTest
[INFO] Running com.flatirons.insight.conf.LegacyInitiatorAssignmentParseHandlerTest
[INFO] Tests run: 2, Failures: 0, Errors: 0, Skipped: 0, Time elapsed: 0.393 s -- in com.flatirons.insight.conf.LegacyInitiatorAssignmentParseHandlerTest
[INFO] Running com.flatirons.insight.conf.security.JwtAuthenticationFilterTest
[INFO] Tests run: 6, Failures: 0, Errors: 0, Skipped: 0, Time elapsed: 0.605 s -- in com.flatirons.insight.conf.security.JwtAuthenticationFilterTest
[INFO] Running com.flatirons.insight.conf.security.SecurityConfigTest
[INFO] Tests run: 4, Failures: 0, Errors: 0, Skipped: 0, Time elapsed: 0.462 s -- in com.flatirons.insight.conf.security.SecurityConfigTest
[INFO] Running com.flatirons.insight.properties.AcmPropertiesTest
[INFO] Tests run: 3, Failures: 0, Errors: 0, Skipped: 0, Time elapsed: 0.424 s -- in com.flatirons.insight.properties.AcmPropertiesTest
[INFO] Running com.flatirons.insight.properties.ColumnConfigTest
[INFO] Tests run: 2, Failures: 0, Errors: 0, Skipped: 0, Time elapsed: 0.004 s -- in com.flatirons.insight.properties.ColumnConfigTest
[INFO] Running com.flatirons.insight.properties.CookiePropertiesTest
[INFO] Tests run: 1, Failures: 0, Errors: 0, Skipped: 0, Time elapsed: 0.006 s -- in com.flatirons.insight.properties.CookiePropertiesTest
[INFO] Running com.flatirons.insight.properties.ExportConfigTest
[INFO] Tests run: 3, Failures: 0, Errors: 0, Skipped: 0, Time elapsed: 0.006 s -- in com.flatirons.insight.properties.ExportConfigTest
[INFO] Running com.flatirons.insight.properties.RmqPropertiesMockTest
[INFO] Tests run: 5, Failures: 0, Errors: 0, Skipped: 0, Time elapsed: 0.006 s -- in com.flatirons.insight.properties.RmqPropertiesMockTest
[INFO] Running com.flatirons.insight.properties.SecurityPropertiesMockTest
[INFO] Tests run: 1, Failures: 0, Errors: 0, Skipped: 0, Time elapsed: 0.002 s -- in com.flatirons.insight.properties.SecurityPropertiesMockTest
[INFO] Running com.flatirons.insight.properties.TableConfigTest
[INFO] Tests run: 2, Failures: 0, Errors: 0, Skipped: 0, Time elapsed: 0.002 s -- in com.flatirons.insight.properties.TableConfigTest
[INFO] 
[INFO] Results:
[INFO] 
[INFO] Tests run: 39, Failures: 0, Errors: 0, Skipped: 0
[INFO] 
[INFO] 
[INFO] --- jar:3.3.0:jar (default-jar) @ insight-config ---
[INFO] Building jar: /home/jenkins/agent/workspace/rd_insight-server_PR-57/insight-config/target/insight-config-999.999-kwesley-workflow-scenario-port-target-SNAPSHOT.jar
[INFO] 
[INFO] --- jacoco:0.8.12:report-aggregate (report-aggregate) @ insight-config ---
[INFO] Loading execution data file /home/jenkins/agent/workspace/rd_insight-server_PR-57/insight-config/target/jacoco.exec
[INFO] Loading execution data file /home/jenkins/agent/workspace/rd_insight-server_PR-57/insight-api/target/jacoco.exec
[INFO] Analyzed bundle 'insight-api' with 50 classes
[INFO] 
[INFO] ----------------< com.flatirons.insight:insight-model >-----------------
[INFO] Building Insight - Model 999.999-kwesley-workflow-scenario-port-target-SNAPSHOT [4/8]
[INFO]   from insight-model/pom.xml
[INFO] --------------------------------[ jar ]---------------------------------
[INFO] 
[INFO] --- jacoco:0.8.12:prepare-agent (prepare-agent) @ insight-model ---
[INFO] argLine set to -javaagent:/home/jenkins/agent/workspace/rd_insight-server_PR-57/org/jacoco/org.jacoco.agent/0.8.12/org.jacoco.agent-0.8.12-runtime.jar=destfile=/home/jenkins/agent/workspace/rd_insight-server_PR-57/insight-model/target/jacoco.exec
[INFO] 
[INFO] --- git-versioning-extension:5.2.0:git-versioning (git-versioning) @ insight-model ---
[INFO] Generating git versioned POM
[INFO] 
[INFO] --- resources:3.3.0:resources (default-resources) @ insight-model ---
[INFO] skip non existing resourceDirectory /home/jenkins/agent/workspace/rd_insight-server_PR-57/insight-model/src/main/resources
[INFO] 
[INFO] --- compiler:3.11.0:compile (default-compile) @ insight-model ---
[WARNING]  Parameter 'optimize' (user property 'maven.compiler.optimize') is deprecated: This property is a no-op in javac.
[INFO] Changes detected - recompiling the module! :dependency
[INFO] Compiling 99 source files with javac [debug optimize deprecation release 21] to target/classes
[INFO] 
[INFO] --- resources:3.3.0:testResources (default-testResources) @ insight-model ---
[INFO] skip non existing resourceDirectory /home/jenkins/agent/workspace/rd_insight-server_PR-57/insight-model/src/test/resources
[INFO] 
[INFO] --- compiler:3.11.0:testCompile (default-testCompile) @ insight-model ---
[WARNING]  Parameter 'optimize' (user property 'maven.compiler.optimize') is deprecated: This property is a no-op in javac.
[INFO] Changes detected - recompiling the module! :dependency
[INFO] Compiling 2 source files with javac [debug optimize deprecation release 21] to target/test-classes
[INFO] 
[INFO] --- surefire:3.1.2:test (default-test) @ insight-model ---
[INFO] Using auto detected provider org.apache.maven.surefire.junitplatform.JUnitPlatformProvider
[INFO] 
[INFO] -------------------------------------------------------
[INFO]  T E S T S
[INFO] -------------------------------------------------------
Picked up JAVA_TOOL_OPTIONS: -Dmaven.ext.class.path="/home/jenkins/agent/workspace/rd_insight-server_PR-57@tmp/withMaven23775f14/pipeline-maven-spy.jar" -Dorg.jenkinsci.plugins.pipeline.maven.reportsFolder="/home/jenkins/agent/workspace/rd_insight-server_PR-57@tmp/withMaven23775f14" 
[INFO] Running com.flatirons.insight.model.GroupPrivilegeDtoTest
[INFO] Tests run: 18, Failures: 0, Errors: 0, Skipped: 0, Time elapsed: 0.081 s -- in com.flatirons.insight.model.GroupPrivilegeDtoTest
[INFO] Running com.flatirons.insight.model.component.SimpleContentTypeMapperTest
OpenJDK 64-Bit Server VM warning: Sharing is only supported for boot loader classes because bootstrap classpath has been appended
[INFO] Tests run: 13, Failures: 0, Errors: 0, Skipped: 0, Time elapsed: 1.550 s -- in com.flatirons.insight.model.component.SimpleContentTypeMapperTest
[INFO] 
[INFO] Results:
[INFO] 
[INFO] Tests run: 31, Failures: 0, Errors: 0, Skipped: 0
[INFO] 
[INFO] 
[INFO] --- jar:3.3.0:jar (default-jar) @ insight-model ---
[INFO] Building jar: /home/jenkins/agent/workspace/rd_insight-server_PR-57/insight-model/target/insight-model-999.999-kwesley-workflow-scenario-port-target-SNAPSHOT.jar
[INFO] 
[INFO] --- jacoco:0.8.12:report-aggregate (report-aggregate) @ insight-model ---
[INFO] Loading execution data file /home/jenkins/agent/workspace/rd_insight-server_PR-57/insight-model/target/jacoco.exec
[INFO] Loading execution data file /home/jenkins/agent/workspace/rd_insight-server_PR-57/insight-api/target/jacoco.exec
[INFO] Analyzed bundle 'insight-api' with 50 classes
[INFO] 
[INFO] -----------------< com.flatirons.insight:insight-dao >------------------
[INFO] Building Insight - Entity and Repository 999.999-kwesley-workflow-scenario-port-target-SNAPSHOT [5/8]
[INFO]   from insight-dao/pom.xml
[INFO] --------------------------------[ jar ]---------------------------------
[INFO] 
[INFO] --- jacoco:0.8.12:prepare-agent (prepare-agent) @ insight-dao ---
[INFO] argLine set to -javaagent:/home/jenkins/agent/workspace/rd_insight-server_PR-57/org/jacoco/org.jacoco.agent/0.8.12/org.jacoco.agent-0.8.12-runtime.jar=destfile=/home/jenkins/agent/workspace/rd_insight-server_PR-57/insight-dao/target/jacoco.exec
[INFO] 
[INFO] --- git-versioning-extension:5.2.0:git-versioning (git-versioning) @ insight-dao ---
[INFO] Generating git versioned POM
[INFO] 
[INFO] --- resources:3.3.0:resources (default-resources) @ insight-dao ---
[INFO] Copying 22 resources
[INFO] 
[INFO] --- compiler:3.11.0:compile (default-compile) @ insight-dao ---
[WARNING]  Parameter 'optimize' (user property 'maven.compiler.optimize') is deprecated: This property is a no-op in javac.
[INFO] Changes detected - recompiling the module! :dependency
[INFO] Compiling 67 source files with javac [debug optimize deprecation release 21] to target/classes
[INFO] Hibernate compile-time tooling 6.6.40.Final
[WARNING] Implicitly compiled files were not subject to annotation processing.
  Use -implicit to specify a policy for implicit compilation.
[INFO] /home/jenkins/agent/workspace/rd_insight-server_PR-57/insight-dao/src/main/java/com/flatirons/insight/repository/ReferenceDataLookupRepositoryImpl.java: /home/jenkins/agent/workspace/rd_insight-server_PR-57/insight-dao/src/main/java/com/flatirons/insight/repository/ReferenceDataLookupRepositoryImpl.java uses unchecked or unsafe operations.
[INFO] /home/jenkins/agent/workspace/rd_insight-server_PR-57/insight-dao/src/main/java/com/flatirons/insight/repository/ReferenceDataLookupRepositoryImpl.java: Recompile with -Xlint:unchecked for details.
[INFO] 
[INFO] --- resources:3.3.0:testResources (default-testResources) @ insight-dao ---
[INFO] skip non existing resourceDirectory /home/jenkins/agent/workspace/rd_insight-server_PR-57/insight-dao/src/test/resources
[INFO] 
[INFO] --- compiler:3.11.0:testCompile (default-testCompile) @ insight-dao ---
[WARNING]  Parameter 'optimize' (user property 'maven.compiler.optimize') is deprecated: This property is a no-op in javac.
[INFO] Changes detected - recompiling the module! :dependency
[INFO] Compiling 2 source files with javac [debug optimize deprecation release 21] to target/test-classes
[INFO] Hibernate compile-time tooling 6.6.40.Final
[INFO] 
[INFO] --- surefire:3.1.2:test (default-test) @ insight-dao ---
[INFO] Using auto detected provider org.apache.maven.surefire.junitplatform.JUnitPlatformProvider
[INFO] 
[INFO] -------------------------------------------------------
[INFO]  T E S T S
[INFO] -------------------------------------------------------
Picked up JAVA_TOOL_OPTIONS: -Dmaven.ext.class.path="/home/jenkins/agent/workspace/rd_insight-server_PR-57@tmp/withMaven23775f14/pipeline-maven-spy.jar" -Dorg.jenkinsci.plugins.pipeline.maven.reportsFolder="/home/jenkins/agent/workspace/rd_insight-server_PR-57@tmp/withMaven23775f14" 
[INFO] Running com.flatirons.insight.TaskInfoQueryWrapperTest
OpenJDK 64-Bit Server VM warning: Sharing is only supported for boot loader classes because bootstrap classpath has been appended
[INFO] Tests run: 9, Failures: 0, Errors: 0, Skipped: 0, Time elapsed: 2.303 s -- in com.flatirons.insight.TaskInfoQueryWrapperTest
[INFO] Running com.flatirons.insight.repository.ProcessSearchRepositoryTest
[INFO] Tests run: 6, Failures: 0, Errors: 0, Skipped: 0, Time elapsed: 0.337 s -- in com.flatirons.insight.repository.ProcessSearchRepositoryTest
[INFO] 
[INFO] Results:
[INFO] 
[INFO] Tests run: 15, Failures: 0, Errors: 0, Skipped: 0
[INFO] 
[INFO] 
[INFO] --- jar:3.3.0:jar (default-jar) @ insight-dao ---
[INFO] Building jar: /home/jenkins/agent/workspace/rd_insight-server_PR-57/insight-dao/target/insight-dao-999.999-kwesley-workflow-scenario-port-target-SNAPSHOT.jar
[INFO] 
[INFO] --- jacoco:0.8.12:report-aggregate (report-aggregate) @ insight-dao ---
[INFO] Loading execution data file /home/jenkins/agent/workspace/rd_insight-server_PR-57/insight-dao/target/jacoco.exec
[INFO] Loading execution data file /home/jenkins/agent/workspace/rd_insight-server_PR-57/insight-api/target/jacoco.exec
[INFO] Loading execution data file /home/jenkins/agent/workspace/rd_insight-server_PR-57/insight-model/target/jacoco.exec
[INFO] Analyzed bundle 'insight-api' with 50 classes
[INFO] Analyzed bundle 'insight-model' with 99 classes
[INFO] 
[INFO] ---------------< com.flatirons.insight:insight-service >----------------
[INFO] Building Insight - Service 999.999-kwesley-workflow-scenario-port-target-SNAPSHOT [6/8]
[INFO]   from insight-service/pom.xml
[INFO] --------------------------------[ jar ]---------------------------------
[INFO] 
[INFO] --- antrun:3.1.0:run (clear-customer-parity-results) @ insight-service ---
[INFO] Executing tasks
[INFO] Executed tasks
[INFO] 
[INFO] --- jacoco:0.8.12:prepare-agent (prepare-agent) @ insight-service ---
[INFO] argLine set to -javaagent:/home/jenkins/agent/workspace/rd_insight-server_PR-57/org/jacoco/org.jacoco.agent/0.8.12/org.jacoco.agent-0.8.12-runtime.jar=destfile=/home/jenkins/agent/workspace/rd_insight-server_PR-57/insight-service/target/jacoco.exec
[INFO] 
[INFO] --- git-versioning-extension:5.2.0:git-versioning (git-versioning) @ insight-service ---
[INFO] Generating git versioned POM
[INFO] 
[INFO] --- build-helper:3.2.0:add-source (add-generated) @ insight-service ---
[INFO] Source directory: /home/jenkins/agent/workspace/rd_insight-server_PR-57/insight-service/target/generated-sources/annotations added.
[INFO] 
[INFO] --- resources:3.3.0:resources (default-resources) @ insight-service ---
[INFO] Copying 3 resources
[INFO] 
[INFO] --- compiler:3.11.0:compile (default-compile) @ insight-service ---
[WARNING]  Parameter 'optimize' (user property 'maven.compiler.optimize') is deprecated: This property is a no-op in javac.
[INFO] Changes detected - recompiling the module! :dependency
[INFO] Compiling 110 source files with javac [debug optimize deprecation release 21] to target/classes
[WARNING] /home/jenkins/agent/workspace/rd_insight-server_PR-57/insight-service/src/main/java/com/flatirons/insight/service/mapper/UserMapper.java:[22,16] Unmapped target property: "groups".
[WARNING] /home/jenkins/agent/workspace/rd_insight-server_PR-57/insight-service/src/main/java/com/flatirons/insight/service/mapper/UserMapper.java:[36,13] Unmapped target properties: "company, deactivationOrigin, externalOriginalSrc, lastSyncTimestamp, lastSyncTimestampEpoch".
[WARNING] /home/jenkins/agent/workspace/rd_insight-server_PR-57/insight-service/src/main/java/com/flatirons/insight/service/mapper/GroupMapper.java:[19,17] Unmapped target properties: "parentGroupId, parent, children, relatedGroups, status, externalId, lastSyncDate, lastSyncTimeStampEpoch".
[WARNING] /home/jenkins/agent/workspace/rd_insight-server_PR-57/insight-service/src/main/java/com/flatirons/insight/service/mapper/UserPreferencesMapper.java:[25,27] Unmapped target properties: "createdDate, updatedDate".
[WARNING] /home/jenkins/agent/workspace/rd_insight-server_PR-57/insight-service/src/main/java/com/flatirons/insight/service/mapper/UserPreferencesMapper.java:[29,17] Unmapped target property: "id".
[WARNING] /home/jenkins/agent/workspace/rd_insight-server_PR-57/insight-service/src/main/java/com/flatirons/insight/service/mapper/ProcessDefinitionModelMapper.java:[49,34] Unmapped target property: "tenantId".
[WARNING] /home/jenkins/agent/workspace/rd_insight-server_PR-57/insight-service/src/main/java/com/flatirons/insight/service/mapper/ProcessDefinitionModelMapper.java:[64,10] Unmapped target property: "tenantId".
[WARNING] /home/jenkins/agent/workspace/rd_insight-server_PR-57/insight-service/src/main/java/com/flatirons/insight/service/mapper/ReferenceDataLookupDefinitionMapper.java:[29,54] Unmapped target properties: "createdBy, updatedBy".
[WARNING] /home/jenkins/agent/workspace/rd_insight-server_PR-57/insight-service/src/main/java/com/flatirons/insight/service/mapper/RelatedContentMapper.java:[29,10] Unmapped target properties: "storeId, updatedBy, status, createdDate, updatedDate".
[WARNING] /home/jenkins/agent/workspace/rd_insight-server_PR-57/insight-service/src/main/java/com/flatirons/insight/service/mapper/RelatedContentMapper.java:[35,10] Unmapped target properties: "createdDate, updatedDate, id, created, createdBy, taskId, processId, contentSource, storeId, mimeType, fieldId, updated, updatedBy, contentSize, status".
[WARNING] /home/jenkins/agent/workspace/rd_insight-server_PR-57/insight-service/src/main/java/com/flatirons/insight/service/mapper/TaskMapper.java:[34,18] Unmapped target properties: "endDate, processInstanceName, processDefinitionName, processDefinitionDescription, processDefinitionKey, processDefinitionCategory, processDefinitionVersion, processDefinitionDeploymentId".
[WARNING] /home/jenkins/agent/workspace/rd_insight-server_PR-57/insight-service/src/main/java/com/flatirons/insight/service/variable/rest/DateRestVariableConverter.java:[17,15] com.fasterxml.jackson.databind.util.ISO8601DateFormat in com.fasterxml.jackson.databind.util has been deprecated
[WARNING] /home/jenkins/agent/workspace/rd_insight-server_PR-57/insight-service/src/main/java/com/flatirons/insight/service/variable/rest/DateRestVariableConverter.java:[17,15] com.fasterxml.jackson.databind.util.ISO8601DateFormat in com.fasterxml.jackson.databind.util has been deprecated
[WARNING] /home/jenkins/agent/workspace/rd_insight-server_PR-57/insight-service/src/main/java/com/flatirons/insight/service/variable/rest/DateRestVariableConverter.java:[17,15] com.fasterxml.jackson.databind.util.ISO8601DateFormat in com.fasterxml.jackson.databind.util has been deprecated
[WARNING] /home/jenkins/agent/workspace/rd_insight-server_PR-57/insight-service/src/main/java/com/flatirons/insight/service/variable/rest/DateRestVariableConverter.java:[17,15] com.fasterxml.jackson.databind.util.ISO8601DateFormat in com.fasterxml.jackson.databind.util has been deprecated
[WARNING] /home/jenkins/agent/workspace/rd_insight-server_PR-57/insight-service/src/main/java/com/flatirons/insight/service/variable/rest/DateRestVariableConverter.java:[17,52] com.fasterxml.jackson.databind.util.ISO8601DateFormat in com.fasterxml.jackson.databind.util has been deprecated
[WARNING] Implicitly compiled files were not subject to annotation processing.
  Use -implicit to specify a policy for implicit compilation.
[INFO] 
[INFO] --- resources:3.3.0:copy-resources (copy-test-resources) @ insight-service ---
[INFO] skip non existing resourceDirectory /home/jenkins/agent/workspace/rd_insight-server_PR-57/insight-service/../etc-package/src/test/resources
[INFO] 
[INFO] --- resources:3.3.0:testResources (default-testResources) @ insight-service ---
[INFO] Copying 22 resources
[INFO] 
[INFO] --- compiler:3.11.0:testCompile (default-testCompile) @ insight-service ---
[WARNING]  Parameter 'optimize' (user property 'maven.compiler.optimize') is deprecated: This property is a no-op in javac.
[INFO] Changes detected - recompiling the module! :dependency
[INFO] Compiling 56 source files with javac [debug optimize deprecation release 21] to target/test-classes
[WARNING] The following options were not recognized by any processor: '[mapstruct.defaultComponentModel]'
[WARNING] /home/jenkins/agent/workspace/rd_insight-server_PR-57/insight-service/src/test/java/com/flatirons/insight/service/editor/AppArchiveServiceTest.java:[93,27] TransactionInterceptor(org.springframework.transaction.PlatformTransactionManager,org.springframework.transaction.interceptor.TransactionAttributeSource) in org.springframework.transaction.interceptor.TransactionInterceptor has been deprecated
[INFO] /home/jenkins/agent/workspace/rd_insight-server_PR-57/insight-service/src/test/java/com/flatirons/insight/service/runtime/GroupServiceImplTest.java: Some input files use unchecked or unsafe operations.
[INFO] /home/jenkins/agent/workspace/rd_insight-server_PR-57/insight-service/src/test/java/com/flatirons/insight/service/runtime/GroupServiceImplTest.java: Recompile with -Xlint:unchecked for details.
[INFO] 
[INFO] --- surefire:3.1.2:test (default-test) @ insight-service ---
[INFO] Using auto detected provider org.apache.maven.surefire.junitplatform.JUnitPlatformProvider
[INFO] 
[INFO] -------------------------------------------------------
[INFO]  T E S T S
[INFO] -------------------------------------------------------
Picked up JAVA_TOOL_OPTIONS: -Dmaven.ext.class.path="/home/jenkins/agent/workspace/rd_insight-server_PR-57@tmp/withMaven23775f14/pipeline-maven-spy.jar" -Dorg.jenkinsci.plugins.pipeline.maven.reportsFolder="/home/jenkins/agent/workspace/rd_insight-server_PR-57@tmp/withMaven23775f14" 
[INFO] Running com.flatirons.insight.scenario.CustomerArchiveCompatibilityPreflightTest
[INFO] Tests run: 14, Failures: 0, Errors: 0, Skipped: 0, Time elapsed: 0.661 s -- in com.flatirons.insight.scenario.CustomerArchiveCompatibilityPreflightTest
[INFO] Running com.flatirons.insight.scenario.CustomerBpmnDeploymentScenarioTest
[INFO] Tests run: 4, Failures: 0, Errors: 0, Skipped: 0, Time elapsed: 6.200 s -- in com.flatirons.insight.scenario.CustomerBpmnDeploymentScenarioTest
[INFO] Running com.flatirons.insight.scenario.CustomerParityGateTest
[INFO] Tests run: 6, Failures: 0, Errors: 0, Skipped: 0, Time elapsed: 0.101 s -- in com.flatirons.insight.scenario.CustomerParityGateTest
[INFO] Running com.flatirons.insight.scenario.FormAppEngineScenarioTest
OpenJDK 64-Bit Server VM warning: Sharing is only supported for boot loader classes because bootstrap classpath has been appended
[INFO] Tests run: 9, Failures: 0, Errors: 0, Skipped: 0, Time elapsed: 8.346 s -- in com.flatirons.insight.scenario.FormAppEngineScenarioTest
[INFO] Running com.flatirons.insight.scenario.FormAppFormSubmissionScenarioTest
[INFO] Tests run: 17, Failures: 0, Errors: 0, Skipped: 0, Time elapsed: 8.301 s -- in com.flatirons.insight.scenario.FormAppFormSubmissionScenarioTest
[INFO] Running com.flatirons.insight.scenario.FormAppTaskActionScenarioTest
[INFO] Tests run: 12, Failures: 0, Errors: 0, Skipped: 0, Time elapsed: 5.797 s -- in com.flatirons.insight.scenario.FormAppTaskActionScenarioTest
[INFO] Running com.flatirons.insight.scenario.InclusiveGatewayScenarioTest
[INFO] Tests run: 1, Failures: 0, Errors: 0, Skipped: 0, Time elapsed: 0.347 s -- in com.flatirons.insight.scenario.InclusiveGatewayScenarioTest
[INFO] Running com.flatirons.insight.scenario.SmokeScenarioTest
[INFO] Tests run: 1, Failures: 0, Errors: 0, Skipped: 0, Time elapsed: 0.285 s -- in com.flatirons.insight.scenario.SmokeScenarioTest
[INFO] Running com.flatirons.insight.service.editor.AppArchiveServiceTest
[INFO] Tests run: 22, Failures: 0, Errors: 0, Skipped: 0, Time elapsed: 13.76 s -- in com.flatirons.insight.service.editor.AppArchiveServiceTest
[INFO] Running com.flatirons.insight.service.editor.FormAppArchiveServiceTest
[INFO] Tests run: 12, Failures: 0, Errors: 0, Skipped: 0, Time elapsed: 0.202 s -- in com.flatirons.insight.service.editor.FormAppArchiveServiceTest
[INFO] Running com.flatirons.insight.service.reporting.eventhandler.InsightCustomEventHandlerTest
[INFO] Tests run: 8, Failures: 0, Errors: 0, Skipped: 0, Time elapsed: 0.496 s -- in com.flatirons.insight.service.reporting.eventhandler.InsightCustomEventHandlerTest
[INFO] Running com.flatirons.insight.service.reporting.eventhandler.ProcessEventHandlerTest
[INFO] Tests run: 11, Failures: 0, Errors: 0, Skipped: 0, Time elapsed: 5.283 s -- in com.flatirons.insight.service.reporting.eventhandler.ProcessEventHandlerTest
[INFO] Running com.flatirons.insight.service.reporting.eventhandler.TaskEventHandlerTest
[INFO] Tests run: 8, Failures: 0, Errors: 0, Skipped: 0, Time elapsed: 0.144 s -- in com.flatirons.insight.service.reporting.eventhandler.TaskEventHandlerTest
[INFO] Running com.flatirons.insight.service.reporting.eventhandler.VariableEventHandlerTest
[INFO] Tests run: 3, Failures: 0, Errors: 0, Skipped: 0, Time elapsed: 0.095 s -- in com.flatirons.insight.service.reporting.eventhandler.VariableEventHandlerTest
[INFO] Running com.flatirons.insight.service.rmq.RmqEventListenerImplTest
[INFO] Tests run: 8, Failures: 0, Errors: 0, Skipped: 0, Time elapsed: 0.458 s -- in com.flatirons.insight.service.rmq.RmqEventListenerImplTest
[INFO] Running com.flatirons.insight.service.rmq.RmqHealthCheckServiceImplTest
[INFO] Tests run: 6, Failures: 0, Errors: 0, Skipped: 0, Time elapsed: 0.594 s -- in com.flatirons.insight.service.rmq.RmqHealthCheckServiceImplTest
[INFO] Running com.flatirons.insight.service.rmq.RmqServiceImplTest
[INFO] Tests run: 11, Failures: 0, Errors: 0, Skipped: 0, Time elapsed: 0.310 s -- in com.flatirons.insight.service.rmq.RmqServiceImplTest
[INFO] Running com.flatirons.insight.service.runtime.AESServiceImplTest
[INFO] Tests run: 2, Failures: 0, Errors: 0, Skipped: 0, Time elapsed: 0.006 s -- in com.flatirons.insight.service.runtime.AESServiceImplTest
[INFO] Running com.flatirons.insight.service.runtime.AppServiceImplTest
[INFO] Tests run: 14, Failures: 0, Errors: 0, Skipped: 0, Time elapsed: 0.217 s -- in com.flatirons.insight.service.runtime.AppServiceImplTest
[INFO] Running com.flatirons.insight.service.runtime.ArchiveFormDefinitionTest
[INFO] Tests run: 19, Failures: 0, Errors: 0, Skipped: 0, Time elapsed: 0.033 s -- in com.flatirons.insight.service.runtime.ArchiveFormDefinitionTest
[INFO] Running com.flatirons.insight.service.runtime.AuthServiceImplTest
[INFO] Tests run: 8, Failures: 0, Errors: 0, Skipped: 0, Time elapsed: 0.453 s -- in com.flatirons.insight.service.runtime.AuthServiceImplTest
[INFO] Running com.flatirons.insight.service.runtime.CommentServiceImplTest
[INFO] Tests run: 34, Failures: 0, Errors: 0, Skipped: 0, Time elapsed: 0.681 s -- in com.flatirons.insight.service.runtime.CommentServiceImplTest
[INFO] Running com.flatirons.insight.service.runtime.ContentStorageServiceImplTest
[INFO] Tests run: 9, Failures: 0, Errors: 0, Skipped: 0, Time elapsed: 0.706 s -- in com.flatirons.insight.service.runtime.ContentStorageServiceImplTest
[INFO] Running com.flatirons.insight.service.runtime.FormFieldOptionServiceImplTest
[INFO] Tests run: 30, Failures: 0, Errors: 0, Skipped: 0, Time elapsed: 0.463 s -- in com.flatirons.insight.service.runtime.FormFieldOptionServiceImplTest
[INFO] Running com.flatirons.insight.service.runtime.FormOptionSetServiceImplTest
[INFO] Tests run: 16, Failures: 0, Errors: 0, Skipped: 0, Time elapsed: 0.283 s -- in com.flatirons.insight.service.runtime.FormOptionSetServiceImplTest
[INFO] Running com.flatirons.insight.service.runtime.GroupServiceImplTest
[INFO] Tests run: 57, Failures: 0, Errors: 0, Skipped: 0, Time elapsed: 1.405 s -- in com.flatirons.insight.service.runtime.GroupServiceImplTest
[INFO] Running com.flatirons.insight.service.runtime.IT.ProcessInstanceQueryServiceImplTest
[INFO] Tests run: 46, Failures: 0, Errors: 0, Skipped: 0, Time elapsed: 2.909 s -- in com.flatirons.insight.service.runtime.IT.ProcessInstanceQueryServiceImplTest
[INFO] Running com.flatirons.insight.service.runtime.PrivilegeServiceImplTest
[INFO] Tests run: 31, Failures: 0, Errors: 0, Skipped: 0, Time elapsed: 0.362 s -- in com.flatirons.insight.service.runtime.PrivilegeServiceImplTest
[INFO] Running com.flatirons.insight.service.runtime.ProcessInstanceServiceImplTest
[INFO] Tests run: 14, Failures: 0, Errors: 0, Skipped: 0, Time elapsed: 1.088 s -- in com.flatirons.insight.service.runtime.ProcessInstanceServiceImplTest
[INFO] Running com.flatirons.insight.service.runtime.RelatedContentServiceImplTest
[INFO] Tests run: 48, Failures: 0, Errors: 0, Skipped: 0, Time elapsed: 0.510 s -- in com.flatirons.insight.service.runtime.RelatedContentServiceImplTest
[INFO] Running com.flatirons.insight.service.runtime.TaskActionServiceImplTest
[INFO] Tests run: 17, Failures: 0, Errors: 0, Skipped: 0, Time elapsed: 0.814 s -- in com.flatirons.insight.service.runtime.TaskActionServiceImplTest
[INFO] Running com.flatirons.insight.service.runtime.TaskQueryServiceImplTest
[INFO] Tests run: 16, Failures: 0, Errors: 0, Skipped: 0, Time elapsed: 0.458 s -- in com.flatirons.insight.service.runtime.TaskQueryServiceImplTest
[INFO] Running com.flatirons.insight.service.runtime.UserCacheImplTest
[INFO] Tests run: 20, Failures: 0, Errors: 0, Skipped: 0, Time elapsed: 0.085 s -- in com.flatirons.insight.service.runtime.UserCacheImplTest
[INFO] Running com.flatirons.insight.service.runtime.UserInitializerServiceImplTest
[INFO] Tests run: 12, Failures: 0, Errors: 0, Skipped: 0, Time elapsed: 0.121 s -- in com.flatirons.insight.service.runtime.UserInitializerServiceImplTest
[INFO] Running com.flatirons.insight.service.runtime.UserPreferencesServiceImplTest
[INFO] Tests run: 19, Failures: 0, Errors: 0, Skipped: 0, Time elapsed: 0.214 s -- in com.flatirons.insight.service.runtime.UserPreferencesServiceImplTest
[INFO] Running com.flatirons.insight.service.runtime.UserServiceImplTest
[INFO] Tests run: 60, Failures: 0, Errors: 0, Skipped: 0, Time elapsed: 0.734 s -- in com.flatirons.insight.service.runtime.UserServiceImplTest
[INFO] Running com.flatirons.insight.service.runtime.UserSyncCacheServiceImplTest
[INFO] Tests run: 2, Failures: 0, Errors: 0, Skipped: 0, Time elapsed: 0.002 s -- in com.flatirons.insight.service.runtime.UserSyncCacheServiceImplTest
[INFO] Running com.flatirons.insight.service.runtime.UserSynchronizationServiceImplTest
[INFO] Tests run: 1, Failures: 0, Errors: 0, Skipped: 0, Time elapsed: 0.197 s -- in com.flatirons.insight.service.runtime.UserSynchronizationServiceImplTest
[INFO] Running com.flatirons.insight.service.runtime.WorkflowIdentifierConfigurationTest
[INFO] Tests run: 5, Failures: 0, Errors: 0, Skipped: 0, Time elapsed: 0.013 s -- in com.flatirons.insight.service.runtime.WorkflowIdentifierConfigurationTest
[INFO] Running com.flatirons.insight.service.runtime.WorkflowIdentifierCustomerStartTest
[INFO] Tests run: 3, Failures: 0, Errors: 0, Skipped: 0, Time elapsed: 1.594 s -- in com.flatirons.insight.service.runtime.WorkflowIdentifierCustomerStartTest
[INFO] Running com.flatirons.insight.service.runtime.WorkflowIdentifierPersistenceTest
[INFO] Tests run: 12, Failures: 0, Errors: 0, Skipped: 0, Time elapsed: 5.618 s -- in com.flatirons.insight.service.runtime.WorkflowIdentifierPersistenceTest
[INFO] Running com.flatirons.insight.service.runtime.acm.AcmInitializerServiceImplTest
[INFO] Tests run: 14, Failures: 0, Errors: 0, Skipped: 0, Time elapsed: 0.791 s -- in com.flatirons.insight.service.runtime.acm.AcmInitializerServiceImplTest
[INFO] Running com.flatirons.insight.service.runtime.acm.AcmLoginTalkTest
[INFO] Tests run: 30, Failures: 0, Errors: 0, Skipped: 0, Time elapsed: 0.522 s -- in com.flatirons.insight.service.runtime.acm.AcmLoginTalkTest
[INFO] Running com.flatirons.insight.service.runtime.acm.LoadAcmConfigurationServiceImplTest
[INFO] Tests run: 13, Failures: 0, Errors: 0, Skipped: 0, Time elapsed: 0.128 s -- in com.flatirons.insight.service.runtime.acm.LoadAcmConfigurationServiceImplTest
[INFO] Running com.flatirons.insight.service.runtime.acm.RoleResourceServiceImplTest
[INFO] Tests run: 11, Failures: 0, Errors: 0, Skipped: 0, Time elapsed: 0.118 s -- in com.flatirons.insight.service.runtime.acm.RoleResourceServiceImplTest
[INFO] Running com.flatirons.insight.service.search.SearchEventListenerTest
[INFO] Tests run: 8, Failures: 0, Errors: 0, Skipped: 0, Time elapsed: 0.124 s -- in com.flatirons.insight.service.search.SearchEventListenerTest
[INFO] Running com.flatirons.insight.service.search.SearchRefreshServiceTest
[INFO] Tests run: 9, Failures: 0, Errors: 0, Skipped: 0, Time elapsed: 0.493 s -- in com.flatirons.insight.service.search.SearchRefreshServiceTest
[INFO] Running com.flatirons.insight.service.search.SearchTxSynchronizationTest
[INFO] Tests run: 3, Failures: 0, Errors: 0, Skipped: 0, Time elapsed: 0.009 s -- in com.flatirons.insight.service.search.SearchTxSynchronizationTest
[INFO] Running com.flatirons.insight.service.search.SearchWorkSetTest
[INFO] Tests run: 2, Failures: 0, Errors: 0, Skipped: 0, Time elapsed: 0.001 s -- in com.flatirons.insight.service.search.SearchWorkSetTest
[INFO] 
[INFO] Results:
[INFO] 
[INFO] Tests run: 738, Failures: 0, Errors: 0, Skipped: 0
[INFO] 
[INFO] 
[INFO] --- jar:3.3.0:jar (default-jar) @ insight-service ---
[INFO] Building jar: /home/jenkins/agent/workspace/rd_insight-server_PR-57/insight-service/target/insight-service-999.999-kwesley-workflow-scenario-port-target-SNAPSHOT.jar
[INFO] 
[INFO] --- antrun:3.1.0:run (customer-parity-gate) @ insight-service ---
[INFO] Executing tasks
[INFO]      [java] Picked up JAVA_TOOL_OPTIONS: -Dmaven.ext.class.path="/home/jenkins/agent/workspace/rd_insight-server_PR-57@tmp/withMaven23775f14/pipeline-maven-spy.jar" -Dorg.jenkinsci.plugins.pipeline.maven.reportsFolder="/home/jenkins/agent/workspace/rd_insight-server_PR-57@tmp/withMaven23775f14" 
[INFO]      [java] form-app / bpmn-deploy = DEPLOYED (observed=1) — BPMN parse and deploy only; no app publication claim
[INFO]      [java] form-app / authenticated-start = ASSERTED (observed=2) — JWT and legacy authenticated starter owns all ten tasks despite spoofing
[INFO]      [java] form-app / form-refusal = ASSERTED (observed=1) — Required field refused before writes; task/local-variable invariants also asserted
[INFO]      [java] form-app / task-refusal = ASSERTED (observed=4) — Named non-assignee refused on claim and complete under both principals
[INFO]      [java] form-app / first-wait = ASSERTED (observed=1) — Product start reaches ten assigned tasks
[INFO]      [java] form-app / customer-path = ASSERTED (observed=1) — All ten product form submissions join; historic arm fields checked
[INFO]      [java] form-app / full-journey = PENDING — Start forms attachments mail identity and general app publication are outside implemented boundary
[INFO]      [java] mdcr / bpmn-deploy = DEPLOYED (observed=1) — BPMN parse and deploy only; no app publication claim
[INFO]      [java] mdcr / authenticated-start = PENDING — insightRenameProcessListener blocks unchanged archive start; persisted identifier seam tests do not certify customer execution
[INFO]      [java] mdcr / form-refusal = PENDING — insightRenameProcessListener blocks unchanged archive start; persisted identifier seam tests do not certify customer execution
[INFO]      [java] mdcr / task-refusal = PENDING — insightRenameProcessListener blocks unchanged archive start; persisted identifier seam tests do not certify customer execution
[INFO]      [java] mdcr / first-wait = PENDING — insightRenameProcessListener blocks unchanged archive start; persisted identifier seam tests do not certify customer execution
[INFO]      [java] mdcr / customer-path = PENDING — insightRenameProcessListener blocks unchanged archive start; persisted identifier seam tests do not certify customer execution
[INFO]      [java] mdcr / full-journey = PENDING — insightRenameProcessListener blocks unchanged archive start; persisted identifier seam tests do not certify customer execution
[INFO]      [java] safran-analysis / bpmn-deploy = DEPLOYED (observed=1) — BPMN parse and deploy only; no app publication claim
[INFO]      [java] safran-analysis / authenticated-start = PENDING — setBusinessKeyListener blocks unchanged archive start; persisted identifier seam tests do not certify customer execution
[INFO]      [java] safran-analysis / form-refusal = PENDING — setBusinessKeyListener blocks unchanged archive start; persisted identifier seam tests do not certify customer execution
[INFO]      [java] safran-analysis / task-refusal = PENDING — setBusinessKeyListener blocks unchanged archive start; persisted identifier seam tests do not certify customer execution
[INFO]      [java] safran-analysis / first-wait = PENDING — setBusinessKeyListener blocks unchanged archive start; persisted identifier seam tests do not certify customer execution
[INFO]      [java] safran-analysis / customer-path = PENDING — setBusinessKeyListener blocks unchanged archive start; persisted identifier seam tests do not certify customer execution
[INFO]      [java] safran-analysis / full-journey = PENDING — setBusinessKeyListener blocks unchanged archive start; persisted identifier seam tests do not certify customer execution
[INFO]      [java] safran-feedback / bpmn-deploy = DEPLOYED (observed=1) — BPMN parse and deploy only; no app publication claim
[INFO]      [java] safran-feedback / authenticated-start = PENDING — insightRenameProcessListener blocks unchanged archive start; persisted identifier seam tests do not certify customer execution
[INFO]      [java] safran-feedback / form-refusal = PENDING — insightRenameProcessListener blocks unchanged archive start; persisted identifier seam tests do not certify customer execution
[INFO]      [java] safran-feedback / task-refusal = PENDING — insightRenameProcessListener blocks unchanged archive start; persisted identifier seam tests do not certify customer execution
[INFO]      [java] safran-feedback / first-wait = PENDING — insightRenameProcessListener blocks unchanged archive start; persisted identifier seam tests do not certify customer execution
[INFO]      [java] safran-feedback / customer-path = PENDING — insightRenameProcessListener blocks unchanged archive start; persisted identifier seam tests do not certify customer execution
[INFO]      [java] safran-feedback / full-journey = PENDING — insightRenameProcessListener blocks unchanged archive start; persisted identifier seam tests do not certify customer execution
[INFO]      [java] Customer parity: fixtures=4 deployed=4 asserted=5 pending-or-waived=19 observed-claim-invocations=13 (shared test invocations counted per dimension; not complete legacy parity)
[INFO]      [java] Surefire scenario invocations: tests=64 failures-or-errors=0 skipped=0
[INFO] Executed tasks
[INFO] 
[INFO] --- jacoco:0.8.12:report-aggregate (report-aggregate) @ insight-service ---
[INFO] Loading execution data file /home/jenkins/agent/workspace/rd_insight-server_PR-57/insight-service/target/jacoco.exec
[INFO] Loading execution data file /home/jenkins/agent/workspace/rd_insight-server_PR-57/insight-api/target/jacoco.exec
[INFO] Loading execution data file /home/jenkins/agent/workspace/rd_insight-server_PR-57/insight-config/target/jacoco.exec
[INFO] Loading execution data file /home/jenkins/agent/workspace/rd_insight-server_PR-57/insight-dao/target/jacoco.exec
[INFO] Loading execution data file /home/jenkins/agent/workspace/rd_insight-server_PR-57/insight-model/target/jacoco.exec
[INFO] Analyzed bundle 'insight-api' with 50 classes
[INFO] Analyzed bundle 'insight-config' with 27 classes
[INFO] Analyzed bundle 'insight-dao' with 74 classes
[INFO] Analyzed bundle 'insight-model' with 99 classes
[INFO] 
[INFO] -----------------< com.flatirons.insight:insight-rest >-----------------
[INFO] Building Insight - REST 999.999-kwesley-workflow-scenario-port-target-SNAPSHOT [7/8]
[INFO]   from insight-rest/pom.xml
[INFO] --------------------------------[ jar ]---------------------------------
[INFO] 
[INFO] --- jacoco:0.8.12:prepare-agent (prepare-agent) @ insight-rest ---
[INFO] argLine set to -javaagent:/home/jenkins/agent/workspace/rd_insight-server_PR-57/org/jacoco/org.jacoco.agent/0.8.12/org.jacoco.agent-0.8.12-runtime.jar=destfile=/home/jenkins/agent/workspace/rd_insight-server_PR-57/insight-rest/target/jacoco.exec
[INFO] 
[INFO] --- git-versioning-extension:5.2.0:git-versioning (git-versioning) @ insight-rest ---
[INFO] Generating git versioned POM
[INFO] 
[INFO] --- resources:3.3.0:resources (default-resources) @ insight-rest ---
[INFO] skip non existing resourceDirectory /home/jenkins/agent/workspace/rd_insight-server_PR-57/insight-rest/src/main/resources
[INFO] 
[INFO] --- compiler:3.11.0:compile (default-compile) @ insight-rest ---
[WARNING]  Parameter 'optimize' (user property 'maven.compiler.optimize') is deprecated: This property is a no-op in javac.
[INFO] Changes detected - recompiling the module! :dependency
[INFO] Compiling 23 source files with javac [debug optimize deprecation release 21] to target/classes
[INFO] /home/jenkins/agent/workspace/rd_insight-server_PR-57/insight-rest/src/main/java/com/flatirons/insight/rest/internal/form/ReferenceDataController.java: /home/jenkins/agent/workspace/rd_insight-server_PR-57/insight-rest/src/main/java/com/flatirons/insight/rest/internal/form/ReferenceDataController.java uses unchecked or unsafe operations.
[INFO] /home/jenkins/agent/workspace/rd_insight-server_PR-57/insight-rest/src/main/java/com/flatirons/insight/rest/internal/form/ReferenceDataController.java: Recompile with -Xlint:unchecked for details.
[INFO] 
[INFO] --- resources:3.3.0:copy-resources (copy-test-resources) @ insight-rest ---
[INFO] skip non existing resourceDirectory /home/jenkins/agent/workspace/rd_insight-server_PR-57/insight-rest/../etc-package/src/test/resources
[INFO] 
[INFO] --- resources:3.3.0:testResources (default-testResources) @ insight-rest ---
[INFO] skip non existing resourceDirectory /home/jenkins/agent/workspace/rd_insight-server_PR-57/insight-rest/src/test/resources
[INFO] 
[INFO] --- compiler:3.11.0:testCompile (default-testCompile) @ insight-rest ---
[WARNING]  Parameter 'optimize' (user property 'maven.compiler.optimize') is deprecated: This property is a no-op in javac.
[INFO] Changes detected - recompiling the module! :dependency
[INFO] Compiling 19 source files with javac [debug optimize deprecation release 21] to target/test-classes
[INFO] /home/jenkins/agent/workspace/rd_insight-server_PR-57/insight-rest/src/test/java/com/flatirons/insight/rest/internal/identity/GroupControllerTest.java: Some input files use unchecked or unsafe operations.
[INFO] /home/jenkins/agent/workspace/rd_insight-server_PR-57/insight-rest/src/test/java/com/flatirons/insight/rest/internal/identity/GroupControllerTest.java: Recompile with -Xlint:unchecked for details.
[INFO] 
[INFO] --- surefire:3.1.2:test (default-test) @ insight-rest ---
[INFO] Using auto detected provider org.apache.maven.surefire.junitplatform.JUnitPlatformProvider
[INFO] 
[INFO] -------------------------------------------------------
[INFO]  T E S T S
[INFO] -------------------------------------------------------
Picked up JAVA_TOOL_OPTIONS: -Dmaven.ext.class.path="/home/jenkins/agent/workspace/rd_insight-server_PR-57@tmp/withMaven23775f14/pipeline-maven-spy.jar" -Dorg.jenkinsci.plugins.pipeline.maven.reportsFolder="/home/jenkins/agent/workspace/rd_insight-server_PR-57@tmp/withMaven23775f14" 
[INFO] Running com.flatirons.insight.rest.external.ExternalLoginControllerTest
OpenJDK 64-Bit Server VM warning: Sharing is only supported for boot loader classes because bootstrap classpath has been appended
[INFO] Tests run: 3, Failures: 0, Errors: 0, Skipped: 0, Time elapsed: 1.994 s -- in com.flatirons.insight.rest.external.ExternalLoginControllerTest
[INFO] Running com.flatirons.insight.rest.internal.form.FormAppFormControllerTest
[INFO] Tests run: 1, Failures: 0, Errors: 0, Skipped: 0, Time elapsed: 6.189 s -- in com.flatirons.insight.rest.internal.form.FormAppFormControllerTest
[INFO] Running com.flatirons.insight.rest.internal.form.FormControllerTest
[INFO] Tests run: 4, Failures: 0, Errors: 0, Skipped: 0, Time elapsed: 0.226 s -- in com.flatirons.insight.rest.internal.form.FormControllerTest
[INFO] Running com.flatirons.insight.rest.internal.form.FormFieldOptionControllerTest
[INFO] Tests run: 6, Failures: 0, Errors: 0, Skipped: 0, Time elapsed: 0.201 s -- in com.flatirons.insight.rest.internal.form.FormFieldOptionControllerTest
[INFO] Running com.flatirons.insight.rest.internal.form.FormOptionSetControllerTest
[INFO] Tests run: 6, Failures: 0, Errors: 0, Skipped: 0, Time elapsed: 0.085 s -- in com.flatirons.insight.rest.internal.form.FormOptionSetControllerTest
[INFO] Running com.flatirons.insight.rest.internal.identity.GroupControllerTest
[INFO] Tests run: 10, Failures: 0, Errors: 0, Skipped: 0, Time elapsed: 0.168 s -- in com.flatirons.insight.rest.internal.identity.GroupControllerTest
[INFO] Running com.flatirons.insight.rest.internal.identity.PrivilegeControllerTest
[INFO] Tests run: 7, Failures: 0, Errors: 0, Skipped: 0, Time elapsed: 0.100 s -- in com.flatirons.insight.rest.internal.identity.PrivilegeControllerTest
[INFO] Running com.flatirons.insight.rest.internal.identity.UserControllerTest
[INFO] Tests run: 10, Failures: 0, Errors: 0, Skipped: 0, Time elapsed: 0.102 s -- in com.flatirons.insight.rest.internal.identity.UserControllerTest
[INFO] Running com.flatirons.insight.rest.internal.repository.AppControllerTest
[INFO] Tests run: 12, Failures: 0, Errors: 0, Skipped: 0, Time elapsed: 0.128 s -- in com.flatirons.insight.rest.internal.repository.AppControllerTest
[INFO] Running com.flatirons.insight.rest.internal.repository.ProcessDefinitionControllerTest
[INFO] Tests run: 10, Failures: 0, Errors: 0, Skipped: 0, Time elapsed: 0.157 s -- in com.flatirons.insight.rest.internal.repository.ProcessDefinitionControllerTest
[INFO] Running com.flatirons.insight.rest.internal.runtime.CommentControllerTest
[INFO] Tests run: 8, Failures: 0, Errors: 0, Skipped: 0, Time elapsed: 0.097 s -- in com.flatirons.insight.rest.internal.runtime.CommentControllerTest
[INFO] Running com.flatirons.insight.rest.internal.runtime.ProcessInstanceControllerTest
[INFO] Tests run: 13, Failures: 0, Errors: 0, Skipped: 0, Time elapsed: 0.296 s -- in com.flatirons.insight.rest.internal.runtime.ProcessInstanceControllerTest
[INFO] Running com.flatirons.insight.rest.internal.runtime.ProcessInstanceQueryControllerTest
[INFO] Tests run: 4, Failures: 0, Errors: 0, Skipped: 0, Time elapsed: 0.139 s -- in com.flatirons.insight.rest.internal.runtime.ProcessInstanceQueryControllerTest
[INFO] Running com.flatirons.insight.rest.internal.runtime.ProcessInstanceVariableControllerTest
[INFO] Tests run: 10, Failures: 0, Errors: 0, Skipped: 0, Time elapsed: 0.090 s -- in com.flatirons.insight.rest.internal.runtime.ProcessInstanceVariableControllerTest
[INFO] Running com.flatirons.insight.rest.internal.runtime.RelatedContentControllerTest
[INFO] Tests run: 12, Failures: 0, Errors: 0, Skipped: 0, Time elapsed: 0.143 s -- in com.flatirons.insight.rest.internal.runtime.RelatedContentControllerTest
[INFO] Running com.flatirons.insight.rest.internal.runtime.TaskActionControllerTest
[INFO] Tests run: 11, Failures: 0, Errors: 0, Skipped: 0, Time elapsed: 0.167 s -- in com.flatirons.insight.rest.internal.runtime.TaskActionControllerTest
[INFO] Running com.flatirons.insight.rest.internal.runtime.TaskControllerTest
[INFO] Tests run: 13, Failures: 0, Errors: 0, Skipped: 0, Time elapsed: 0.055 s -- in com.flatirons.insight.rest.internal.runtime.TaskControllerTest
[INFO] Running com.flatirons.insight.rest.internal.runtime.TaskQueryControllerTest
[INFO] Tests run: 4, Failures: 0, Errors: 0, Skipped: 0, Time elapsed: 0.045 s -- in com.flatirons.insight.rest.internal.runtime.TaskQueryControllerTest
[INFO] Running com.flatirons.insight.rest.internal.runtime.UserPreferencesControllerTest
[INFO] Tests run: 13, Failures: 0, Errors: 0, Skipped: 0, Time elapsed: 0.359 s -- in com.flatirons.insight.rest.internal.runtime.UserPreferencesControllerTest
[INFO] 
[INFO] Results:
[INFO] 
[INFO] Tests run: 157, Failures: 0, Errors: 0, Skipped: 0
[INFO] 
[INFO] 
[INFO] --- jar:3.3.0:jar (default-jar) @ insight-rest ---
[INFO] Building jar: /home/jenkins/agent/workspace/rd_insight-server_PR-57/insight-rest/target/insight-rest-999.999-kwesley-workflow-scenario-port-target-SNAPSHOT.jar
[INFO] 
[INFO] --- jacoco:0.8.12:report-aggregate (report-aggregate) @ insight-rest ---
[INFO] Loading execution data file /home/jenkins/agent/workspace/rd_insight-server_PR-57/insight-rest/target/jacoco.exec
[INFO] Loading execution data file /home/jenkins/agent/workspace/rd_insight-server_PR-57/insight-api/target/jacoco.exec
[INFO] Loading execution data file /home/jenkins/agent/workspace/rd_insight-server_PR-57/insight-service/target/jacoco.exec
[INFO] Loading execution data file /home/jenkins/agent/workspace/rd_insight-server_PR-57/insight-model/target/jacoco.exec
[INFO] Analyzed bundle 'insight-api' with 50 classes
[INFO] Analyzed bundle 'insight-service' with 121 classes
[INFO] Analyzed bundle 'insight-model' with 99 classes
[INFO] 
[INFO] ---------------< com.flatirons.insight:insight-package >----------------
[INFO] Building Insight - Spring Application 999.999-kwesley-workflow-scenario-port-target-SNAPSHOT [8/8]
[INFO]   from insight-package/pom.xml
[INFO] --------------------------------[ war ]---------------------------------
[INFO] 
[INFO] --- jacoco:0.8.12:prepare-agent (prepare-agent) @ insight-package ---
[INFO] argLine set to -javaagent:/home/jenkins/agent/workspace/rd_insight-server_PR-57/org/jacoco/org.jacoco.agent/0.8.12/org.jacoco.agent-0.8.12-runtime.jar=destfile=/home/jenkins/agent/workspace/rd_insight-server_PR-57/insight-package/target/jacoco.exec
[INFO] 
[INFO] --- git-versioning-extension:5.2.0:git-versioning (git-versioning) @ insight-package ---
[INFO] Generating git versioned POM
[INFO] 
[INFO] --- resources:3.3.0:resources (default-resources) @ insight-package ---
[INFO] Copying 6 resources
[INFO] 
[INFO] --- compiler:3.11.0:compile (default-compile) @ insight-package ---
[WARNING]  Parameter 'optimize' (user property 'maven.compiler.optimize') is deprecated: This property is a no-op in javac.
[INFO] Changes detected - recompiling the module! :dependency
[INFO] Compiling 2 source files with javac [debug optimize deprecation release 21] to target/classes
[INFO] 
[INFO] --- resources:3.3.0:testResources (default-testResources) @ insight-package ---
[INFO] skip non existing resourceDirectory /home/jenkins/agent/workspace/rd_insight-server_PR-57/insight-package/src/test/resources
[INFO] 
[INFO] --- compiler:3.11.0:testCompile (default-testCompile) @ insight-package ---
[WARNING]  Parameter 'optimize' (user property 'maven.compiler.optimize') is deprecated: This property is a no-op in javac.
[INFO] Changes detected - recompiling the module! :dependency
[INFO] Compiling 1 source file with javac [debug optimize deprecation release 21] to target/test-classes
[INFO] 
[INFO] --- surefire:3.1.2:test (default-test) @ insight-package ---
[INFO] Using auto detected provider org.apache.maven.surefire.junitplatform.JUnitPlatformProvider
[INFO] 
[INFO] -------------------------------------------------------
[INFO]  T E S T S
[INFO] -------------------------------------------------------
Picked up JAVA_TOOL_OPTIONS: -Dmaven.ext.class.path="/home/jenkins/agent/workspace/rd_insight-server_PR-57@tmp/withMaven23775f14/pipeline-maven-spy.jar" -Dorg.jenkinsci.plugins.pipeline.maven.reportsFolder="/home/jenkins/agent/workspace/rd_insight-server_PR-57@tmp/withMaven23775f14" 
[INFO] Running com.flatirons.insight.app.ServletInitializerTest
OpenJDK 64-Bit Server VM warning: Sharing is only supported for boot loader classes because bootstrap classpath has been appended
[INFO] Tests run: 1, Failures: 0, Errors: 0, Skipped: 0, Time elapsed: 1.304 s -- in com.flatirons.insight.app.ServletInitializerTest
[INFO] 
[INFO] Results:
[INFO] 
[INFO] Tests run: 1, Failures: 0, Errors: 0, Skipped: 0
[INFO] 
[INFO] 
[INFO] --- war:3.4.0:war (default-war) @ insight-package ---
[WARNING]  Parameter 'warName' is read-only, must not be used in configuration
[INFO] Packaging webapp
[INFO] Assembling webapp [insight-package] in [/home/jenkins/agent/workspace/rd_insight-server_PR-57/insight-package/target/insight-package-999.999-kwesley-workflow-scenario-port-target-SNAPSHOT]
[INFO] Processing war project
[INFO] Building war: /home/jenkins/agent/workspace/rd_insight-server_PR-57/insight-package/target/insight-server.war
[INFO] 
[INFO] --- jacoco:0.8.12:report-aggregate (report-aggregate) @ insight-package ---
[INFO] Loading execution data file /home/jenkins/agent/workspace/rd_insight-server_PR-57/insight-package/target/jacoco.exec
[INFO] Loading execution data file /home/jenkins/agent/workspace/rd_insight-server_PR-57/insight-config/target/jacoco.exec
[INFO] Loading execution data file /home/jenkins/agent/workspace/rd_insight-server_PR-57/insight-dao/target/jacoco.exec
[INFO] Loading execution data file /home/jenkins/agent/workspace/rd_insight-server_PR-57/insight-model/target/jacoco.exec
[INFO] Loading execution data file /home/jenkins/agent/workspace/rd_insight-server_PR-57/insight-rest/target/jacoco.exec
[INFO] Loading execution data file /home/jenkins/agent/workspace/rd_insight-server_PR-57/insight-service/target/jacoco.exec
[INFO] Loading execution data file /home/jenkins/agent/workspace/rd_insight-server_PR-57/insight-api/target/jacoco.exec
[INFO] Analyzed bundle 'insight-config' with 27 classes
[INFO] Analyzed bundle 'insight-dao' with 74 classes
[INFO] Analyzed bundle 'insight-model' with 99 classes
[INFO] Analyzed bundle 'insight-rest' with 23 classes
[INFO] Analyzed bundle 'insight-service' with 121 classes
[INFO] Analyzed bundle 'insight-api' with 50 classes
[INFO] ------------------------------------------------------------------------
[INFO] Reactor Summary for Insight Server 999.999-kwesley-workflow-scenario-port-target-SNAPSHOT:
[INFO] 
[INFO] Insight Server ..................................... SUCCESS [  0.260 s]
[INFO] Insight - API ...................................... SUCCESS [  6.814 s]
[INFO] Insight - Spring Configuration ..................... SUCCESS [ 10.182 s]
[INFO] Insight - Model .................................... SUCCESS [  3.916 s]
[INFO] Insight - Entity and Repository .................... SUCCESS [  5.279 s]
[INFO] Insight - Service .................................. SUCCESS [01:19 min]
[INFO] Insight - REST ..................................... SUCCESS [ 13.769 s]
[INFO] Insight - Spring Application ....................... SUCCESS [  5.966 s]
[INFO] ------------------------------------------------------------------------
[INFO] BUILD SUCCESS
[INFO] ------------------------------------------------------------------------
[INFO] Total time:  02:07 min
[INFO] Finished at: 2026-10-07T19:41:49Z
[INFO] ------------------------------------------------------------------------
[INFO] [jenkins-event-spy] Generated /home/jenkins/agent/workspace/rd_insight-server_PR-57@tmp/withMaven23775f14/maven-spy-20261007-193942-27613538866788893637852.log
[Pipeline] }
[withMaven] JacocoPublisher is no longer implicitly used with `withMaven` step.
[withMaven] Jacoco plugin has been deprecated and should not be used anymore.
[withMaven] CoveragePublisher will be used instead.

[withMaven] junitPublisher - Archive test results for Maven artifact com.flatirons.insight:insight-api:jar:999.999-kwesley-workflow-scenario-port-target-SNAPSHOT generated by maven-surefire-plugin:test (default-test): insight-api/target/surefire-reports/*.xml
[withMaven] junitPublisher - Archive test results for Maven artifact com.flatirons.insight:insight-config:jar:999.999-kwesley-workflow-scenario-port-target-SNAPSHOT generated by maven-surefire-plugin:test (default-test): insight-config/target/surefire-reports/*.xml
[withMaven] junitPublisher - Archive test results for Maven artifact com.flatirons.insight:insight-model:jar:999.999-kwesley-workflow-scenario-port-target-SNAPSHOT generated by maven-surefire-plugin:test (default-test): insight-model/target/surefire-reports/*.xml
[withMaven] junitPublisher - Archive test results for Maven artifact com.flatirons.insight:insight-dao:jar:999.999-kwesley-workflow-scenario-port-target-SNAPSHOT generated by maven-surefire-plugin:test (default-test): insight-dao/target/surefire-reports/*.xml
[withMaven] junitPublisher - Archive test results for Maven artifact com.flatirons.insight:insight-service:jar:999.999-kwesley-workflow-scenario-port-target-SNAPSHOT generated by maven-surefire-plugin:test (default-test): insight-service/target/surefire-reports/*.xml
[withMaven] junitPublisher - Archive test results for Maven artifact com.flatirons.insight:insight-rest:jar:999.999-kwesley-workflow-scenario-port-target-SNAPSHOT generated by maven-surefire-plugin:test (default-test): insight-rest/target/surefire-reports/*.xml
[withMaven] junitPublisher - Archive test results for Maven artifact com.flatirons.insight:insight-package:war:999.999-kwesley-workflow-scenario-port-target-SNAPSHOT generated by maven-surefire-plugin:test (default-test): insight-package/target/surefire-reports/*.xml
[withMaven] junitPublisher - Jenkins JUnit Attachments Plugin not found, can't publish test attachments.
[withMaven] junitPublisher - Jenkins JUnit Flaky Test Handler Plugin not found, can't publish JUnit flaky tests reports.
Recording test results
[Checks API] No suitable checks publisher found.
[withMaven] Publishers: Pipeline Graph Publisher: 393 ms, Junit Publisher: 291 ms, Dependencies Fingerprint Publisher: 533 ms
[Pipeline] // withMaven
[Pipeline] }
[Pipeline] // container
Post stage
[Pipeline] archiveArtifacts
Archiving artifacts
[Pipeline] }
[Pipeline] // stage
[Pipeline] stage
[Pipeline] { (Static Analysis)
[Pipeline] parallel
[Pipeline] { (Branch: Mainline)
[Pipeline] { (Branch: Branches)
[Pipeline] { (Branch: Pull Requests)
[Pipeline] stage
[Pipeline] { (Mainline)
[Pipeline] stage
[Pipeline] { (Branches)
[Pipeline] stage
[Pipeline] { (Pull Requests)
Stage "Mainline" skipped due to when conditional
[Pipeline] getContext
[Pipeline] }
Stage "Branches" skipped due to when conditional
[Pipeline] getContext
[Pipeline] }
[Pipeline] // stage
[Pipeline] }
[Pipeline] // stage
[Pipeline] }
[Pipeline] container
[Pipeline] {
[Pipeline] withMaven
Executing sh script inside container builder of pod rd-insight-server-pr-57-1-8fbnk-jf502-701fj
Executing command: "/bin/sh" "-c" "which mvn" 
exit
/usr/local/bin/mvn
Executing sh script inside container builder of pod rd-insight-server-pr-57-1-8fbnk-jf502-701fj
Executing command: "/usr/local/bin/mvn" "--version" 
exit
Picked up JAVA_TOOL_OPTIONS: -Dmaven.ext.class.path="/home/jenkins/agent/workspace/rd_insight-server_PR-57@tmp/withMavena5c45bdd/pipeline-maven-spy.jar" -Dorg.jenkinsci.plugins.pipeline.maven.reportsFolder="/home/jenkins/agent/workspace/rd_insight-server_PR-57@tmp/withMavena5c45bdd" 
Apache Maven 3.9.9 (8e8579a9e76f7d015ee5ec7bfcdc97d260186937)
Maven home: /usr/local/apache-maven-3.9.9
Java version: 21.0.9, vendor: Eclipse Adoptium, runtime: /usr/lib/jvm/temurin-21-jdk-amd64
Default locale: en_US, platform encoding: UTF-8
OS name: "linux", version: "6.12.79-101.147.amzn2023.x86_64", arch: "amd64", family: "unix"
[Pipeline] {
[Pipeline] withSonarQubeEnv
Injecting SonarQube environment variables using the configuration: Devops Sonarqube
[Pipeline] {
[Pipeline] sh
+ MAVEN_OPTS=--add-opens=java.base/java.lang=ALL-UNNAMED --add-opens=java.base/java.util=ALL-UNNAMED mvn -B initialize verify sonar:sonar -Dsonar.pullrequest.branch=kwesley/reusable-app-archive-publication -Dsonar.pullrequest.key=57 -Dsonar.pullrequest.base=kwesley/workflow-scenario-port
Picked up JAVA_TOOL_OPTIONS: -Dmaven.ext.class.path="/home/jenkins/agent/workspace/rd_insight-server_PR-57@tmp/withMavena5c45bdd/pipeline-maven-spy.jar" -Dorg.jenkinsci.plugins.pipeline.maven.reportsFolder="/home/jenkins/agent/workspace/rd_insight-server_PR-57@tmp/withMavena5c45bdd" 
[INFO] [jenkins-event-spy] Generate /home/jenkins/agent/workspace/rd_insight-server_PR-57@tmp/withMavena5c45bdd/maven-spy-20261007-194153-74712255313308131259828.log.tmp ...
[INFO] Scanning for projects...
[INFO] 
[INFO] ----------------- maven-git-versioning-extension:5.2.0 -----------------
[INFO] Adjusting project models...
[INFO] 
[INFO] --- com.flatirons.insight:insight-root @ branch kwesley/workflow-scenario-port-target ---
[INFO] project version: 999.999-kwesley-workflow-scenario-port-target-SNAPSHOT
[INFO] properties:
[INFO]   flatirons.versionRange: [0-${flatirons.parentBranch}-SNAPSHOT, 0-${flatirons.parentBranch}-Z-SNAPSHOT),[999.999-kwesley-workflow-scenario-port-target-SNAPSHOT,999.999-kwesley-workflow-scenario-port-target-Z-SNAPSHOT)
[INFO] 
[INFO] --- com.flatirons.insight:insight-config @ branch kwesley/workflow-scenario-port-target ---
[INFO] parent version: 999.999-kwesley-workflow-scenario-port-target-SNAPSHOT
[INFO] 
[INFO] --- com.flatirons.insight:insight-model @ branch kwesley/workflow-scenario-port-target ---
[INFO] parent version: 999.999-kwesley-workflow-scenario-port-target-SNAPSHOT
[INFO] 
[INFO] --- com.flatirons.insight:insight-dao @ branch kwesley/workflow-scenario-port-target ---
[INFO] parent version: 999.999-kwesley-workflow-scenario-port-target-SNAPSHOT
[INFO] 
[INFO] --- com.flatirons.insight:insight-rest @ branch kwesley/workflow-scenario-port-target ---
[INFO] parent version: 999.999-kwesley-workflow-scenario-port-target-SNAPSHOT
[INFO] 
[INFO] --- com.flatirons.insight:insight-service @ branch kwesley/workflow-scenario-port-target ---
[INFO] parent version: 999.999-kwesley-workflow-scenario-port-target-SNAPSHOT
[INFO] properties:
[INFO] 
[INFO] --- com.flatirons.insight:insight-api @ branch kwesley/workflow-scenario-port-target ---
[INFO] parent version: 999.999-kwesley-workflow-scenario-port-target-SNAPSHOT
[INFO] 
[INFO] --- com.flatirons.insight:insight-package @ branch kwesley/workflow-scenario-port-target ---
[INFO] parent version: 999.999-kwesley-workflow-scenario-port-target-SNAPSHOT
[INFO] 
[INFO] ------------------------------------------------------------------------
[INFO] Reactor Build Order:
[INFO] 
[INFO] Insight Server                                                     [pom]
[INFO] Insight - API                                                      [jar]
[INFO] Insight - Spring Configuration                                     [jar]
[INFO] Insight - Model                                                    [jar]
[INFO] Insight - Entity and Repository                                    [jar]
[INFO] Insight - Service                                                  [jar]
[INFO] Insight - REST                                                     [jar]
[INFO] Insight - Spring Application                                       [war]
[INFO] 
[INFO] -----------------< com.flatirons.insight:insight-root >-----------------
[INFO] Building Insight Server 999.999-kwesley-workflow-scenario-port-target-SNAPSHOT [1/8]
[INFO]   from pom.xml
[INFO] --------------------------------[ pom ]---------------------------------
[INFO] 
[INFO] --- git-versioning-extension:5.2.0:git-versioning (git-versioning) @ insight-root ---
[INFO] Generating git versioned POM
[INFO] 
[INFO] --- git-versioning-extension:5.2.0:git-versioning (git-versioning) @ insight-root ---
[INFO] Generating git versioned POM
[INFO] 
[INFO] --- jacoco:0.8.12:report-aggregate (report-aggregate) @ insight-root ---
[INFO] 
[INFO] -----------------< com.flatirons.insight:insight-api >------------------
[INFO] Building Insight - API 999.999-kwesley-workflow-scenario-port-target-SNAPSHOT [2/8]
[INFO]   from insight-api/pom.xml
[INFO] --------------------------------[ jar ]---------------------------------
[INFO] 
[INFO] --- jacoco:0.8.12:prepare-agent (prepare-agent) @ insight-api ---
[INFO] argLine set to -javaagent:/home/jenkins/agent/workspace/rd_insight-server_PR-57/org/jacoco/org.jacoco.agent/0.8.12/org.jacoco.agent-0.8.12-runtime.jar=destfile=/home/jenkins/agent/workspace/rd_insight-server_PR-57/insight-api/target/jacoco.exec
[INFO] 
[INFO] --- git-versioning-extension:5.2.0:git-versioning (git-versioning) @ insight-api ---
[INFO] Generating git versioned POM
[INFO] 
[INFO] --- jacoco:0.8.12:prepare-agent (prepare-agent) @ insight-api ---
[INFO] argLine set to -javaagent:/home/jenkins/agent/workspace/rd_insight-server_PR-57/org/jacoco/org.jacoco.agent/0.8.12/org.jacoco.agent-0.8.12-runtime.jar=destfile=/home/jenkins/agent/workspace/rd_insight-server_PR-57/insight-api/target/jacoco.exec
[INFO] 
[INFO] --- git-versioning-extension:5.2.0:git-versioning (git-versioning) @ insight-api ---
[INFO] Generating git versioned POM
[INFO] 
[INFO] --- resources:3.3.0:resources (default-resources) @ insight-api ---
[INFO] skip non existing resourceDirectory /home/jenkins/agent/workspace/rd_insight-server_PR-57/insight-api/src/main/resources
[INFO] 
[INFO] --- compiler:3.11.0:compile (default-compile) @ insight-api ---
[WARNING]  Parameter 'optimize' (user property 'maven.compiler.optimize') is deprecated: This property is a no-op in javac.
[INFO] Nothing to compile - all classes are up to date
[INFO] 
[INFO] --- resources:3.3.0:testResources (default-testResources) @ insight-api ---
[INFO] skip non existing resourceDirectory /home/jenkins/agent/workspace/rd_insight-server_PR-57/insight-api/src/test/resources
[INFO] 
[INFO] --- compiler:3.11.0:testCompile (default-testCompile) @ insight-api ---
[WARNING]  Parameter 'optimize' (user property 'maven.compiler.optimize') is deprecated: This property is a no-op in javac.
[INFO] Nothing to compile - all classes are up to date
[INFO] 
[INFO] --- surefire:3.1.2:test (default-test) @ insight-api ---
[INFO] Using auto detected provider org.apache.maven.surefire.junitplatform.JUnitPlatformProvider
[INFO] 
[INFO] -------------------------------------------------------
[INFO]  T E S T S
[INFO] -------------------------------------------------------
Picked up JAVA_TOOL_OPTIONS: -Dmaven.ext.class.path="/home/jenkins/agent/workspace/rd_insight-server_PR-57@tmp/withMavena5c45bdd/pipeline-maven-spy.jar" -Dorg.jenkinsci.plugins.pipeline.maven.reportsFolder="/home/jenkins/agent/workspace/rd_insight-server_PR-57@tmp/withMavena5c45bdd" 
[INFO] Running com.flatirons.insight.util.AcmUtilsTest
OpenJDK 64-Bit Server VM warning: Sharing is only supported for boot loader classes because bootstrap classpath has been appended
[INFO] Tests run: 9, Failures: 0, Errors: 0, Skipped: 0, Time elapsed: 1.712 s -- in com.flatirons.insight.util.AcmUtilsTest
[INFO] Running com.flatirons.insight.util.ServerTalkTest
[INFO] Tests run: 9, Failures: 0, Errors: 0, Skipped: 0, Time elapsed: 0.735 s -- in com.flatirons.insight.util.ServerTalkTest
[INFO] Running com.flatirons.insight.util.ThreadLocalContextTest
[INFO] Tests run: 8, Failures: 0, Errors: 0, Skipped: 0, Time elapsed: 0.019 s -- in com.flatirons.insight.util.ThreadLocalContextTest
[INFO] Running com.flatirons.insight.util.UtilsTest
[INFO] Tests run: 22, Failures: 0, Errors: 0, Skipped: 0, Time elapsed: 0.218 s -- in com.flatirons.insight.util.UtilsTest
[INFO] 
[INFO] Results:
[INFO] 
[INFO] Tests run: 48, Failures: 0, Errors: 0, Skipped: 0
[INFO] 
[INFO] 
[INFO] --- jar:3.3.0:jar (default-jar) @ insight-api ---
[INFO] Building jar: /home/jenkins/agent/workspace/rd_insight-server_PR-57/insight-api/target/insight-api-999.999-kwesley-workflow-scenario-port-target-SNAPSHOT.jar
[INFO] 
[INFO] --- jacoco:0.8.12:report-aggregate (report-aggregate) @ insight-api ---
[INFO] Loading execution data file /home/jenkins/agent/workspace/rd_insight-server_PR-57/insight-api/target/jacoco.exec
[INFO] 
[INFO] ----------------< com.flatirons.insight:insight-config >----------------
[INFO] Building Insight - Spring Configuration 999.999-kwesley-workflow-scenario-port-target-SNAPSHOT [3/8]
[INFO]   from insight-config/pom.xml
[INFO] --------------------------------[ jar ]---------------------------------
[INFO] 
[INFO] --- jacoco:0.8.12:prepare-agent (prepare-agent) @ insight-config ---
[INFO] argLine set to -javaagent:/home/jenkins/agent/workspace/rd_insight-server_PR-57/org/jacoco/org.jacoco.agent/0.8.12/org.jacoco.agent-0.8.12-runtime.jar=destfile=/home/jenkins/agent/workspace/rd_insight-server_PR-57/insight-config/target/jacoco.exec
[INFO] 
[INFO] --- git-versioning-extension:5.2.0:git-versioning (git-versioning) @ insight-config ---
[INFO] Generating git versioned POM
[INFO] 
[INFO] --- jacoco:0.8.12:prepare-agent (prepare-agent) @ insight-config ---
[INFO] argLine set to -javaagent:/home/jenkins/agent/workspace/rd_insight-server_PR-57/org/jacoco/org.jacoco.agent/0.8.12/org.jacoco.agent-0.8.12-runtime.jar=destfile=/home/jenkins/agent/workspace/rd_insight-server_PR-57/insight-config/target/jacoco.exec
[INFO] 
[INFO] --- git-versioning-extension:5.2.0:git-versioning (git-versioning) @ insight-config ---
[INFO] Generating git versioned POM
[INFO] 
[INFO] --- resources:3.3.0:resources (default-resources) @ insight-config ---
[INFO] skip non existing resourceDirectory /home/jenkins/agent/workspace/rd_insight-server_PR-57/insight-config/src/main/resources
[INFO] 
[INFO] --- compiler:3.11.0:compile (default-compile) @ insight-config ---
[WARNING]  Parameter 'optimize' (user property 'maven.compiler.optimize') is deprecated: This property is a no-op in javac.
[INFO] Changes detected - recompiling the module! :dependency
[INFO] Compiling 24 source files with javac [debug optimize deprecation release 21] to target/classes
[INFO] 
[INFO] --- resources:3.3.0:testResources (default-testResources) @ insight-config ---
[INFO] skip non existing resourceDirectory /home/jenkins/agent/workspace/rd_insight-server_PR-57/insight-config/src/test/resources
[INFO] 
[INFO] --- compiler:3.11.0:testCompile (default-testCompile) @ insight-config ---
[WARNING]  Parameter 'optimize' (user property 'maven.compiler.optimize') is deprecated: This property is a no-op in javac.
[INFO] Changes detected - recompiling the module! :dependency
[INFO] Compiling 13 source files with javac [debug optimize deprecation release 21] to target/test-classes
[INFO] 
[INFO] --- surefire:3.1.2:test (default-test) @ insight-config ---
[INFO] Using auto detected provider org.apache.maven.surefire.junitplatform.JUnitPlatformProvider
[INFO] 
[INFO] -------------------------------------------------------
[INFO]  T E S T S
[INFO] -------------------------------------------------------
Picked up JAVA_TOOL_OPTIONS: -Dmaven.ext.class.path="/home/jenkins/agent/workspace/rd_insight-server_PR-57@tmp/withMavena5c45bdd/pipeline-maven-spy.jar" -Dorg.jenkinsci.plugins.pipeline.maven.reportsFolder="/home/jenkins/agent/workspace/rd_insight-server_PR-57@tmp/withMavena5c45bdd" 
[INFO] Running com.flatirons.insight.conf.DatabaseConfigurationTest
OpenJDK 64-Bit Server VM warning: Sharing is only supported for boot loader classes because bootstrap classpath has been appended
[INFO] Tests run: 3, Failures: 0, Errors: 0, Skipped: 0, Time elapsed: 2.089 s -- in com.flatirons.insight.conf.DatabaseConfigurationTest
[INFO] Running com.flatirons.insight.conf.DynamicRmqConfigListenerMockTest
[INFO] Tests run: 2, Failures: 0, Errors: 0, Skipped: 0, Time elapsed: 0.911 s -- in com.flatirons.insight.conf.DynamicRmqConfigListenerMockTest
[INFO] Running com.flatirons.insight.conf.DynamicRmqConfigMockTest
[INFO] Tests run: 5, Failures: 0, Errors: 0, Skipped: 0, Time elapsed: 1.379 s -- in com.flatirons.insight.conf.DynamicRmqConfigMockTest
[INFO] Running com.flatirons.insight.conf.LegacyInitiatorAssignmentParseHandlerTest
[INFO] Tests run: 2, Failures: 0, Errors: 0, Skipped: 0, Time elapsed: 0.377 s -- in com.flatirons.insight.conf.LegacyInitiatorAssignmentParseHandlerTest
[INFO] Running com.flatirons.insight.conf.security.JwtAuthenticationFilterTest
[INFO] Tests run: 6, Failures: 0, Errors: 0, Skipped: 0, Time elapsed: 0.590 s -- in com.flatirons.insight.conf.security.JwtAuthenticationFilterTest
[INFO] Running com.flatirons.insight.conf.security.SecurityConfigTest
[INFO] Tests run: 4, Failures: 0, Errors: 0, Skipped: 0, Time elapsed: 0.443 s -- in com.flatirons.insight.conf.security.SecurityConfigTest
[INFO] Running com.flatirons.insight.properties.AcmPropertiesTest
[INFO] Tests run: 3, Failures: 0, Errors: 0, Skipped: 0, Time elapsed: 0.369 s -- in com.flatirons.insight.properties.AcmPropertiesTest
[INFO] Running com.flatirons.insight.properties.ColumnConfigTest
[INFO] Tests run: 2, Failures: 0, Errors: 0, Skipped: 0, Time elapsed: 0.003 s -- in com.flatirons.insight.properties.ColumnConfigTest
[INFO] Running com.flatirons.insight.properties.CookiePropertiesTest
[INFO] Tests run: 1, Failures: 0, Errors: 0, Skipped: 0, Time elapsed: 0.003 s -- in com.flatirons.insight.properties.CookiePropertiesTest
[INFO] Running com.flatirons.insight.properties.ExportConfigTest
[INFO] Tests run: 3, Failures: 0, Errors: 0, Skipped: 0, Time elapsed: 0.010 s -- in com.flatirons.insight.properties.ExportConfigTest
[INFO] Running com.flatirons.insight.properties.RmqPropertiesMockTest
[INFO] Tests run: 5, Failures: 0, Errors: 0, Skipped: 0, Time elapsed: 0.004 s -- in com.flatirons.insight.properties.RmqPropertiesMockTest
[INFO] Running com.flatirons.insight.properties.SecurityPropertiesMockTest
[INFO] Tests run: 1, Failures: 0, Errors: 0, Skipped: 0, Time elapsed: 0.001 s -- in com.flatirons.insight.properties.SecurityPropertiesMockTest
[INFO] Running com.flatirons.insight.properties.TableConfigTest
[INFO] Tests run: 2, Failures: 0, Errors: 0, Skipped: 0, Time elapsed: 0.001 s -- in com.flatirons.insight.properties.TableConfigTest
[INFO] 
[INFO] Results:
[INFO] 
[INFO] Tests run: 39, Failures: 0, Errors: 0, Skipped: 0
[INFO] 
[INFO] 
[INFO] --- jar:3.3.0:jar (default-jar) @ insight-config ---
[INFO] Building jar: /home/jenkins/agent/workspace/rd_insight-server_PR-57/insight-config/target/insight-config-999.999-kwesley-workflow-scenario-port-target-SNAPSHOT.jar
[INFO] 
[INFO] --- jacoco:0.8.12:report-aggregate (report-aggregate) @ insight-config ---
[INFO] Loading execution data file /home/jenkins/agent/workspace/rd_insight-server_PR-57/insight-config/target/jacoco.exec
[INFO] Loading execution data file /home/jenkins/agent/workspace/rd_insight-server_PR-57/insight-api/target/jacoco.exec
[INFO] Analyzed bundle 'insight-api' with 50 classes
[INFO] 
[INFO] ----------------< com.flatirons.insight:insight-model >-----------------
[INFO] Building Insight - Model 999.999-kwesley-workflow-scenario-port-target-SNAPSHOT [4/8]
[INFO]   from insight-model/pom.xml
[INFO] --------------------------------[ jar ]---------------------------------
[INFO] 
[INFO] --- jacoco:0.8.12:prepare-agent (prepare-agent) @ insight-model ---
[INFO] argLine set to -javaagent:/home/jenkins/agent/workspace/rd_insight-server_PR-57/org/jacoco/org.jacoco.agent/0.8.12/org.jacoco.agent-0.8.12-runtime.jar=destfile=/home/jenkins/agent/workspace/rd_insight-server_PR-57/insight-model/target/jacoco.exec
[INFO] 
[INFO] --- git-versioning-extension:5.2.0:git-versioning (git-versioning) @ insight-model ---
[INFO] Generating git versioned POM
[INFO] 
[INFO] --- jacoco:0.8.12:prepare-agent (prepare-agent) @ insight-model ---
[INFO] argLine set to -javaagent:/home/jenkins/agent/workspace/rd_insight-server_PR-57/org/jacoco/org.jacoco.agent/0.8.12/org.jacoco.agent-0.8.12-runtime.jar=destfile=/home/jenkins/agent/workspace/rd_insight-server_PR-57/insight-model/target/jacoco.exec
[INFO] 
[INFO] --- git-versioning-extension:5.2.0:git-versioning (git-versioning) @ insight-model ---
[INFO] Generating git versioned POM
[INFO] 
[INFO] --- resources:3.3.0:resources (default-resources) @ insight-model ---
[INFO] skip non existing resourceDirectory /home/jenkins/agent/workspace/rd_insight-server_PR-57/insight-model/src/main/resources
[INFO] 
[INFO] --- compiler:3.11.0:compile (default-compile) @ insight-model ---
[WARNING]  Parameter 'optimize' (user property 'maven.compiler.optimize') is deprecated: This property is a no-op in javac.
[INFO] Changes detected - recompiling the module! :dependency
[INFO] Compiling 99 source files with javac [debug optimize deprecation release 21] to target/classes
[INFO] 
[INFO] --- resources:3.3.0:testResources (default-testResources) @ insight-model ---
[INFO] skip non existing resourceDirectory /home/jenkins/agent/workspace/rd_insight-server_PR-57/insight-model/src/test/resources
[INFO] 
[INFO] --- compiler:3.11.0:testCompile (default-testCompile) @ insight-model ---
[WARNING]  Parameter 'optimize' (user property 'maven.compiler.optimize') is deprecated: This property is a no-op in javac.
[INFO] Changes detected - recompiling the module! :dependency
[INFO] Compiling 2 source files with javac [debug optimize deprecation release 21] to target/test-classes
[INFO] 
[INFO] --- surefire:3.1.2:test (default-test) @ insight-model ---
[INFO] Using auto detected provider org.apache.maven.surefire.junitplatform.JUnitPlatformProvider
[INFO] 
[INFO] -------------------------------------------------------
[INFO]  T E S T S
[INFO] -------------------------------------------------------
Picked up JAVA_TOOL_OPTIONS: -Dmaven.ext.class.path="/home/jenkins/agent/workspace/rd_insight-server_PR-57@tmp/withMavena5c45bdd/pipeline-maven-spy.jar" -Dorg.jenkinsci.plugins.pipeline.maven.reportsFolder="/home/jenkins/agent/workspace/rd_insight-server_PR-57@tmp/withMavena5c45bdd" 
[INFO] Running com.flatirons.insight.model.GroupPrivilegeDtoTest
[INFO] Tests run: 18, Failures: 0, Errors: 0, Skipped: 0, Time elapsed: 0.090 s -- in com.flatirons.insight.model.GroupPrivilegeDtoTest
[INFO] Running com.flatirons.insight.model.component.SimpleContentTypeMapperTest
OpenJDK 64-Bit Server VM warning: Sharing is only supported for boot loader classes because bootstrap classpath has been appended
[INFO] Tests run: 13, Failures: 0, Errors: 0, Skipped: 0, Time elapsed: 1.473 s -- in com.flatirons.insight.model.component.SimpleContentTypeMapperTest
[INFO] 
[INFO] Results:
[INFO] 
[INFO] Tests run: 31, Failures: 0, Errors: 0, Skipped: 0
[INFO] 
[INFO] 
[INFO] --- jar:3.3.0:jar (default-jar) @ insight-model ---
[INFO] Building jar: /home/jenkins/agent/workspace/rd_insight-server_PR-57/insight-model/target/insight-model-999.999-kwesley-workflow-scenario-port-target-SNAPSHOT.jar
[INFO] 
[INFO] --- jacoco:0.8.12:report-aggregate (report-aggregate) @ insight-model ---
[INFO] Loading execution data file /home/jenkins/agent/workspace/rd_insight-server_PR-57/insight-model/target/jacoco.exec
[INFO] Loading execution data file /home/jenkins/agent/workspace/rd_insight-server_PR-57/insight-api/target/jacoco.exec
[INFO] Analyzed bundle 'insight-api' with 50 classes
[INFO] 
[INFO] -----------------< com.flatirons.insight:insight-dao >------------------
[INFO] Building Insight - Entity and Repository 999.999-kwesley-workflow-scenario-port-target-SNAPSHOT [5/8]
[INFO]   from insight-dao/pom.xml
[INFO] --------------------------------[ jar ]---------------------------------
[INFO] 
[INFO] --- jacoco:0.8.12:prepare-agent (prepare-agent) @ insight-dao ---
[INFO] argLine set to -javaagent:/home/jenkins/agent/workspace/rd_insight-server_PR-57/org/jacoco/org.jacoco.agent/0.8.12/org.jacoco.agent-0.8.12-runtime.jar=destfile=/home/jenkins/agent/workspace/rd_insight-server_PR-57/insight-dao/target/jacoco.exec
[INFO] 
[INFO] --- git-versioning-extension:5.2.0:git-versioning (git-versioning) @ insight-dao ---
[INFO] Generating git versioned POM
[INFO] 
[INFO] --- jacoco:0.8.12:prepare-agent (prepare-agent) @ insight-dao ---
[INFO] argLine set to -javaagent:/home/jenkins/agent/workspace/rd_insight-server_PR-57/org/jacoco/org.jacoco.agent/0.8.12/org.jacoco.agent-0.8.12-runtime.jar=destfile=/home/jenkins/agent/workspace/rd_insight-server_PR-57/insight-dao/target/jacoco.exec
[INFO] 
[INFO] --- git-versioning-extension:5.2.0:git-versioning (git-versioning) @ insight-dao ---
[INFO] Generating git versioned POM
[INFO] 
[INFO] --- resources:3.3.0:resources (default-resources) @ insight-dao ---
[INFO] Copying 22 resources
[INFO] 
[INFO] --- compiler:3.11.0:compile (default-compile) @ insight-dao ---
[WARNING]  Parameter 'optimize' (user property 'maven.compiler.optimize') is deprecated: This property is a no-op in javac.
[INFO] Changes detected - recompiling the module! :dependency
[INFO] Compiling 67 source files with javac [debug optimize deprecation release 21] to target/classes
[INFO] Hibernate compile-time tooling 6.6.40.Final
[WARNING] Implicitly compiled files were not subject to annotation processing.
  Use -implicit to specify a policy for implicit compilation.
[INFO] /home/jenkins/agent/workspace/rd_insight-server_PR-57/insight-dao/src/main/java/com/flatirons/insight/repository/ReferenceDataLookupRepositoryImpl.java: /home/jenkins/agent/workspace/rd_insight-server_PR-57/insight-dao/src/main/java/com/flatirons/insight/repository/ReferenceDataLookupRepositoryImpl.java uses unchecked or unsafe operations.
[INFO] /home/jenkins/agent/workspace/rd_insight-server_PR-57/insight-dao/src/main/java/com/flatirons/insight/repository/ReferenceDataLookupRepositoryImpl.java: Recompile with -Xlint:unchecked for details.
[INFO] 
[INFO] --- resources:3.3.0:testResources (default-testResources) @ insight-dao ---
[INFO] skip non existing resourceDirectory /home/jenkins/agent/workspace/rd_insight-server_PR-57/insight-dao/src/test/resources
[INFO] 
[INFO] --- compiler:3.11.0:testCompile (default-testCompile) @ insight-dao ---
[WARNING]  Parameter 'optimize' (user property 'maven.compiler.optimize') is deprecated: This property is a no-op in javac.
[INFO] Changes detected - recompiling the module! :dependency
[INFO] Compiling 2 source files with javac [debug optimize deprecation release 21] to target/test-classes
[INFO] Hibernate compile-time tooling 6.6.40.Final
[INFO] 
[INFO] --- surefire:3.1.2:test (default-test) @ insight-dao ---
[INFO] Using auto detected provider org.apache.maven.surefire.junitplatform.JUnitPlatformProvider
[INFO] 
[INFO] -------------------------------------------------------
[INFO]  T E S T S
[INFO] -------------------------------------------------------
Picked up JAVA_TOOL_OPTIONS: -Dmaven.ext.class.path="/home/jenkins/agent/workspace/rd_insight-server_PR-57@tmp/withMavena5c45bdd/pipeline-maven-spy.jar" -Dorg.jenkinsci.plugins.pipeline.maven.reportsFolder="/home/jenkins/agent/workspace/rd_insight-server_PR-57@tmp/withMavena5c45bdd" 
[INFO] Running com.flatirons.insight.TaskInfoQueryWrapperTest
OpenJDK 64-Bit Server VM warning: Sharing is only supported for boot loader classes because bootstrap classpath has been appended
[INFO] Tests run: 9, Failures: 0, Errors: 0, Skipped: 0, Time elapsed: 2.207 s -- in com.flatirons.insight.TaskInfoQueryWrapperTest
[INFO] Running com.flatirons.insight.repository.ProcessSearchRepositoryTest
[INFO] Tests run: 6, Failures: 0, Errors: 0, Skipped: 0, Time elapsed: 0.292 s -- in com.flatirons.insight.repository.ProcessSearchRepositoryTest
[INFO] 
[INFO] Results:
[INFO] 
[INFO] Tests run: 15, Failures: 0, Errors: 0, Skipped: 0
[INFO] 
[INFO] 
[INFO] --- jar:3.3.0:jar (default-jar) @ insight-dao ---
[INFO] Building jar: /home/jenkins/agent/workspace/rd_insight-server_PR-57/insight-dao/target/insight-dao-999.999-kwesley-workflow-scenario-port-target-SNAPSHOT.jar
[INFO] 
[INFO] --- jacoco:0.8.12:report-aggregate (report-aggregate) @ insight-dao ---
[INFO] Loading execution data file /home/jenkins/agent/workspace/rd_insight-server_PR-57/insight-dao/target/jacoco.exec
[INFO] Loading execution data file /home/jenkins/agent/workspace/rd_insight-server_PR-57/insight-api/target/jacoco.exec
[INFO] Loading execution data file /home/jenkins/agent/workspace/rd_insight-server_PR-57/insight-model/target/jacoco.exec
[INFO] Analyzed bundle 'insight-api' with 50 classes
[INFO] Analyzed bundle 'insight-model' with 99 classes
[INFO] 
[INFO] ---------------< com.flatirons.insight:insight-service >----------------
[INFO] Building Insight - Service 999.999-kwesley-workflow-scenario-port-target-SNAPSHOT [6/8]
[INFO]   from insight-service/pom.xml
[INFO] --------------------------------[ jar ]---------------------------------
[INFO] 
[INFO] --- antrun:3.1.0:run (clear-customer-parity-results) @ insight-service ---
[INFO] Executing tasks
[INFO]    [delete] Deleting: /home/jenkins/agent/workspace/rd_insight-server_PR-57/insight-service/target/customer-parity-summary.txt
[INFO] Executed tasks
[INFO] 
[INFO] --- jacoco:0.8.12:prepare-agent (prepare-agent) @ insight-service ---
[INFO] argLine set to -javaagent:/home/jenkins/agent/workspace/rd_insight-server_PR-57/org/jacoco/org.jacoco.agent/0.8.12/org.jacoco.agent-0.8.12-runtime.jar=destfile=/home/jenkins/agent/workspace/rd_insight-server_PR-57/insight-service/target/jacoco.exec
[INFO] 
[INFO] --- git-versioning-extension:5.2.0:git-versioning (git-versioning) @ insight-service ---
[INFO] Generating git versioned POM
[INFO] 
[INFO] --- antrun:3.1.0:run (clear-customer-parity-results) @ insight-service ---
[INFO] Executing tasks
[INFO] Executed tasks
[INFO] 
[INFO] --- jacoco:0.8.12:prepare-agent (prepare-agent) @ insight-service ---
[INFO] argLine set to -javaagent:/home/jenkins/agent/workspace/rd_insight-server_PR-57/org/jacoco/org.jacoco.agent/0.8.12/org.jacoco.agent-0.8.12-runtime.jar=destfile=/home/jenkins/agent/workspace/rd_insight-server_PR-57/insight-service/target/jacoco.exec
[INFO] 
[INFO] --- git-versioning-extension:5.2.0:git-versioning (git-versioning) @ insight-service ---
[INFO] Generating git versioned POM
[INFO] 
[INFO] --- build-helper:3.2.0:add-source (add-generated) @ insight-service ---
[INFO] Source directory: /home/jenkins/agent/workspace/rd_insight-server_PR-57/insight-service/target/generated-sources/annotations added.
[INFO] 
[INFO] --- resources:3.3.0:resources (default-resources) @ insight-service ---
[INFO] Copying 3 resources
[INFO] 
[INFO] --- compiler:3.11.0:compile (default-compile) @ insight-service ---
[WARNING]  Parameter 'optimize' (user property 'maven.compiler.optimize') is deprecated: This property is a no-op in javac.
[INFO] Changes detected - recompiling the module! :dependency
[INFO] Compiling 110 source files with javac [debug optimize deprecation release 21] to target/classes
[WARNING] /home/jenkins/agent/workspace/rd_insight-server_PR-57/insight-service/src/main/java/com/flatirons/insight/service/mapper/ReferenceDataLookupDefinitionMapper.java:[29,54] Unmapped target properties: "createdBy, updatedBy".
[WARNING] /home/jenkins/agent/workspace/rd_insight-server_PR-57/insight-service/src/main/java/com/flatirons/insight/service/mapper/TaskMapper.java:[34,18] Unmapped target properties: "endDate, processInstanceName, processDefinitionName, processDefinitionDescription, processDefinitionKey, processDefinitionCategory, processDefinitionVersion, processDefinitionDeploymentId".
[WARNING] /home/jenkins/agent/workspace/rd_insight-server_PR-57/insight-service/src/main/java/com/flatirons/insight/service/mapper/ProcessDefinitionModelMapper.java:[49,34] Unmapped target property: "tenantId".
[WARNING] /home/jenkins/agent/workspace/rd_insight-server_PR-57/insight-service/src/main/java/com/flatirons/insight/service/mapper/ProcessDefinitionModelMapper.java:[64,10] Unmapped target property: "tenantId".
[WARNING] /home/jenkins/agent/workspace/rd_insight-server_PR-57/insight-service/src/main/java/com/flatirons/insight/service/mapper/UserMapper.java:[22,16] Unmapped target property: "groups".
[WARNING] /home/jenkins/agent/workspace/rd_insight-server_PR-57/insight-service/src/main/java/com/flatirons/insight/service/mapper/UserMapper.java:[36,13] Unmapped target properties: "company, deactivationOrigin, externalOriginalSrc, lastSyncTimestamp, lastSyncTimestampEpoch".
[WARNING] /home/jenkins/agent/workspace/rd_insight-server_PR-57/insight-service/src/main/java/com/flatirons/insight/service/mapper/UserPreferencesMapper.java:[25,27] Unmapped target properties: "createdDate, updatedDate".
[WARNING] /home/jenkins/agent/workspace/rd_insight-server_PR-57/insight-service/src/main/java/com/flatirons/insight/service/mapper/UserPreferencesMapper.java:[29,17] Unmapped target property: "id".
[WARNING] /home/jenkins/agent/workspace/rd_insight-server_PR-57/insight-service/src/main/java/com/flatirons/insight/service/mapper/RelatedContentMapper.java:[29,10] Unmapped target properties: "storeId, updatedBy, status, createdDate, updatedDate".
[WARNING] /home/jenkins/agent/workspace/rd_insight-server_PR-57/insight-service/src/main/java/com/flatirons/insight/service/mapper/RelatedContentMapper.java:[35,10] Unmapped target properties: "createdDate, updatedDate, id, created, createdBy, taskId, processId, contentSource, storeId, mimeType, fieldId, updated, updatedBy, contentSize, status".
[WARNING] /home/jenkins/agent/workspace/rd_insight-server_PR-57/insight-service/src/main/java/com/flatirons/insight/service/mapper/GroupMapper.java:[19,17] Unmapped target properties: "parentGroupId, parent, children, relatedGroups, status, externalId, lastSyncDate, lastSyncTimeStampEpoch".
[WARNING] /home/jenkins/agent/workspace/rd_insight-server_PR-57/insight-service/src/main/java/com/flatirons/insight/service/variable/rest/DateRestVariableConverter.java:[17,15] com.fasterxml.jackson.databind.util.ISO8601DateFormat in com.fasterxml.jackson.databind.util has been deprecated
[WARNING] /home/jenkins/agent/workspace/rd_insight-server_PR-57/insight-service/src/main/java/com/flatirons/insight/service/variable/rest/DateRestVariableConverter.java:[17,15] com.fasterxml.jackson.databind.util.ISO8601DateFormat in com.fasterxml.jackson.databind.util has been deprecated
[WARNING] /home/jenkins/agent/workspace/rd_insight-server_PR-57/insight-service/src/main/java/com/flatirons/insight/service/variable/rest/DateRestVariableConverter.java:[17,15] com.fasterxml.jackson.databind.util.ISO8601DateFormat in com.fasterxml.jackson.databind.util has been deprecated
[WARNING] /home/jenkins/agent/workspace/rd_insight-server_PR-57/insight-service/src/main/java/com/flatirons/insight/service/variable/rest/DateRestVariableConverter.java:[17,15] com.fasterxml.jackson.databind.util.ISO8601DateFormat in com.fasterxml.jackson.databind.util has been deprecated
[WARNING] /home/jenkins/agent/workspace/rd_insight-server_PR-57/insight-service/src/main/java/com/flatirons/insight/service/variable/rest/DateRestVariableConverter.java:[17,52] com.fasterxml.jackson.databind.util.ISO8601DateFormat in com.fasterxml.jackson.databind.util has been deprecated
[WARNING] Implicitly compiled files were not subject to annotation processing.
  Use -implicit to specify a policy for implicit compilation.
[INFO] 
[INFO] --- resources:3.3.0:copy-resources (copy-test-resources) @ insight-service ---
[INFO] skip non existing resourceDirectory /home/jenkins/agent/workspace/rd_insight-server_PR-57/insight-service/../etc-package/src/test/resources
[INFO] 
[INFO] --- resources:3.3.0:testResources (default-testResources) @ insight-service ---
[INFO] Copying 22 resources
[INFO] 
[INFO] --- compiler:3.11.0:testCompile (default-testCompile) @ insight-service ---
[WARNING]  Parameter 'optimize' (user property 'maven.compiler.optimize') is deprecated: This property is a no-op in javac.
[INFO] Changes detected - recompiling the module! :dependency
[INFO] Compiling 56 source files with javac [debug optimize deprecation release 21] to target/test-classes
[WARNING] The following options were not recognized by any processor: '[mapstruct.defaultComponentModel]'
[WARNING] /home/jenkins/agent/workspace/rd_insight-server_PR-57/insight-service/src/test/java/com/flatirons/insight/service/editor/AppArchiveServiceTest.java:[93,27] TransactionInterceptor(org.springframework.transaction.PlatformTransactionManager,org.springframework.transaction.interceptor.TransactionAttributeSource) in org.springframework.transaction.interceptor.TransactionInterceptor has been deprecated
[INFO] /home/jenkins/agent/workspace/rd_insight-server_PR-57/insight-service/src/test/java/com/flatirons/insight/service/runtime/GroupServiceImplTest.java: Some input files use unchecked or unsafe operations.
[INFO] /home/jenkins/agent/workspace/rd_insight-server_PR-57/insight-service/src/test/java/com/flatirons/insight/service/runtime/GroupServiceImplTest.java: Recompile with -Xlint:unchecked for details.
[INFO] 
[INFO] --- surefire:3.1.2:test (default-test) @ insight-service ---
[INFO] Using auto detected provider org.apache.maven.surefire.junitplatform.JUnitPlatformProvider
[INFO] 
[INFO] -------------------------------------------------------
[INFO]  T E S T S
[INFO] -------------------------------------------------------
Picked up JAVA_TOOL_OPTIONS: -Dmaven.ext.class.path="/home/jenkins/agent/workspace/rd_insight-server_PR-57@tmp/withMavena5c45bdd/pipeline-maven-spy.jar" -Dorg.jenkinsci.plugins.pipeline.maven.reportsFolder="/home/jenkins/agent/workspace/rd_insight-server_PR-57@tmp/withMavena5c45bdd" 
[INFO] Running com.flatirons.insight.scenario.CustomerArchiveCompatibilityPreflightTest
[INFO] Tests run: 14, Failures: 0, Errors: 0, Skipped: 0, Time elapsed: 0.643 s -- in com.flatirons.insight.scenario.CustomerArchiveCompatibilityPreflightTest
[INFO] Running com.flatirons.insight.scenario.CustomerBpmnDeploymentScenarioTest
[INFO] Tests run: 4, Failures: 0, Errors: 0, Skipped: 0, Time elapsed: 5.850 s -- in com.flatirons.insight.scenario.CustomerBpmnDeploymentScenarioTest
[INFO] Running com.flatirons.insight.scenario.CustomerParityGateTest
[INFO] Tests run: 6, Failures: 0, Errors: 0, Skipped: 0, Time elapsed: 0.100 s -- in com.flatirons.insight.scenario.CustomerParityGateTest
[INFO] Running com.flatirons.insight.scenario.FormAppEngineScenarioTest
OpenJDK 64-Bit Server VM warning: Sharing is only supported for boot loader classes because bootstrap classpath has been appended
[INFO] Tests run: 9, Failures: 0, Errors: 0, Skipped: 0, Time elapsed: 8.424 s -- in com.flatirons.insight.scenario.FormAppEngineScenarioTest
[INFO] Running com.flatirons.insight.scenario.FormAppFormSubmissionScenarioTest
[INFO] Tests run: 17, Failures: 0, Errors: 0, Skipped: 0, Time elapsed: 8.101 s -- in com.flatirons.insight.scenario.FormAppFormSubmissionScenarioTest
[INFO] Running com.flatirons.insight.scenario.FormAppTaskActionScenarioTest
[INFO] Tests run: 12, Failures: 0, Errors: 0, Skipped: 0, Time elapsed: 5.734 s -- in com.flatirons.insight.scenario.FormAppTaskActionScenarioTest
[INFO] Running com.flatirons.insight.scenario.InclusiveGatewayScenarioTest
[INFO] Tests run: 1, Failures: 0, Errors: 0, Skipped: 0, Time elapsed: 0.297 s -- in com.flatirons.insight.scenario.InclusiveGatewayScenarioTest
[INFO] Running com.flatirons.insight.scenario.SmokeScenarioTest
[INFO] Tests run: 1, Failures: 0, Errors: 0, Skipped: 0, Time elapsed: 0.284 s -- in com.flatirons.insight.scenario.SmokeScenarioTest
[INFO] Running com.flatirons.insight.service.editor.AppArchiveServiceTest
[INFO] Tests run: 22, Failures: 0, Errors: 0, Skipped: 0, Time elapsed: 13.77 s -- in com.flatirons.insight.service.editor.AppArchiveServiceTest
[INFO] Running com.flatirons.insight.service.editor.FormAppArchiveServiceTest
[INFO] Tests run: 12, Failures: 0, Errors: 0, Skipped: 0, Time elapsed: 0.195 s -- in com.flatirons.insight.service.editor.FormAppArchiveServiceTest
[INFO] Running com.flatirons.insight.service.reporting.eventhandler.InsightCustomEventHandlerTest
[INFO] Tests run: 8, Failures: 0, Errors: 0, Skipped: 0, Time elapsed: 0.470 s -- in com.flatirons.insight.service.reporting.eventhandler.InsightCustomEventHandlerTest
[INFO] Running com.flatirons.insight.service.reporting.eventhandler.ProcessEventHandlerTest
[INFO] Tests run: 11, Failures: 0, Errors: 0, Skipped: 0, Time elapsed: 4.741 s -- in com.flatirons.insight.service.reporting.eventhandler.ProcessEventHandlerTest
[INFO] Running com.flatirons.insight.service.reporting.eventhandler.TaskEventHandlerTest
[INFO] Tests run: 8, Failures: 0, Errors: 0, Skipped: 0, Time elapsed: 0.132 s -- in com.flatirons.insight.service.reporting.eventhandler.TaskEventHandlerTest
[INFO] Running com.flatirons.insight.service.reporting.eventhandler.VariableEventHandlerTest
[INFO] Tests run: 3, Failures: 0, Errors: 0, Skipped: 0, Time elapsed: 0.096 s -- in com.flatirons.insight.service.reporting.eventhandler.VariableEventHandlerTest
[INFO] Running com.flatirons.insight.service.rmq.RmqEventListenerImplTest
[INFO] Tests run: 8, Failures: 0, Errors: 0, Skipped: 0, Time elapsed: 0.435 s -- in com.flatirons.insight.service.rmq.RmqEventListenerImplTest
[INFO] Running com.flatirons.insight.service.rmq.RmqHealthCheckServiceImplTest
[INFO] Tests run: 6, Failures: 0, Errors: 0, Skipped: 0, Time elapsed: 0.656 s -- in com.flatirons.insight.service.rmq.RmqHealthCheckServiceImplTest
[INFO] Running com.flatirons.insight.service.rmq.RmqServiceImplTest
[INFO] Tests run: 11, Failures: 0, Errors: 0, Skipped: 0, Time elapsed: 0.301 s -- in com.flatirons.insight.service.rmq.RmqServiceImplTest
[INFO] Running com.flatirons.insight.service.runtime.AESServiceImplTest
[INFO] Tests run: 2, Failures: 0, Errors: 0, Skipped: 0, Time elapsed: 0.004 s -- in com.flatirons.insight.service.runtime.AESServiceImplTest
[INFO] Running com.flatirons.insight.service.runtime.AppServiceImplTest
[INFO] Tests run: 14, Failures: 0, Errors: 0, Skipped: 0, Time elapsed: 0.217 s -- in com.flatirons.insight.service.runtime.AppServiceImplTest
[INFO] Running com.flatirons.insight.service.runtime.ArchiveFormDefinitionTest
[INFO] Tests run: 19, Failures: 0, Errors: 0, Skipped: 0, Time elapsed: 0.028 s -- in com.flatirons.insight.service.runtime.ArchiveFormDefinitionTest
[INFO] Running com.flatirons.insight.service.runtime.AuthServiceImplTest
[INFO] Tests run: 8, Failures: 0, Errors: 0, Skipped: 0, Time elapsed: 0.450 s -- in com.flatirons.insight.service.runtime.AuthServiceImplTest
[INFO] Running com.flatirons.insight.service.runtime.CommentServiceImplTest
[INFO] Tests run: 34, Failures: 0, Errors: 0, Skipped: 0, Time elapsed: 0.704 s -- in com.flatirons.insight.service.runtime.CommentServiceImplTest
[INFO] Running com.flatirons.insight.service.runtime.ContentStorageServiceImplTest
[INFO] Tests run: 9, Failures: 0, Errors: 0, Skipped: 0, Time elapsed: 0.650 s -- in com.flatirons.insight.service.runtime.ContentStorageServiceImplTest
[INFO] Running com.flatirons.insight.service.runtime.FormFieldOptionServiceImplTest
[INFO] Tests run: 30, Failures: 0, Errors: 0, Skipped: 0, Time elapsed: 0.474 s -- in com.flatirons.insight.service.runtime.FormFieldOptionServiceImplTest
[INFO] Running com.flatirons.insight.service.runtime.FormOptionSetServiceImplTest
[INFO] Tests run: 16, Failures: 0, Errors: 0, Skipped: 0, Time elapsed: 0.288 s -- in com.flatirons.insight.service.runtime.FormOptionSetServiceImplTest
[INFO] Running com.flatirons.insight.service.runtime.GroupServiceImplTest
[INFO] Tests run: 57, Failures: 0, Errors: 0, Skipped: 0, Time elapsed: 1.478 s -- in com.flatirons.insight.service.runtime.GroupServiceImplTest
[INFO] Running com.flatirons.insight.service.runtime.IT.ProcessInstanceQueryServiceImplTest
[INFO] Tests run: 46, Failures: 0, Errors: 0, Skipped: 0, Time elapsed: 2.643 s -- in com.flatirons.insight.service.runtime.IT.ProcessInstanceQueryServiceImplTest
[INFO] Running com.flatirons.insight.service.runtime.PrivilegeServiceImplTest
[INFO] Tests run: 31, Failures: 0, Errors: 0, Skipped: 0, Time elapsed: 0.499 s -- in com.flatirons.insight.service.runtime.PrivilegeServiceImplTest
[INFO] Running com.flatirons.insight.service.runtime.ProcessInstanceServiceImplTest
[INFO] Tests run: 14, Failures: 0, Errors: 0, Skipped: 0, Time elapsed: 1.191 s -- in com.flatirons.insight.service.runtime.ProcessInstanceServiceImplTest
[INFO] Running com.flatirons.insight.service.runtime.RelatedContentServiceImplTest
[INFO] Tests run: 48, Failures: 0, Errors: 0, Skipped: 0, Time elapsed: 0.461 s -- in com.flatirons.insight.service.runtime.RelatedContentServiceImplTest
[INFO] Running com.flatirons.insight.service.runtime.TaskActionServiceImplTest
[INFO] Tests run: 17, Failures: 0, Errors: 0, Skipped: 0, Time elapsed: 0.751 s -- in com.flatirons.insight.service.runtime.TaskActionServiceImplTest
[INFO] Running com.flatirons.insight.service.runtime.TaskQueryServiceImplTest
[INFO] Tests run: 16, Failures: 0, Errors: 0, Skipped: 0, Time elapsed: 0.462 s -- in com.flatirons.insight.service.runtime.TaskQueryServiceImplTest
[INFO] Running com.flatirons.insight.service.runtime.UserCacheImplTest
[INFO] Tests run: 20, Failures: 0, Errors: 0, Skipped: 0, Time elapsed: 0.110 s -- in com.flatirons.insight.service.runtime.UserCacheImplTest
[INFO] Running com.flatirons.insight.service.runtime.UserInitializerServiceImplTest
[INFO] Tests run: 12, Failures: 0, Errors: 0, Skipped: 0, Time elapsed: 0.113 s -- in com.flatirons.insight.service.runtime.UserInitializerServiceImplTest
[INFO] Running com.flatirons.insight.service.runtime.UserPreferencesServiceImplTest
[INFO] Tests run: 19, Failures: 0, Errors: 0, Skipped: 0, Time elapsed: 0.189 s -- in com.flatirons.insight.service.runtime.UserPreferencesServiceImplTest
[INFO] Running com.flatirons.insight.service.runtime.UserServiceImplTest
[INFO] Tests run: 60, Failures: 0, Errors: 0, Skipped: 0, Time elapsed: 0.711 s -- in com.flatirons.insight.service.runtime.UserServiceImplTest
[INFO] Running com.flatirons.insight.service.runtime.UserSyncCacheServiceImplTest
[INFO] Tests run: 2, Failures: 0, Errors: 0, Skipped: 0, Time elapsed: 0.001 s -- in com.flatirons.insight.service.runtime.UserSyncCacheServiceImplTest
[INFO] Running com.flatirons.insight.service.runtime.UserSynchronizationServiceImplTest
[INFO] Tests run: 1, Failures: 0, Errors: 0, Skipped: 0, Time elapsed: 0.188 s -- in com.flatirons.insight.service.runtime.UserSynchronizationServiceImplTest
[INFO] Running com.flatirons.insight.service.runtime.WorkflowIdentifierConfigurationTest
[INFO] Tests run: 5, Failures: 0, Errors: 0, Skipped: 0, Time elapsed: 0.011 s -- in com.flatirons.insight.service.runtime.WorkflowIdentifierConfigurationTest
[INFO] Running com.flatirons.insight.service.runtime.WorkflowIdentifierCustomerStartTest
[INFO] Tests run: 3, Failures: 0, Errors: 0, Skipped: 0, Time elapsed: 1.745 s -- in com.flatirons.insight.service.runtime.WorkflowIdentifierCustomerStartTest
[INFO] Running com.flatirons.insight.service.runtime.WorkflowIdentifierPersistenceTest
[INFO] Tests run: 12, Failures: 0, Errors: 0, Skipped: 0, Time elapsed: 5.340 s -- in com.flatirons.insight.service.runtime.WorkflowIdentifierPersistenceTest
[INFO] Running com.flatirons.insight.service.runtime.acm.AcmInitializerServiceImplTest
[INFO] Tests run: 14, Failures: 0, Errors: 0, Skipped: 0, Time elapsed: 0.747 s -- in com.flatirons.insight.service.runtime.acm.AcmInitializerServiceImplTest
[INFO] Running com.flatirons.insight.service.runtime.acm.AcmLoginTalkTest
[INFO] Tests run: 30, Failures: 0, Errors: 0, Skipped: 0, Time elapsed: 0.505 s -- in com.flatirons.insight.service.runtime.acm.AcmLoginTalkTest
[INFO] Running com.flatirons.insight.service.runtime.acm.LoadAcmConfigurationServiceImplTest
[INFO] Tests run: 13, Failures: 0, Errors: 0, Skipped: 0, Time elapsed: 0.128 s -- in com.flatirons.insight.service.runtime.acm.LoadAcmConfigurationServiceImplTest
[INFO] Running com.flatirons.insight.service.runtime.acm.RoleResourceServiceImplTest
[INFO] Tests run: 11, Failures: 0, Errors: 0, Skipped: 0, Time elapsed: 0.123 s -- in com.flatirons.insight.service.runtime.acm.RoleResourceServiceImplTest
[INFO] Running com.flatirons.insight.service.search.SearchEventListenerTest
[INFO] Tests run: 8, Failures: 0, Errors: 0, Skipped: 0, Time elapsed: 0.114 s -- in com.flatirons.insight.service.search.SearchEventListenerTest
[INFO] Running com.flatirons.insight.service.search.SearchRefreshServiceTest
[INFO] Tests run: 9, Failures: 0, Errors: 0, Skipped: 0, Time elapsed: 0.476 s -- in com.flatirons.insight.service.search.SearchRefreshServiceTest
[INFO] Running com.flatirons.insight.service.search.SearchTxSynchronizationTest
[INFO] Tests run: 3, Failures: 0, Errors: 0, Skipped: 0, Time elapsed: 0.008 s -- in com.flatirons.insight.service.search.SearchTxSynchronizationTest
[INFO] Running com.flatirons.insight.service.search.SearchWorkSetTest
[INFO] Tests run: 2, Failures: 0, Errors: 0, Skipped: 0, Time elapsed: 0.001 s -- in com.flatirons.insight.service.search.SearchWorkSetTest
[INFO] 
[INFO] Results:
[INFO] 
[INFO] Tests run: 738, Failures: 0, Errors: 0, Skipped: 0
[INFO] 
[INFO] 
[INFO] --- jar:3.3.0:jar (default-jar) @ insight-service ---
[INFO] Building jar: /home/jenkins/agent/workspace/rd_insight-server_PR-57/insight-service/target/insight-service-999.999-kwesley-workflow-scenario-port-target-SNAPSHOT.jar
[INFO] 
[INFO] --- antrun:3.1.0:run (customer-parity-gate) @ insight-service ---
[INFO] Executing tasks
[INFO]      [java] Picked up JAVA_TOOL_OPTIONS: -Dmaven.ext.class.path="/home/jenkins/agent/workspace/rd_insight-server_PR-57@tmp/withMavena5c45bdd/pipeline-maven-spy.jar" -Dorg.jenkinsci.plugins.pipeline.maven.reportsFolder="/home/jenkins/agent/workspace/rd_insight-server_PR-57@tmp/withMavena5c45bdd" 
[INFO]      [java] form-app / bpmn-deploy = DEPLOYED (observed=1) — BPMN parse and deploy only; no app publication claim
[INFO]      [java] form-app / authenticated-start = ASSERTED (observed=2) — JWT and legacy authenticated starter owns all ten tasks despite spoofing
[INFO]      [java] form-app / form-refusal = ASSERTED (observed=1) — Required field refused before writes; task/local-variable invariants also asserted
[INFO]      [java] form-app / task-refusal = ASSERTED (observed=4) — Named non-assignee refused on claim and complete under both principals
[INFO]      [java] form-app / first-wait = ASSERTED (observed=1) — Product start reaches ten assigned tasks
[INFO]      [java] form-app / customer-path = ASSERTED (observed=1) — All ten product form submissions join; historic arm fields checked
[INFO]      [java] form-app / full-journey = PENDING — Start forms attachments mail identity and general app publication are outside implemented boundary
[INFO]      [java] mdcr / bpmn-deploy = DEPLOYED (observed=1) — BPMN parse and deploy only; no app publication claim
[INFO]      [java] mdcr / authenticated-start = PENDING — insightRenameProcessListener blocks unchanged archive start; persisted identifier seam tests do not certify customer execution
[INFO]      [java] mdcr / form-refusal = PENDING — insightRenameProcessListener blocks unchanged archive start; persisted identifier seam tests do not certify customer execution
[INFO]      [java] mdcr / task-refusal = PENDING — insightRenameProcessListener blocks unchanged archive start; persisted identifier seam tests do not certify customer execution
[INFO]      [java] mdcr / first-wait = PENDING — insightRenameProcessListener blocks unchanged archive start; persisted identifier seam tests do not certify customer execution
[INFO]      [java] mdcr / customer-path = PENDING — insightRenameProcessListener blocks unchanged archive start; persisted identifier seam tests do not certify customer execution
[INFO]      [java] mdcr / full-journey = PENDING — insightRenameProcessListener blocks unchanged archive start; persisted identifier seam tests do not certify customer execution
[INFO]      [java] safran-analysis / bpmn-deploy = DEPLOYED (observed=1) — BPMN parse and deploy only; no app publication claim
[INFO]      [java] safran-analysis / authenticated-start = PENDING — setBusinessKeyListener blocks unchanged archive start; persisted identifier seam tests do not certify customer execution
[INFO]      [java] safran-analysis / form-refusal = PENDING — setBusinessKeyListener blocks unchanged archive start; persisted identifier seam tests do not certify customer execution
[INFO]      [java] safran-analysis / task-refusal = PENDING — setBusinessKeyListener blocks unchanged archive start; persisted identifier seam tests do not certify customer execution
[INFO]      [java] safran-analysis / first-wait = PENDING — setBusinessKeyListener blocks unchanged archive start; persisted identifier seam tests do not certify customer execution
[INFO]      [java] safran-analysis / customer-path = PENDING — setBusinessKeyListener blocks unchanged archive start; persisted identifier seam tests do not certify customer execution
[INFO]      [java] safran-analysis / full-journey = PENDING — setBusinessKeyListener blocks unchanged archive start; persisted identifier seam tests do not certify customer execution
[INFO]      [java] safran-feedback / bpmn-deploy = DEPLOYED (observed=1) — BPMN parse and deploy only; no app publication claim
[INFO]      [java] safran-feedback / authenticated-start = PENDING — insightRenameProcessListener blocks unchanged archive start; persisted identifier seam tests do not certify customer execution
[INFO]      [java] safran-feedback / form-refusal = PENDING — insightRenameProcessListener blocks unchanged archive start; persisted identifier seam tests do not certify customer execution
[INFO]      [java] safran-feedback / task-refusal = PENDING — insightRenameProcessListener blocks unchanged archive start; persisted identifier seam tests do not certify customer execution
[INFO]      [java] safran-feedback / first-wait = PENDING — insightRenameProcessListener blocks unchanged archive start; persisted identifier seam tests do not certify customer execution
[INFO]      [java] safran-feedback / customer-path = PENDING — insightRenameProcessListener blocks unchanged archive start; persisted identifier seam tests do not certify customer execution
[INFO]      [java] safran-feedback / full-journey = PENDING — insightRenameProcessListener blocks unchanged archive start; persisted identifier seam tests do not certify customer execution
[INFO]      [java] Customer parity: fixtures=4 deployed=4 asserted=5 pending-or-waived=19 observed-claim-invocations=13 (shared test invocations counted per dimension; not complete legacy parity)
[INFO]      [java] Surefire scenario invocations: tests=64 failures-or-errors=0 skipped=0
[INFO] Executed tasks
[INFO] 
[INFO] --- jacoco:0.8.12:report-aggregate (report-aggregate) @ insight-service ---
[INFO] Loading execution data file /home/jenkins/agent/workspace/rd_insight-server_PR-57/insight-service/target/jacoco.exec
[INFO] Loading execution data file /home/jenkins/agent/workspace/rd_insight-server_PR-57/insight-api/target/jacoco.exec
[INFO] Loading execution data file /home/jenkins/agent/workspace/rd_insight-server_PR-57/insight-config/target/jacoco.exec
[INFO] Loading execution data file /home/jenkins/agent/workspace/rd_insight-server_PR-57/insight-dao/target/jacoco.exec
[INFO] Loading execution data file /home/jenkins/agent/workspace/rd_insight-server_PR-57/insight-model/target/jacoco.exec
[INFO] Analyzed bundle 'insight-api' with 50 classes
[INFO] Analyzed bundle 'insight-config' with 27 classes
[INFO] Analyzed bundle 'insight-dao' with 74 classes
[INFO] Analyzed bundle 'insight-model' with 99 classes
[INFO] 
[INFO] -----------------< com.flatirons.insight:insight-rest >-----------------
[INFO] Building Insight - REST 999.999-kwesley-workflow-scenario-port-target-SNAPSHOT [7/8]
[INFO]   from insight-rest/pom.xml
[INFO] --------------------------------[ jar ]---------------------------------
[INFO] 
[INFO] --- jacoco:0.8.12:prepare-agent (prepare-agent) @ insight-rest ---
[INFO] argLine set to -javaagent:/home/jenkins/agent/workspace/rd_insight-server_PR-57/org/jacoco/org.jacoco.agent/0.8.12/org.jacoco.agent-0.8.12-runtime.jar=destfile=/home/jenkins/agent/workspace/rd_insight-server_PR-57/insight-rest/target/jacoco.exec
[INFO] 
[INFO] --- git-versioning-extension:5.2.0:git-versioning (git-versioning) @ insight-rest ---
[INFO] Generating git versioned POM
[INFO] 
[INFO] --- jacoco:0.8.12:prepare-agent (prepare-agent) @ insight-rest ---
[INFO] argLine set to -javaagent:/home/jenkins/agent/workspace/rd_insight-server_PR-57/org/jacoco/org.jacoco.agent/0.8.12/org.jacoco.agent-0.8.12-runtime.jar=destfile=/home/jenkins/agent/workspace/rd_insight-server_PR-57/insight-rest/target/jacoco.exec
[INFO] 
[INFO] --- git-versioning-extension:5.2.0:git-versioning (git-versioning) @ insight-rest ---
[INFO] Generating git versioned POM
[INFO] 
[INFO] --- resources:3.3.0:resources (default-resources) @ insight-rest ---
[INFO] skip non existing resourceDirectory /home/jenkins/agent/workspace/rd_insight-server_PR-57/insight-rest/src/main/resources
[INFO] 
[INFO] --- compiler:3.11.0:compile (default-compile) @ insight-rest ---
[WARNING]  Parameter 'optimize' (user property 'maven.compiler.optimize') is deprecated: This property is a no-op in javac.
[INFO] Changes detected - recompiling the module! :dependency
[INFO] Compiling 23 source files with javac [debug optimize deprecation release 21] to target/classes
[INFO] /home/jenkins/agent/workspace/rd_insight-server_PR-57/insight-rest/src/main/java/com/flatirons/insight/rest/internal/form/ReferenceDataController.java: /home/jenkins/agent/workspace/rd_insight-server_PR-57/insight-rest/src/main/java/com/flatirons/insight/rest/internal/form/ReferenceDataController.java uses unchecked or unsafe operations.
[INFO] /home/jenkins/agent/workspace/rd_insight-server_PR-57/insight-rest/src/main/java/com/flatirons/insight/rest/internal/form/ReferenceDataController.java: Recompile with -Xlint:unchecked for details.
[INFO] 
[INFO] --- resources:3.3.0:copy-resources (copy-test-resources) @ insight-rest ---
[INFO] skip non existing resourceDirectory /home/jenkins/agent/workspace/rd_insight-server_PR-57/insight-rest/../etc-package/src/test/resources
[INFO] 
[INFO] --- resources:3.3.0:testResources (default-testResources) @ insight-rest ---
[INFO] skip non existing resourceDirectory /home/jenkins/agent/workspace/rd_insight-server_PR-57/insight-rest/src/test/resources
[INFO] 
[INFO] --- compiler:3.11.0:testCompile (default-testCompile) @ insight-rest ---
[WARNING]  Parameter 'optimize' (user property 'maven.compiler.optimize') is deprecated: This property is a no-op in javac.
[INFO] Changes detected - recompiling the module! :dependency
[INFO] Compiling 19 source files with javac [debug optimize deprecation release 21] to target/test-classes
[INFO] /home/jenkins/agent/workspace/rd_insight-server_PR-57/insight-rest/src/test/java/com/flatirons/insight/rest/internal/identity/GroupControllerTest.java: Some input files use unchecked or unsafe operations.
[INFO] /home/jenkins/agent/workspace/rd_insight-server_PR-57/insight-rest/src/test/java/com/flatirons/insight/rest/internal/identity/GroupControllerTest.java: Recompile with -Xlint:unchecked for details.
[INFO] 
[INFO] --- surefire:3.1.2:test (default-test) @ insight-rest ---
[INFO] Using auto detected provider org.apache.maven.surefire.junitplatform.JUnitPlatformProvider
[INFO] 
[INFO] -------------------------------------------------------
[INFO]  T E S T S
[INFO] -------------------------------------------------------
Picked up JAVA_TOOL_OPTIONS: -Dmaven.ext.class.path="/home/jenkins/agent/workspace/rd_insight-server_PR-57@tmp/withMavena5c45bdd/pipeline-maven-spy.jar" -Dorg.jenkinsci.plugins.pipeline.maven.reportsFolder="/home/jenkins/agent/workspace/rd_insight-server_PR-57@tmp/withMavena5c45bdd" 
[INFO] Running com.flatirons.insight.rest.external.ExternalLoginControllerTest
OpenJDK 64-Bit Server VM warning: Sharing is only supported for boot loader classes because bootstrap classpath has been appended
[INFO] Tests run: 3, Failures: 0, Errors: 0, Skipped: 0, Time elapsed: 2.641 s -- in com.flatirons.insight.rest.external.ExternalLoginControllerTest
[INFO] Running com.flatirons.insight.rest.internal.form.FormAppFormControllerTest
[INFO] Tests run: 1, Failures: 0, Errors: 0, Skipped: 0, Time elapsed: 6.528 s -- in com.flatirons.insight.rest.internal.form.FormAppFormControllerTest
[INFO] Running com.flatirons.insight.rest.internal.form.FormControllerTest
[INFO] Tests run: 4, Failures: 0, Errors: 0, Skipped: 0, Time elapsed: 0.223 s -- in com.flatirons.insight.rest.internal.form.FormControllerTest
[INFO] Running com.flatirons.insight.rest.internal.form.FormFieldOptionControllerTest
[INFO] Tests run: 6, Failures: 0, Errors: 0, Skipped: 0, Time elapsed: 0.190 s -- in com.flatirons.insight.rest.internal.form.FormFieldOptionControllerTest
[INFO] Running com.flatirons.insight.rest.internal.form.FormOptionSetControllerTest
[INFO] Tests run: 6, Failures: 0, Errors: 0, Skipped: 0, Time elapsed: 0.090 s -- in com.flatirons.insight.rest.internal.form.FormOptionSetControllerTest
[INFO] Running com.flatirons.insight.rest.internal.identity.GroupControllerTest
[INFO] Tests run: 10, Failures: 0, Errors: 0, Skipped: 0, Time elapsed: 0.172 s -- in com.flatirons.insight.rest.internal.identity.GroupControllerTest
[INFO] Running com.flatirons.insight.rest.internal.identity.PrivilegeControllerTest
[INFO] Tests run: 7, Failures: 0, Errors: 0, Skipped: 0, Time elapsed: 0.094 s -- in com.flatirons.insight.rest.internal.identity.PrivilegeControllerTest
[INFO] Running com.flatirons.insight.rest.internal.identity.UserControllerTest
[INFO] Tests run: 10, Failures: 0, Errors: 0, Skipped: 0, Time elapsed: 0.105 s -- in com.flatirons.insight.rest.internal.identity.UserControllerTest
[INFO] Running com.flatirons.insight.rest.internal.repository.AppControllerTest
[INFO] Tests run: 12, Failures: 0, Errors: 0, Skipped: 0, Time elapsed: 0.137 s -- in com.flatirons.insight.rest.internal.repository.AppControllerTest
[INFO] Running com.flatirons.insight.rest.internal.repository.ProcessDefinitionControllerTest
[INFO] Tests run: 10, Failures: 0, Errors: 0, Skipped: 0, Time elapsed: 0.191 s -- in com.flatirons.insight.rest.internal.repository.ProcessDefinitionControllerTest
[INFO] Running com.flatirons.insight.rest.internal.runtime.CommentControllerTest
[INFO] Tests run: 8, Failures: 0, Errors: 0, Skipped: 0, Time elapsed: 0.081 s -- in com.flatirons.insight.rest.internal.runtime.CommentControllerTest
[INFO] Running com.flatirons.insight.rest.internal.runtime.ProcessInstanceControllerTest
[INFO] Tests run: 13, Failures: 0, Errors: 0, Skipped: 0, Time elapsed: 0.249 s -- in com.flatirons.insight.rest.internal.runtime.ProcessInstanceControllerTest
[INFO] Running com.flatirons.insight.rest.internal.runtime.ProcessInstanceQueryControllerTest
[INFO] Tests run: 4, Failures: 0, Errors: 0, Skipped: 0, Time elapsed: 0.132 s -- in com.flatirons.insight.rest.internal.runtime.ProcessInstanceQueryControllerTest
[INFO] Running com.flatirons.insight.rest.internal.runtime.ProcessInstanceVariableControllerTest
[INFO] Tests run: 10, Failures: 0, Errors: 0, Skipped: 0, Time elapsed: 0.079 s -- in com.flatirons.insight.rest.internal.runtime.ProcessInstanceVariableControllerTest
[INFO] Running com.flatirons.insight.rest.internal.runtime.RelatedContentControllerTest
[INFO] Tests run: 12, Failures: 0, Errors: 0, Skipped: 0, Time elapsed: 0.125 s -- in com.flatirons.insight.rest.internal.runtime.RelatedContentControllerTest
[INFO] Running com.flatirons.insight.rest.internal.runtime.TaskActionControllerTest
[INFO] Tests run: 11, Failures: 0, Errors: 0, Skipped: 0, Time elapsed: 0.211 s -- in com.flatirons.insight.rest.internal.runtime.TaskActionControllerTest
[INFO] Running com.flatirons.insight.rest.internal.runtime.TaskControllerTest
[INFO] Tests run: 13, Failures: 0, Errors: 0, Skipped: 0, Time elapsed: 0.052 s -- in com.flatirons.insight.rest.internal.runtime.TaskControllerTest
[INFO] Running com.flatirons.insight.rest.internal.runtime.TaskQueryControllerTest
[INFO] Tests run: 4, Failures: 0, Errors: 0, Skipped: 0, Time elapsed: 0.039 s -- in com.flatirons.insight.rest.internal.runtime.TaskQueryControllerTest
[INFO] Running com.flatirons.insight.rest.internal.runtime.UserPreferencesControllerTest
[INFO] Tests run: 13, Failures: 0, Errors: 0, Skipped: 0, Time elapsed: 0.372 s -- in com.flatirons.insight.rest.internal.runtime.UserPreferencesControllerTest
[INFO] 
[INFO] Results:
[INFO] 
[INFO] Tests run: 157, Failures: 0, Errors: 0, Skipped: 0
[INFO] 
[INFO] 
[INFO] --- jar:3.3.0:jar (default-jar) @ insight-rest ---
[INFO] Building jar: /home/jenkins/agent/workspace/rd_insight-server_PR-57/insight-rest/target/insight-rest-999.999-kwesley-workflow-scenario-port-target-SNAPSHOT.jar
[INFO] 
[INFO] --- jacoco:0.8.12:report-aggregate (report-aggregate) @ insight-rest ---
[INFO] Loading execution data file /home/jenkins/agent/workspace/rd_insight-server_PR-57/insight-rest/target/jacoco.exec
[INFO] Loading execution data file /home/jenkins/agent/workspace/rd_insight-server_PR-57/insight-api/target/jacoco.exec
[INFO] Loading execution data file /home/jenkins/agent/workspace/rd_insight-server_PR-57/insight-service/target/jacoco.exec
[INFO] Loading execution data file /home/jenkins/agent/workspace/rd_insight-server_PR-57/insight-model/target/jacoco.exec
[INFO] Analyzed bundle 'insight-api' with 50 classes
[INFO] Analyzed bundle 'insight-service' with 121 classes
[INFO] Analyzed bundle 'insight-model' with 99 classes
[INFO] 
[INFO] ---------------< com.flatirons.insight:insight-package >----------------
[INFO] Building Insight - Spring Application 999.999-kwesley-workflow-scenario-port-target-SNAPSHOT [8/8]
[INFO]   from insight-package/pom.xml
[INFO] --------------------------------[ war ]---------------------------------
[INFO] 
[INFO] --- jacoco:0.8.12:prepare-agent (prepare-agent) @ insight-package ---
[INFO] argLine set to -javaagent:/home/jenkins/agent/workspace/rd_insight-server_PR-57/org/jacoco/org.jacoco.agent/0.8.12/org.jacoco.agent-0.8.12-runtime.jar=destfile=/home/jenkins/agent/workspace/rd_insight-server_PR-57/insight-package/target/jacoco.exec
[INFO] 
[INFO] --- git-versioning-extension:5.2.0:git-versioning (git-versioning) @ insight-package ---
[INFO] Generating git versioned POM
[INFO] 
[INFO] --- jacoco:0.8.12:prepare-agent (prepare-agent) @ insight-package ---
[INFO] argLine set to -javaagent:/home/jenkins/agent/workspace/rd_insight-server_PR-57/org/jacoco/org.jacoco.agent/0.8.12/org.jacoco.agent-0.8.12-runtime.jar=destfile=/home/jenkins/agent/workspace/rd_insight-server_PR-57/insight-package/target/jacoco.exec
[INFO] 
[INFO] --- git-versioning-extension:5.2.0:git-versioning (git-versioning) @ insight-package ---
[INFO] Generating git versioned POM
[INFO] 
[INFO] --- resources:3.3.0:resources (default-resources) @ insight-package ---
[INFO] Copying 6 resources
[INFO] 
[INFO] --- compiler:3.11.0:compile (default-compile) @ insight-package ---
[WARNING]  Parameter 'optimize' (user property 'maven.compiler.optimize') is deprecated: This property is a no-op in javac.
[INFO] Changes detected - recompiling the module! :dependency
[INFO] Compiling 2 source files with javac [debug optimize deprecation release 21] to target/classes
[INFO] 
[INFO] --- resources:3.3.0:testResources (default-testResources) @ insight-package ---
[INFO] skip non existing resourceDirectory /home/jenkins/agent/workspace/rd_insight-server_PR-57/insight-package/src/test/resources
[INFO] 
[INFO] --- compiler:3.11.0:testCompile (default-testCompile) @ insight-package ---
[WARNING]  Parameter 'optimize' (user property 'maven.compiler.optimize') is deprecated: This property is a no-op in javac.
[INFO] Changes detected - recompiling the module! :dependency
[INFO] Compiling 1 source file with javac [debug optimize deprecation release 21] to target/test-classes
[INFO] 
[INFO] --- surefire:3.1.2:test (default-test) @ insight-package ---
[INFO] Using auto detected provider org.apache.maven.surefire.junitplatform.JUnitPlatformProvider
[INFO] 
[INFO] -------------------------------------------------------
[INFO]  T E S T S
[INFO] -------------------------------------------------------
Picked up JAVA_TOOL_OPTIONS: -Dmaven.ext.class.path="/home/jenkins/agent/workspace/rd_insight-server_PR-57@tmp/withMavena5c45bdd/pipeline-maven-spy.jar" -Dorg.jenkinsci.plugins.pipeline.maven.reportsFolder="/home/jenkins/agent/workspace/rd_insight-server_PR-57@tmp/withMavena5c45bdd" 
[INFO] Running com.flatirons.insight.app.ServletInitializerTest
OpenJDK 64-Bit Server VM warning: Sharing is only supported for boot loader classes because bootstrap classpath has been appended
[INFO] Tests run: 1, Failures: 0, Errors: 0, Skipped: 0, Time elapsed: 1.283 s -- in com.flatirons.insight.app.ServletInitializerTest
[INFO] 
[INFO] Results:
[INFO] 
[INFO] Tests run: 1, Failures: 0, Errors: 0, Skipped: 0
[INFO] 
[INFO] 
[INFO] --- war:3.4.0:war (default-war) @ insight-package ---
[WARNING]  Parameter 'warName' is read-only, must not be used in configuration
[INFO] Packaging webapp
[INFO] Assembling webapp [insight-package] in [/home/jenkins/agent/workspace/rd_insight-server_PR-57/insight-package/target/insight-package-999.999-kwesley-workflow-scenario-port-target-SNAPSHOT]
[INFO] Processing war project
[INFO] Building war: /home/jenkins/agent/workspace/rd_insight-server_PR-57/insight-package/target/insight-server.war
[INFO] 
[INFO] --- jacoco:0.8.12:report-aggregate (report-aggregate) @ insight-package ---
[INFO] Loading execution data file /home/jenkins/agent/workspace/rd_insight-server_PR-57/insight-package/target/jacoco.exec
[INFO] Loading execution data file /home/jenkins/agent/workspace/rd_insight-server_PR-57/insight-config/target/jacoco.exec
[INFO] Loading execution data file /home/jenkins/agent/workspace/rd_insight-server_PR-57/insight-dao/target/jacoco.exec
[INFO] Loading execution data file /home/jenkins/agent/workspace/rd_insight-server_PR-57/insight-model/target/jacoco.exec
[INFO] Loading execution data file /home/jenkins/agent/workspace/rd_insight-server_PR-57/insight-rest/target/jacoco.exec
[INFO] Loading execution data file /home/jenkins/agent/workspace/rd_insight-server_PR-57/insight-service/target/jacoco.exec
[INFO] Loading execution data file /home/jenkins/agent/workspace/rd_insight-server_PR-57/insight-api/target/jacoco.exec
[INFO] Analyzed bundle 'insight-config' with 27 classes
[INFO] Analyzed bundle 'insight-dao' with 74 classes
[INFO] Analyzed bundle 'insight-model' with 99 classes
[INFO] Analyzed bundle 'insight-rest' with 23 classes
[INFO] Analyzed bundle 'insight-service' with 121 classes
[INFO] Analyzed bundle 'insight-api' with 50 classes
[INFO] 
[INFO] -----------------< com.flatirons.insight:insight-root >-----------------
[INFO] Building Insight Server 999.999-kwesley-workflow-scenario-port-target-SNAPSHOT [9/8]
[INFO]   from target/.git-versioned-pom.xml
[INFO] --------------------------------[ pom ]---------------------------------
[INFO] 
[INFO] --- sonar:4.0.0.4121:sonar (default-cli) @ insight-root ---
[INFO] 19:43:58.927 Java 21.0.9 Eclipse Adoptium (64-bit)
[INFO] 19:43:58.928 Linux 6.12.79-101.147.amzn2023.x86_64 (amd64)
[INFO] 19:43:58.928 MAVEN_OPTS= --add-opens=java.base/java.lang=ALL-UNNAMED --add-opens=java.base/java.util=ALL-UNNAMED
[INFO] 19:43:58.948 User cache: /home/builder/.sonar/cache
[INFO] 19:43:59.570 Communicating with SonarQube Server 13.4.2.4409
[INFO] 19:43:59.607 Default locale: "en_US", source code encoding: "UTF-8"
[WARNING] 19:43:59.890 Property 'env.SONARQUBE_SCANNER_PARAMS' is encrypted. The encryption of scanner properties is deprecated and will soon be removed.
[INFO] 19:44:00.226 Load global settings
[INFO] 19:44:00.369 Load global settings (done) | time=140ms
[INFO] 19:44:00.378 Server id: 7CE64988-AW5cRkvPoM8JwL12UubD
[INFO] 19:44:00.385 Loading required plugins
[INFO] 19:44:00.386 Load plugins index
[INFO] 19:44:00.403 Load plugins index (done) | time=17ms
[INFO] 19:44:00.403 Load/download plugins
[INFO] 19:44:00.620 Load/download plugins (done) | time=217ms
[INFO] 19:44:00.671 Loaded core extensions: developer-scanner, architecture-scanner
[INFO] 19:44:00.895 Process project properties
[INFO] 19:44:00.913 Process project properties (done) | time=18ms
[INFO] 19:44:00.921 Project key: com.flatirons.insight:insight-root
[INFO] 19:44:00.921 Base dir: /home/jenkins/agent/workspace/rd_insight-server_PR-57
[INFO] 19:44:00.921 Working dir: /home/jenkins/agent/workspace/rd_insight-server_PR-57/target/sonar
[INFO] 19:44:00.927 Load project settings for component key: 'com.flatirons.insight:insight-root'
[INFO] 19:44:00.949 Load project settings for component key: 'com.flatirons.insight:insight-root' (done) | time=22ms
[INFO] 19:44:00.998 Load project branches
[INFO] 19:44:01.019 Load project branches (done) | time=21ms
[INFO] 19:44:01.020 Load branch configuration
[INFO] 19:44:01.020 Found manual configuration of branch/PR analysis. Skipping automatic configuration.
[INFO] 19:44:01.021 Load branch configuration (done) | time=1ms
[INFO] 19:44:01.026 Load quality profiles
[INFO] 19:44:01.087 Load quality profiles (done) | time=61ms
[INFO] 19:44:01.091 Auto-configuring with CI 'Jenkins'
[INFO] 19:44:01.142 Load active rules
[INFO] 19:44:01.466 Load active rules (done) | time=324ms
[INFO] 19:44:01.470 Load analysis cache
[INFO] 19:44:01.635 Load analysis cache | time=165ms
[INFO] 19:44:01.673 Pull request 57 for merge into kwesley/workflow-scenario-port from kwesley/reusable-app-archive-publication
[INFO] 19:44:01.684 Preprocessing files...
[INFO] 19:44:02.101 2 languages detected in 622 preprocessed files (done) | time=416ms
[INFO] 19:44:02.101 7 files ignored because of inclusion/exclusion patterns
[INFO] 19:44:02.102 0 files ignored because of scm ignore settings
[INFO] 19:44:02.109 Loading plugins for detected languages
[INFO] 19:44:02.109 Load/download plugins
[INFO] 19:44:02.640 Load/download plugins (done) | time=531ms
[INFO] 19:44:02.944 Load project repositories
[INFO] 19:44:03.045 Load project repositories (done) | time=101ms
[INFO] 19:44:03.047 SCM collecting changed files in the branch
[INFO] 19:44:03.064 Merge base sha1: 54b647ccc662691f97203bdda479538815627355
[INFO] 19:44:03.183 SCM collecting changed files in the branch (done) | time=136ms
[INFO] 19:44:03.199 Indexing files...
[INFO] 19:44:03.199 Project configuration:
[INFO] 19:44:03.200   Excluded sources: **/*Test.java, **/*Tests.java, **/*IT.java
[INFO] 19:44:03.200   Included tests: **/*Test.java, **/*Tests.java, **/*IT.java
[INFO] 19:44:03.200   Excluded sources for duplication: insight-data/src/main/java/com/flatirons/insight/domain/**/*.java, insight-model/src/main/java/com/flatirons/insight/model/**/*.java
[INFO] 19:44:03.201 Indexing files of module 'Insight - API'
[INFO] 19:44:03.201   Base dir: /home/jenkins/agent/workspace/rd_insight-server_PR-57/insight-api
[INFO] 19:44:03.202   Source paths: pom.xml, src/main/java
[INFO] 19:44:03.202   Test paths: src/test/java
[INFO] 19:44:03.202   Excluded sources: **/*Test.java, **/*Tests.java, **/*IT.java
[INFO] 19:44:03.202   Included tests: **/*Test.java, **/*Tests.java, **/*IT.java
[INFO] 19:44:03.202   Excluded sources for duplication: insight-data/src/main/java/com/flatirons/insight/domain/**/*.java, insight-model/src/main/java/com/flatirons/insight/model/**/*.java
[INFO] 19:44:03.214 Indexing files of module 'Insight - Spring Configuration'
[INFO] 19:44:03.214   Base dir: /home/jenkins/agent/workspace/rd_insight-server_PR-57/insight-config
[INFO] 19:44:03.214   Source paths: pom.xml, src/main/java
[INFO] 19:44:03.214   Test paths: src/test/java
[INFO] 19:44:03.214   Excluded sources: **/*Test.java, **/*Tests.java, **/*IT.java
[INFO] 19:44:03.214   Included tests: **/*Test.java, **/*Tests.java, **/*IT.java
[INFO] 19:44:03.214   Excluded sources for duplication: insight-data/src/main/java/com/flatirons/insight/domain/**/*.java, insight-model/src/main/java/com/flatirons/insight/model/**/*.java
[INFO] 19:44:03.216 Indexing files of module 'Insight - Entity and Repository'
[INFO] 19:44:03.216   Base dir: /home/jenkins/agent/workspace/rd_insight-server_PR-57/insight-dao
[INFO] 19:44:03.216   Source paths: pom.xml, src/main/java
[INFO] 19:44:03.216   Test paths: src/test/java
[INFO] 19:44:03.216   Excluded sources: **/*Test.java, **/*Tests.java, **/*IT.java
[INFO] 19:44:03.216   Included tests: **/*Test.java, **/*Tests.java, **/*IT.java
[INFO] 19:44:03.216   Excluded sources for duplication: insight-data/src/main/java/com/flatirons/insight/domain/**/*.java, insight-model/src/main/java/com/flatirons/insight/model/**/*.java
[INFO] 19:44:03.219 Indexing files of module 'Insight - Model'
[INFO] 19:44:03.219   Base dir: /home/jenkins/agent/workspace/rd_insight-server_PR-57/insight-model
[INFO] 19:44:03.220   Source paths: pom.xml, src/main/java
[INFO] 19:44:03.220   Test paths: src/test/java
[INFO] 19:44:03.220   Excluded sources: **/*Test.java, **/*Tests.java, **/*IT.java
[INFO] 19:44:03.220   Included tests: **/*Test.java, **/*Tests.java, **/*IT.java
[INFO] 19:44:03.220   Excluded sources for duplication: insight-data/src/main/java/com/flatirons/insight/domain/**/*.java, insight-model/src/main/java/com/flatirons/insight/model/**/*.java
[INFO] 19:44:03.223 Indexing files of module 'Insight - Spring Application'
[INFO] 19:44:03.223   Base dir: /home/jenkins/agent/workspace/rd_insight-server_PR-57/insight-package
[INFO] 19:44:03.223   Source paths: pom.xml, src/main/java
[INFO] 19:44:03.223   Test paths: src/test/java
[INFO] 19:44:03.223   Excluded sources: **/*Test.java, **/*Tests.java, **/*IT.java
[INFO] 19:44:03.223   Included tests: **/*Test.java, **/*Tests.java, **/*IT.java
[INFO] 19:44:03.223   Excluded sources for duplication: insight-data/src/main/java/com/flatirons/insight/domain/**/*.java, insight-model/src/main/java/com/flatirons/insight/model/**/*.java
[INFO] 19:44:03.224 Indexing files of module 'Insight - REST'
[INFO] 19:44:03.224   Base dir: /home/jenkins/agent/workspace/rd_insight-server_PR-57/insight-rest
[INFO] 19:44:03.224   Source paths: pom.xml, src/main/java
[INFO] 19:44:03.224   Test paths: src/test/java
[INFO] 19:44:03.224   Excluded sources: **/*Test.java, **/*Tests.java, **/*IT.java
[INFO] 19:44:03.224   Included tests: **/*Test.java, **/*Tests.java, **/*IT.java
[INFO] 19:44:03.224   Excluded sources for duplication: insight-data/src/main/java/com/flatirons/insight/domain/**/*.java, insight-model/src/main/java/com/flatirons/insight/model/**/*.java
[INFO] 19:44:03.226 Indexing files of module 'Insight - Service'
[INFO] 19:44:03.226   Base dir: /home/jenkins/agent/workspace/rd_insight-server_PR-57/insight-service
[INFO] 19:44:03.226   Source paths: pom.xml, src/main/java
[INFO] 19:44:03.226   Test paths: src/test/java
[INFO] 19:44:03.226   Excluded sources: **/*Test.java, **/*Tests.java, **/*IT.java
[INFO] 19:44:03.226   Included tests: **/*Test.java, **/*Tests.java, **/*IT.java
[INFO] 19:44:03.226   Excluded sources for duplication: insight-data/src/main/java/com/flatirons/insight/domain/**/*.java, insight-model/src/main/java/com/flatirons/insight/model/**/*.java
[INFO] 19:44:03.229 Indexing files of module 'Insight Server'
[INFO] 19:44:03.229   Base dir: /home/jenkins/agent/workspace/rd_insight-server_PR-57
[INFO] 19:44:03.230   Source paths: pom.xml
[INFO] 19:44:03.230   Excluded sources: **/*Test.java, **/*Tests.java, **/*IT.java
[INFO] 19:44:03.230   Included tests: **/*Test.java, **/*Tests.java, **/*IT.java
[INFO] 19:44:03.230   Excluded sources for duplication: insight-data/src/main/java/com/flatirons/insight/domain/**/*.java, insight-model/src/main/java/com/flatirons/insight/model/**/*.java
[INFO] 19:44:03.230 622 files indexed (done) | time=31ms
[INFO] 19:44:03.231 Quality profile for java: Flatirons way
[INFO] 19:44:03.231 Quality profile for xml: Sonar way
[INFO] 19:44:03.231 ------------- Run sensors on module Insight - Entity and Repository
[INFO] 19:44:03.290 Load metrics repository
[INFO] 19:44:03.312 Load metrics repository (done) | time=22ms
[INFO] 19:44:04.115 Sensor JavaSensor [java]
[INFO] 19:44:04.117 Configured Java source version (sonar.java.source): 21, preview features enabled (sonar.java.enablePreview): false
[INFO] 19:44:04.142 The Java analyzer is running in a context where unchanged files can be skipped. Full analysis is performed for changed files, optimized analysis for unchanged files.
[INFO] 19:44:04.347 Server-side caching is enabled. The Java analyzer was able to leverage cached data from previous analyses for 37 out of 69 files. These files will not be parsed.
[INFO] 19:44:04.348 Using ECJ batch to parse 32 Main java source files with batch size 194 KB.
[INFO] 19:44:04.572 Starting batch processing.
[INFO] 19:44:05.068 No boundary descriptors defined
[INFO] 19:44:05.976 100% analyzed
[INFO] 19:44:05.977 Batch processing: Done.
[INFO] 19:44:05.978 Optimized analysis for 29 of 32 files.
[INFO] 19:44:06.030 No "Test" source files to scan.
[INFO] 19:44:06.030 No "Generated" source files to scan.
[INFO] 19:44:06.032 Sensor JavaSensor [java] (done) | time=1917ms
[INFO] 19:44:06.032 Sensor JaCoCo XML Report Importer [jacoco]
[INFO] 19:44:06.036 Importing 1 report(s). Turn your logs in debug mode in order to see the exhaustive list.
[WARNING] 19:44:06.151 File 'AcmProperties.java' not found in project sources
[WARNING] 19:44:06.151 File 'PdfProperties.java' not found in project sources
[WARNING] 19:44:06.151 File 'UserProperties.java' not found in project sources
[WARNING] 19:44:06.151 File 'SecurityProperties.java' not found in project sources
[WARNING] 19:44:06.151 File 'RmqProperties.java' not found in project sources
[WARNING] 19:44:06.151 File 'ExportConfig.java' not found in project sources
[WARNING] 19:44:06.151 File 'TableConfig.java' not found in project sources
[WARNING] 19:44:06.151 File 'ClientProperties.java' not found in project sources
[WARNING] 19:44:06.151 File 'ColumnConfig.java' not found in project sources
[WARNING] 19:44:06.151 File 'S3ApplicationProperties.java' not found in project sources
[WARNING] 19:44:06.151 File 'CookieProperties.java' not found in project sources
[WARNING] 19:44:06.151 File 'StorageClientConfig.java' not found in project sources
[WARNING] 19:44:06.151 File 'HttpClientConfig.java' not found in project sources
[WARNING] 19:44:06.151 File 'DynamicRmqConfig.java' not found in project sources
[WARNING] 19:44:06.151 File 'DatabaseConfiguration.java' not found in project sources
[WARNING] 19:44:06.151 File 'FlowableConfig.java' not found in project sources
[WARNING] 19:44:06.151 File 'RestControllerPathLogger.java' not found in project sources
[WARNING] 19:44:06.151 File 'JacksonConfig.java' not found in project sources
[WARNING] 19:44:06.151 File 'CacheConfiguration.java' not found in project sources
[WARNING] 19:44:06.151 File 'LegacyInitiatorAssignmentParseHandler.java' not found in project sources
[WARNING] 19:44:06.151 File 'DataSourceBuilder.java' not found in project sources
[WARNING] 19:44:06.151 File 'JwtAuthenticationFilter.java' not found in project sources
[WARNING] 19:44:06.151 File 'SecurityConfig.java' not found in project sources
[WARNING] 19:44:06.151 File 'SpringSecurityAuthenticationContext.java' not found in project sources
[WARNING] 19:44:06.151 File 'WorkflowIdentifierLockEntity_.java' not found in project sources
[WARNING] 19:44:06.159 File 'UserEntity_.java' not found in project sources
[WARNING] 19:44:06.159 File 'AbstractTaskInfoEntity_.java' not found in project sources
[WARNING] 19:44:06.159 File 'InsightSequenceEntity_.java' not found in project sources
[WARNING] 19:44:06.160 File 'TaskEntity_.java' not found in project sources
[WARNING] 19:44:06.160 File 'ArchivePublicationLockEntity_.java' not found in project sources
[WARNING] 19:44:06.160 File 'TaskSearchEntity_.java' not found in project sources
[WARNING] 19:44:06.160 File 'ProcessDefinitionEntity_.java' not found in project sources
[WARNING] 19:44:06.161 File 'RelatedContentEntity_.java' not found in project sources
[WARNING] 19:44:06.161 File 'ReferenceDataLookupEntity_.java' not found in project sources
[WARNING] 19:44:06.161 File 'HistoricProcessInstanceEntity_.java' not found in project sources
[WARNING] 19:44:06.161 File 'RuntimeExecutionEntity_.java' not found in project sources
[WARNING] 19:44:06.161 File 'HistoricIdentityLinkEntity_.java' not found in project sources
[WARNING] 19:44:06.161 File 'AbstractAuditEntity_.java' not found in project sources
[WARNING] 19:44:06.162 File 'ProcessDefinitionModelHistoryEntity_.java' not found in project sources
[WARNING] 19:44:06.162 File 'ReferenceDataLookupKeyEntity_.java' not found in project sources
[WARNING] 19:44:06.162 File 'ProcessSearchEntity_.java' not found in project sources
[WARNING] 19:44:06.162 File 'FormFieldOptionEntity_.java' not found in project sources
[WARNING] 19:44:06.162 File 'ProcessDefinitionModelEntity_.java' not found in project sources
[WARNING] 19:44:06.162 File 'AppDeploymentEntity_.java' not found in project sources
[WARNING] 19:44:06.163 File 'ReferenceDataLookupValueEntity_.java' not found in project sources
[WARNING] 19:44:06.163 File 'UserGroupEntity_.java' not found in project sources
[WARNING] 19:44:06.163 File 'RuntimeIdentityLinkEntity_.java' not found in project sources
[WARNING] 19:44:06.163 File 'GroupEntity_.java' not found in project sources
[WARNING] 19:44:06.163 File 'GroupPrivilegeEntity_.java' not found in project sources
[WARNING] 19:44:06.163 File 'EventSyncEntity_.java' not found in project sources
[WARNING] 19:44:06.163 File 'ProcessDefinitionModelRelationEntity_.java' not found in project sources
[WARNING] 19:44:06.163 File 'FormOptionSetEntity_.java' not found in project sources
[WARNING] 19:44:06.163 File 'HistoricVariableInstanceEntity_.java' not found in project sources
[WARNING] 19:44:06.164 File 'UserPreferencesEntity_.java' not found in project sources
[WARNING] 19:44:06.164 File 'DeploymentEntity_.java' not found in project sources
[WARNING] 19:44:06.164 File 'HistoricTaskEntity_.java' not found in project sources
[WARNING] 19:44:06.164 File 'CommentEntity_.java' not found in project sources
[WARNING] 19:44:06.164 File 'ReferenceDataLookupDefinitionEntity_.java' not found in project sources
[WARNING] 19:44:06.164 File 'InsightProcessIdEntity_.java' not found in project sources
[WARNING] 19:44:06.165 File 'TaskQueryRequest.java' not found in project sources
[WARNING] 19:44:06.165 File 'TaskFilterRequest.java' not found in project sources
[WARNING] 19:44:06.165 File 'UserQueryRequest.java' not found in project sources
[WARNING] 19:44:06.165 File 'TaskFilter.java' not found in project sources
[WARNING] 19:44:06.165 File 'FilterRequest.java' not found in project sources
[WARNING] 19:44:06.165 File 'ProcessInstanceFilter.java' not found in project sources
[WARNING] 19:44:06.165 File 'ProcessInstanceQueryRequest.java' not found in project sources
[WARNING] 19:44:06.165 File 'Filter.java' not found in project sources
[WARNING] 19:44:06.165 File 'PagedRequest.java' not found in project sources
[WARNING] 19:44:06.165 File 'ProcessDefinitionModelQueryRequest.java' not found in project sources
[WARNING] 19:44:06.165 File 'GroupQueryRequest.java' not found in project sources
[WARNING] 19:44:06.165 File 'ProcessInstanceFilterRequest.java' not found in project sources
[WARNING] 19:44:06.165 File 'CreateProcessDefinitionModelRequest.java' not found in project sources
[WARNING] 19:44:06.165 File 'ProcessDefinitionActionRequest.java' not found in project sources
[WARNING] 19:44:06.165 File 'CreateUserRequest.java' not found in project sources
[WARNING] 19:44:06.165 File 'MembershipRequest.java' not found in project sources
[WARNING] 19:44:06.165 File 'UpdateAppDefinitionDraftRequest.java' not found in project sources
[WARNING] 19:44:06.165 File 'TaskRequest.java' not found in project sources
[WARNING] 19:44:06.165 File 'UserInfoRequest.java' not found in project sources
[WARNING] 19:44:06.165 File 'ProcessInstanceStartRequest.java' not found in project sources
[WARNING] 19:44:06.165 File 'TaskActionRequest.java' not found in project sources
[WARNING] 19:44:06.165 File 'AddGroupPrivilegesRequest.java' not found in project sources
[WARNING] 19:44:06.165 File 'IdentityLinkRequest.java' not found in project sources
[WARNING] 19:44:06.165 File 'UserActionRequest.java' not found in project sources
[WARNING] 19:44:06.165 File 'ProcessInstanceSearchRequest.java' not found in project sources
[WARNING] 19:44:06.165 File 'AttachmentRequest.java' not found in project sources
[WARNING] 19:44:06.165 File 'SavedSearchRequest.java' not found in project sources
[WARNING] 19:44:06.165 File 'ProcessVariableRequest.java' not found in project sources
[WARNING] 19:44:06.165 File 'UserPictureRequest.java' not found in project sources
[WARNING] 19:44:06.165 File 'GroupRequest.java' not found in project sources
[WARNING] 19:44:06.165 File 'UserRequest.java' not found in project sources
[WARNING] 19:44:06.165 File 'UpdateProcessDefinitionModelRequest.java' not found in project sources
[WARNING] 19:44:06.165 File 'UserSearchRequest.java' not found in project sources
[WARNING] 19:44:06.165 File 'UserIdentityRequest.java' not found in project sources
[WARNING] 19:44:06.165 File 'TaskSearchRequest.java' not found in project sources
[WARNING] 19:44:06.165 File 'CommentRequest.java' not found in project sources
[WARNING] 19:44:06.165 File 'UpdateGroupRequest.java' not found in project sources
[WARNING] 19:44:06.165 File 'ProcessInstanceStateRequest.java' not found in project sources
[WARNING] 19:44:06.165 File 'CreateAppDefinitionDraftRequest.java' not found in project sources
[WARNING] 19:44:06.165 File 'FormSubmitRequest.java' not found in project sources
[WARNING] 19:44:06.165 File 'GroupSearchRequest.java' not found in project sources
[WARNING] 19:44:06.165 File 'AcmUserGroupRep.java' not found in project sources
[WARNING] 19:44:06.165 File 'UserGroupRep.java' not found in project sources
[WARNING] 19:44:06.165 File 'AcmConfigurationRep.java' not found in project sources
[WARNING] 19:44:06.165 File 'AcmResource.java' not found in project sources
[WARNING] 19:44:06.165 File 'LoginParameter.java' not found in project sources
[WARNING] 19:44:06.165 File 'PermissionRep.java' not found in project sources
[WARNING] 19:44:06.165 File 'SimpleContentTypeMapper.java' not found in project sources
[WARNING] 19:44:06.165 File 'AppDefinitionResponse.java' not found in project sources
[WARNING] 19:44:06.165 File 'FormDataResponse.java' not found in project sources
[WARNING] 19:44:06.165 File 'ProcessDefinitionModelResponse.java' not found in project sources
[WARNING] 19:44:06.165 File 'FormFieldResponse.java' not found in project sources
[WARNING] 19:44:06.165 File 'PagedResponse.java' not found in project sources
[WARNING] 19:44:06.165 File 'UserInfoResponse.java' not found in project sources
[WARNING] 19:44:06.166 File 'AggregatedResponse.java' not found in project sources
[WARNING] 19:44:06.166 File 'ProcessDefinitionModelHistoryResponse.java' not found in project sources
[WARNING] 19:44:06.166 File 'AppDeploymentResponse.java' not found in project sources
[WARNING] 19:44:06.166 File 'UserGroupSummary.java' not found in project sources
[WARNING] 19:44:06.166 File 'ProcessDefinitionResponse.java' not found in project sources
[WARNING] 19:44:06.166 File 'ProcessDefinitionModelRelationResponse.java' not found in project sources
[WARNING] 19:44:06.166 File 'CountResponse.java' not found in project sources
[WARNING] 19:44:06.166 File 'UserDetailResponse.java' not found in project sources
[WARNING] 19:44:06.166 File 'UserResponse.java' not found in project sources
[WARNING] 19:44:06.166 File 'ProcessDefinitionModelSummaryResponse.java' not found in project sources
[WARNING] 19:44:06.166 File 'SavedSearchResponse.java' not found in project sources
[WARNING] 19:44:06.166 File 'GroupResponse.java' not found in project sources
[WARNING] 19:44:06.166 File 'AppDefinitionDraftResponse.java' not found in project sources
[WARNING] 19:44:06.166 File 'ProcessInstanceResponse.java' not found in project sources
[WARNING] 19:44:06.166 File 'AttachmentResponse.java' not found in project sources
[WARNING] 19:44:06.166 File 'IdentityLinkResponse.java' not found in project sources
[WARNING] 19:44:06.166 File 'MembershipResponse.java' not found in project sources
[WARNING] 19:44:06.166 File 'AppDefinitionDraftSummaryResponse.java' not found in project sources
[WARNING] 19:44:06.166 File 'ProcessVariableResponse.java' not found in project sources
[WARNING] 19:44:06.166 File 'TaskResponse.java' not found in project sources
[WARNING] 19:44:06.166 File 'UserDetailsResponse.java' not found in project sources
[WARNING] 19:44:06.166 File 'DeploymentResourceResponse.java' not found in project sources
[WARNING] 19:44:06.166 File 'CommentResponse.java' not found in project sources
[WARNING] 19:44:06.166 File 'AppPublishResponse.java' not found in project sources
[WARNING] 19:44:06.166 File 'TokenResponse.java' not found in project sources
[WARNING] 19:44:06.166 File 'EncryptedJSON.java' not found in project sources
[WARNING] 19:44:06.166 File 'CookiePropertiesModel.java' not found in project sources
[WARNING] 19:44:06.166 File 'TokenRequest.java' not found in project sources
[WARNING] 19:44:06.166 File 'Privileges.java' not found in project sources
[WARNING] 19:44:06.166 File 'RestVariable.java' not found in project sources
[WARNING] 19:44:06.166 File 'CommentNotify.java' not found in project sources
[WARNING] 19:44:06.166 File 'PageInfo.java' not found in project sources
[WARNING] 19:44:06.166 File 'AppDefinitionContent.java' not found in project sources
[WARNING] 19:44:06.166 File 'SavedSearch.java' not found in project sources
[WARNING] 19:44:06.166 File 'SavedSearchBase.java' not found in project sources
[WARNING] 19:44:06.166 File 'UserPreferences.java' not found in project sources
[WARNING] 19:44:06.166 File 'TableColumnDefinition.java' not found in project sources
[WARNING] 19:44:06.166 File 'FormOptionSetDto.java' not found in project sources
[WARNING] 19:44:06.166 File 'UserPreferencesDto.java' not found in project sources
[WARNING] 19:44:06.166 File 'UserGroupDto.java' not found in project sources
[WARNING] 19:44:06.166 File 'GroupPrivilegeDto.java' not found in project sources
[WARNING] 19:44:06.166 File 'UserDto.java' not found in project sources
[WARNING] 19:44:06.166 File 'GroupDto.java' not found in project sources
[WARNING] 19:44:06.166 File 'FormFieldOptionDto.java' not found in project sources
[WARNING] 19:44:06.166 File 'RelatedContentDto.java' not found in project sources
[WARNING] 19:44:06.166 File 'UserController.java' not found in project sources
[WARNING] 19:44:06.166 File 'GroupController.java' not found in project sources
[WARNING] 19:44:06.166 File 'PrivilegeController.java' not found in project sources
[WARNING] 19:44:06.166 File 'AppController.java' not found in project sources
[WARNING] 19:44:06.166 File 'ProcessDefinitionController.java' not found in project sources
[WARNING] 19:44:06.166 File 'ExternalLoginController.java' not found in project sources
[WARNING] 19:44:06.166 File 'ModelController.java' not found in project sources
[WARNING] 19:44:06.166 File 'AppDefinitionController.java' not found in project sources
[WARNING] 19:44:06.166 File 'FormController.java' not found in project sources
[WARNING] 19:44:06.166 File 'FormOptionSetController.java' not found in project sources
[WARNING] 19:44:06.166 File 'FormFieldOptionController.java' not found in project sources
[WARNING] 19:44:06.166 File 'ReferenceDataController.java' not found in project sources
[WARNING] 19:44:06.166 File 'RestExceptionHandlerAdvice.java' not found in project sources
[WARNING] 19:44:06.166 File 'ProcessInstanceController.java' not found in project sources
[WARNING] 19:44:06.166 File 'CommentController.java' not found in project sources
[WARNING] 19:44:06.166 File 'UserPreferencesController.java' not found in project sources
[WARNING] 19:44:06.166 File 'ProcessDefinitionsController.java' not found in project sources
[WARNING] 19:44:06.166 File 'ProcessInstanceVariableController.java' not found in project sources
[WARNING] 19:44:06.166 File 'TaskQueryController.java' not found in project sources
[WARNING] 19:44:06.166 File 'TaskActionController.java' not found in project sources
[WARNING] 19:44:06.166 File 'RelatedContentController.java' not found in project sources
[WARNING] 19:44:06.166 File 'ProcessInstanceQueryController.java' not found in project sources
[WARNING] 19:44:06.166 File 'TaskController.java' not found in project sources
[WARNING] 19:44:06.166 File 'DateRestVariableConverter.java' not found in project sources
[WARNING] 19:44:06.166 File 'DoubleRestVariableConverter.java' not found in project sources
[WARNING] 19:44:06.166 File 'LongRestVariableConverter.java' not found in project sources
[WARNING] 19:44:06.166 File 'RestVariableConverter.java' not found in project sources
[WARNING] 19:44:06.166 File 'IntegerRestVariableConverter.java' not found in project sources
[WARNING] 19:44:06.166 File 'StringRestVariableConverter.java' not found in project sources
[WARNING] 19:44:06.166 File 'ShortRestVariableConverter.java' not found in project sources
[WARNING] 19:44:06.166 File 'BooleanRestVariableConverter.java' not found in project sources
[WARNING] 19:44:06.166 File 'AppServiceImpl.java' not found in project sources
[WARNING] 19:44:06.166 File 'RestVariableFactory.java' not found in project sources
[WARNING] 19:44:06.166 File 'ProcessDefinitionServiceImpl.java' not found in project sources
[WARNING] 19:44:06.166 File 'AuthServiceImpl.java' not found in project sources
[WARNING] 19:44:06.166 File 'TaskQueryServiceImpl.java' not found in project sources
[WARNING] 19:44:06.166 File 'GroupServiceImpl.java' not found in project sources
[WARNING] 19:44:06.166 File 'InsightProcessIdGenService.java' not found in project sources
[WARNING] 19:44:06.166 File 'IReferenceDataLookupDefinitionService.java' not found in project sources
[WARNING] 19:44:06.166 File 'InsightSequenceService.java' not found in project sources
[WARNING] 19:44:06.166 File 'WorkflowIdentifierConfiguration.java' not found in project sources
[WARNING] 19:44:06.166 File 'ProcessInstanceServiceImpl.java' not found in project sources
[WARNING] 19:44:06.166 File 'ReferenceDataServiceImpl.java' not found in project sources
[WARNING] 19:44:06.166 File 'TaskServiceImpl.java' not found in project sources
[WARNING] 19:44:06.166 File 'ContentStorageServiceImpl.java' not found in project sources
[WARNING] 19:44:06.166 File 'AESServiceImpl.java' not found in project sources
[WARNING] 19:44:06.166 File 'CommentServiceImpl.java' not found in project sources
[WARNING] 19:44:06.166 File 'ProcessInstanceVariableServiceImpl.java' not found in project sources
[WARNING] 19:44:06.166 File 'UserSynchronizationServiceImpl.java' not found in project sources
[WARNING] 19:44:06.166 File 'RelatedContentServiceImpl.java' not found in project sources
[WARNING] 19:44:06.166 File 'FormOptionSetServiceImpl.java' not found in project sources
[WARNING] 19:44:06.166 File 'UserInitializerServiceImpl.java' not found in project sources
[WARNING] 19:44:06.166 File 'ProcessInstanceQueryServiceImpl.java' not found in project sources
[WARNING] 19:44:06.166 File 'UserPreferencesServiceImpl.java' not found in project sources
[WARNING] 19:44:06.166 File 'FormFieldOptionServiceImpl.java' not found in project sources
[WARNING] 19:44:06.166 File 'ReferenceDataLookupDefinitionServiceImpl.java' not found in project sources
[WARNING] 19:44:06.166 File 'UserSyncCacheServiceImpl.java' not found in project sources
[WARNING] 19:44:06.166 File 'UserServiceImpl.java' not found in project sources
[WARNING] 19:44:06.166 File 'UserCacheImpl.java' not found in project sources
[WARNING] 19:44:06.166 File 'ArchiveFormDefinition.java' not found in project sources
[WARNING] 19:44:06.166 File 'PrivilegeServiceImpl.java' not found in project sources
[WARNING] 19:44:06.166 File 'FormServiceImpl.java' not found in project sources
[WARNING] 19:44:06.166 File 'TaskActionServiceImpl.java' not found in project sources
[WARNING] 19:44:06.166 File 'AcmInitializerServiceImpl.java' not found in project sources
[WARNING] 19:44:06.166 File 'RoleResourceServiceImpl.java' not found in project sources
[WARNING] 19:44:06.167 File 'AcmLoginTalk.java' not found in project sources
[WARNING] 19:44:06.167 File 'LoadAcmConfigurationServiceImpl.java' not found in project sources
[WARNING] 19:44:06.167 File 'FullTextFunctions.java' not found in project sources
[WARNING] 19:44:06.167 File 'SearchTxSynchronization.java' not found in project sources
[WARNING] 19:44:06.167 File 'SearchRefreshService.java' not found in project sources
[WARNING] 19:44:06.167 File 'SearchEventListener.java' not found in project sources
[WARNING] 19:44:06.167 File 'SearchWorkSet.java' not found in project sources
[WARNING] 19:44:06.167 File 'FieldConfigurationDto.java' not found in project sources
[WARNING] 19:44:06.167 File 'ModelServiceImpl.java' not found in project sources
[WARNING] 19:44:06.167 File 'FormAppArchiveService.java' not found in project sources
[WARNING] 19:44:06.167 File 'ModelRelationServiceImpl.java' not found in project sources
[WARNING] 19:44:06.167 File 'ArchiveFormResources.java' not found in project sources
[WARNING] 19:44:06.167 File 'KickstartArchive.java' not found in project sources
[WARNING] 19:44:06.167 File 'ModelHistoryServiceImpl.java' not found in project sources
[WARNING] 19:44:06.167 File 'AppArchiveServiceImpl.java' not found in project sources
[WARNING] 19:44:06.167 File 'AppDefinitionServiceImpl.java' not found in project sources
[WARNING] 19:44:06.167 File 'InsightProcessIdGenListener.java' not found in project sources
[WARNING] 19:44:06.167 File 'InsightSequenceListener.java' not found in project sources
[WARNING] 19:44:06.167 File 'VariableDeletedEventHandler.java' not found in project sources
[WARNING] 19:44:06.167 File 'TaskCreatedEventHandler.java' not found in project sources
[WARNING] 19:44:06.167 File 'VariableUpdatedEventHandler.java' not found in project sources
[WARNING] 19:44:06.167 File 'TaskAssignedEventHandler.java' not found in project sources
[WARNING] 19:44:06.167 File 'ProcessCompletedEventHandler.java' not found in project sources
[WARNING] 19:44:06.167 File 'InsightEventListener.java' not found in project sources
[WARNING] 19:44:06.167 File 'ProcessCompletedWithEscalationEndEventHandler.java' not found in project sources
[WARNING] 19:44:06.167 File 'TaskNameChangedEventHandler.java' not found in project sources
[WARNING] 19:44:06.167 File 'ProcessCreatedEventHandler.java' not found in project sources
[WARNING] 19:44:06.167 File 'TaskFormSavedEventHandler.java' not found in project sources
[WARNING] 19:44:06.167 File 'TaskDueDateChangedEventHandler.java' not found in project sources
[WARNING] 19:44:06.167 File 'CandidateGroupAddedEventHandler.java' not found in project sources
[WARNING] 19:44:06.167 File 'ProcessStartedEventHandler.java' not found in project sources
[WARNING] 19:44:06.167 File 'ProcessCompletedWithTerminateEndEventHandler.java' not found in project sources
[WARNING] 19:44:06.167 File 'TaskCompletedEventHandler.java' not found in project sources
[WARNING] 19:44:06.167 File 'ProcessCancelledEventHandler.java' not found in project sources
[WARNING] 19:44:06.167 File 'TaskDeletedEventHandler.java' not found in project sources
[WARNING] 19:44:06.167 File 'InsightEntityEvent.java' not found in project sources
[WARNING] 19:44:06.167 File 'EntityTaskDeletedEventHandler.java' not found in project sources
[WARNING] 19:44:06.167 File 'EntityHistoricProcessInstanceDeletedEventHandler.java' not found in project sources
[WARNING] 19:44:06.167 File 'AbstractInsightEventHandler.java' not found in project sources
[WARNING] 19:44:06.167 File 'UpdateStepEventHandler.java' not found in project sources
[WARNING] 19:44:06.167 File 'VariableCreatedEventHandler.java' not found in project sources
[WARNING] 19:44:06.167 File 'InsightEventType.java' not found in project sources
[WARNING] 19:44:06.167 File 'HistoricProcessInstanceDeletedEventHandler.java' not found in project sources
[WARNING] 19:44:06.167 File 'TaskOwnerChangedEventHandler.java' not found in project sources
[WARNING] 19:44:06.167 File 'UpdateSignatureEventHandler.java' not found in project sources
[WARNING] 19:44:06.167 File 'ProcessCompletedWithErrorEndEventHandler.java' not found in project sources
[WARNING] 19:44:06.167 File 'TaskPriorityChangedEventHandler.java' not found in project sources
[WARNING] 19:44:06.167 File 'ProcessDeletedEventHandler.java' not found in project sources
[WARNING] 19:44:06.167 File 'CriteriaQuerySupport.java' not found in project sources
[WARNING] 19:44:06.167 File 'ProcessDefinitionModelMapperImpl.java' not found in project sources
[WARNING] 19:44:06.167 File 'UserPreferencesMapperImpl.java' not found in project sources
[WARNING] 19:44:06.167 File 'FormOptionSetMapper.java' not found in project sources
[WARNING] 19:44:06.167 File 'GroupPrivilegeMapperImpl.java' not found in project sources
[WARNING] 19:44:06.167 File 'RelatedContentMapper.java' not found in project sources
[WARNING] 19:44:06.167 File 'ReferenceDataLookupDefinitionMapper.java' not found in project sources
[WARNING] 19:44:06.167 File 'GroupMapperImpl.java' not found in project sources
[WARNING] 19:44:06.167 File 'ProcessDefinitionModelHistoryMapperImpl.java' not found in project sources
[WARNING] 19:44:06.167 File 'ModelTypeCodec.java' not found in project sources
[WARNING] 19:44:06.167 File 'ProcessDefinitionModelRelationMapper.java' not found in project sources
[WARNING] 19:44:06.167 File 'FormFieldOptionMapper.java' not found in project sources
[WARNING] 19:44:06.168 File 'UserPreferencesMapper.java' not found in project sources
[WARNING] 19:44:06.168 File 'FormFieldOptionMapperImpl.java' not found in project sources
[WARNING] 19:44:06.168 File 'TaskMapperImpl.java' not found in project sources
[WARNING] 19:44:06.168 File 'ProcessDefinitionModelMapper.java' not found in project sources
[WARNING] 19:44:06.168 File 'GroupMapper.java' not found in project sources
[WARNING] 19:44:06.168 File 'GroupPrivilegeMapper.java' not found in project sources
[WARNING] 19:44:06.168 File 'TaskMapper.java' not found in project sources
[WARNING] 19:44:06.168 File 'UserMapperImpl.java' not found in project sources
[WARNING] 19:44:06.168 File 'FormOptionSetMapperImpl.java' not found in project sources
[WARNING] 19:44:06.168 File 'CommentMapper.java' not found in project sources
[WARNING] 19:44:06.168 File 'ProcessDefinitionModelRelationMapperImpl.java' not found in project sources
[WARNING] 19:44:06.168 File 'UserMapper.java' not found in project sources
[WARNING] 19:44:06.168 File 'ReferenceDataLookupDefinitionMapperImpl.java' not found in project sources
[WARNING] 19:44:06.168 File 'CommentMapperImpl.java' not found in project sources
[WARNING] 19:44:06.168 File 'RelatedContentMapperImpl.java' not found in project sources
[WARNING] 19:44:06.168 File 'ProcessDefinitionModelHistoryMapper.java' not found in project sources
[WARNING] 19:44:06.168 File 'InsightAppUser.java' not found in project sources
[WARNING] 19:44:06.168 File 'SecurityUtils.java' not found in project sources
[WARNING] 19:44:06.168 File 'RmqEventListenerImpl.java' not found in project sources
[WARNING] 19:44:06.168 File 'RmqServiceImpl.java' not found in project sources
[WARNING] 19:44:06.168 File 'RmqHealthCheckServiceImpl.java' not found in project sources
[WARNING] 19:44:06.168 File 'ICommentRequest.java' not found in project sources
[WARNING] 19:44:06.168 File 'IIdentityLinkRequest.java' not found in project sources
[WARNING] 19:44:06.168 File 'ISavedSearchRequest.java' not found in project sources
[WARNING] 19:44:06.168 File 'IUserIdentityRequest.java' not found in project sources
[WARNING] 19:44:06.168 File 'IAddGroupPrivilegesRequest.java' not found in project sources
[WARNING] 19:44:06.168 File 'IUpdateProcessDefinitionModelRequest.java' not found in project sources
[WARNING] 19:44:06.168 File 'IUserActionRequest.java' not found in project sources
[WARNING] 19:44:06.168 File 'IAttachmentRequest.java' not found in project sources
[WARNING] 19:44:06.168 File 'IFormSubmitRequest.java' not found in project sources
[WARNING] 19:44:06.168 File 'IMembershipRequest.java' not found in project sources
[WARNING] 19:44:06.168 File 'ICreateUserRequest.java' not found in project sources
[WARNING] 19:44:06.168 File 'IProcessVariableRequest.java' not found in project sources
[WARNING] 19:44:06.168 File 'ICreateProcessDefinitionModelRequest.java' not found in project sources
[WARNING] 19:44:06.168 File 'IUserSearchRequest.java' not found in project sources
[WARNING] 19:44:06.168 File 'IProcessInstanceStateRequest.java' not found in project sources
[WARNING] 19:44:06.168 File 'IProcessInstanceStartRequest.java' not found in project sources
[WARNING] 19:44:06.168 File 'IProcessDefinitionActionRequest.java' not found in project sources
[WARNING] 19:44:06.168 File 'IUpdateAppDefinitionDraftRequest.java' not found in project sources
[WARNING] 19:44:06.168 File 'IUpdateGroupRequest.java' not found in project sources
[WARNING] 19:44:06.168 File 'IUserInfoRequest.java' not found in project sources
[WARNING] 19:44:06.168 File 'ITaskActionRequest.java' not found in project sources
[WARNING] 19:44:06.168 File 'IGroupRequest.java' not found in project sources
[WARNING] 19:44:06.168 File 'IUserRequest.java' not found in project sources
[WARNING] 19:44:06.168 File 'ITaskRequest.java' not found in project sources
[WARNING] 19:44:06.168 File 'IGroupSearchRequest.java' not found in project sources
[WARNING] 19:44:06.168 File 'IProcessInstanceSearchRequest.java' not found in project sources
[WARNING] 19:44:06.168 File 'IUserPictureRequest.java' not found in project sources
[WARNING] 19:44:06.168 File 'ITaskSearchRequest.java' not found in project sources
[WARNING] 19:44:06.168 File 'ICreateAppDefinitionDraftRequest.java' not found in project sources
[WARNING] 19:44:06.168 File 'InsightUserDetails.java' not found in project sources
[WARNING] 19:44:06.168 File 'FullTextSearchableString.java' not found in project sources
[WARNING] 19:44:06.168 File 'FullTextSearchGenerator.java' not found in project sources
[WARNING] 19:44:06.168 File 'SearchType.java' not found in project sources
[WARNING] 19:44:06.168 File 'AccountType.java' not found in project sources
[WARNING] 19:44:06.168 File 'QueueType.java' not found in project sources
[WARNING] 19:44:06.168 File 'GroupType.java' not found in project sources
[WARNING] 19:44:06.168 File 'DisplayValueEnum.java' not found in project sources
[WARNING] 19:44:06.168 File 'UserAccountType.java' not found in project sources
[WARNING] 19:44:06.168 File 'LightUserDto.java' not found in project sources
[WARNING] 19:44:06.168 File 'AbstractUserDto.java' not found in project sources
[WARNING] 19:44:06.168 File 'FullTextSearchGeneratorPostgresImpl.java' not found in project sources
[WARNING] 19:44:06.168 File 'IProcessInstanceQuery.java' not found in project sources
[WARNING] 19:44:06.168 File 'IGroupQueryRequest.java' not found in project sources
[WARNING] 19:44:06.168 File 'ITaskFilterRequest.java' not found in project sources
[WARNING] 19:44:06.168 File 'IProcessInstanceFilterRequest.java' not found in project sources
[WARNING] 19:44:06.168 File 'ITaskQueryRequest.java' not found in project sources
[WARNING] 19:44:06.168 File 'IUserQueryRequest.java' not found in project sources
[WARNING] 19:44:06.168 File 'IProcessDefinitionModelQueryRequest.java' not found in project sources
[WARNING] 19:44:06.168 File 'IPagedRequest.java' not found in project sources
[WARNING] 19:44:06.168 File 'ProcessState.java' not found in project sources
[WARNING] 19:44:06.168 File 'TaskPriority.java' not found in project sources
[WARNING] 19:44:06.168 File 'ProcessSort.java' not found in project sources
[WARNING] 19:44:06.168 File 'ModelType.java' not found in project sources
[WARNING] 19:44:06.168 File 'RestVariableScope.java' not found in project sources
[WARNING] 19:44:06.168 File 'ModelRelationType.java' not found in project sources
[WARNING] 19:44:06.168 File 'UserSort.java' not found in project sources
[WARNING] 19:44:06.168 File 'GroupSort.java' not found in project sources
[WARNING] 19:44:06.168 File 'TaskSort.java' not found in project sources
[WARNING] 19:44:06.168 File 'ProcessModelSort.java' not found in project sources
[WARNING] 19:44:06.168 File 'FtsWeight.java' not found in project sources
[WARNING] 19:44:06.168 File 'NotFoundException.java' not found in project sources
[WARNING] 19:44:06.168 File 'AuthenticationException.java' not found in project sources
[WARNING] 19:44:06.168 File 'AuthorizationException.java' not found in project sources
[WARNING] 19:44:06.168 File 'EncryptionException.java' not found in project sources
[WARNING] 19:44:06.168 File 'IllegalArgumentException.java' not found in project sources
[WARNING] 19:44:06.168 File 'ConflictRequestException.java' not found in project sources
[WARNING] 19:44:06.168 File 'BaseRestException.java' not found in project sources
[WARNING] 19:44:06.168 File 'BadRequestException.java' not found in project sources
[WARNING] 19:44:06.168 File 'IntegrationException.java' not found in project sources
[WARNING] 19:44:06.168 File 'ContentStorageException.java' not found in project sources
[WARNING] 19:44:06.168 File 'InternalServerErrorException.java' not found in project sources
[WARNING] 19:44:06.168 File 'ErrorInfo.java' not found in project sources
[WARNING] 19:44:06.168 File 'ModelHistoryService.java' not found in project sources
[WARNING] 19:44:06.169 File 'ModelService.java' not found in project sources
[WARNING] 19:44:06.169 File 'AppArchiveService.java' not found in project sources
[WARNING] 19:44:06.169 File 'ModelRelationService.java' not found in project sources
[WARNING] 19:44:06.169 File 'AppDefinitionService.java' not found in project sources
[WARNING] 19:44:06.169 File 'ChecksumUtil.java' not found in project sources
[WARNING] 19:44:06.169 File 'ThreadLocalContext.java' not found in project sources
[WARNING] 19:44:06.169 File 'AcmUtils.java' not found in project sources
[WARNING] 19:44:06.169 File 'Const.java' not found in project sources
[WARNING] 19:44:06.169 File 'Utils.java' not found in project sources
[WARNING] 19:44:06.169 File 'ServerTalk.java' not found in project sources
[WARNING] 19:44:06.169 File 'ReferenceDataLookupDto.java' not found in project sources
[WARNING] 19:44:06.169 File 'IPermissionRep.java' not found in project sources
[WARNING] 19:44:06.169 File 'IGroupPrivilegeDto.java' not found in project sources
[WARNING] 19:44:06.169 File 'IUserPreferencesDto.java' not found in project sources
[WARNING] 19:44:06.169 File 'IGroupDto.java' not found in project sources
[WARNING] 19:44:06.169 File 'ReferenceDataLookupValueDto.java' not found in project sources
[WARNING] 19:44:06.169 File 'IUserGroupDto.java' not found in project sources
[WARNING] 19:44:06.169 File 'IUserDto.java' not found in project sources
[WARNING] 19:44:06.169 File 'IFormOptionSetDto.java' not found in project sources
[WARNING] 19:44:06.169 File 'IFormFieldOptionDto.java' not found in project sources
[WARNING] 19:44:06.169 File 'SearchRequest.java' not found in project sources
[WARNING] 19:44:06.169 File 'IAcmUserGroupRep.java' not found in project sources
[WARNING] 19:44:06.169 File 'IAcmConfigurationRep.java' not found in project sources
[WARNING] 19:44:06.169 File 'ReferenceDataLookupKeyDto.java' not found in project sources
[WARNING] 19:44:06.169 File 'IRelatedContentDto.java' not found in project sources
[WARNING] 19:44:06.169 File 'ReferenceDataLookupDefinitionDto.java' not found in project sources
[WARNING] 19:44:06.169 File 'RmqEventPublisher.java' not found in project sources
[WARNING] 19:44:06.169 File 'RmqHealthCheckService.java' not found in project sources
[WARNING] 19:44:06.169 File 'RmqEventListener.java' not found in project sources
[WARNING] 19:44:06.169 File 'RmqService.java' not found in project sources
[WARNING] 19:44:06.169 File 'IReferenceDataLookupValueDto.java' not found in project sources
[WARNING] 19:44:06.169 File 'IReferenceDataLookupKeyDto.java' not found in project sources
[WARNING] 19:44:06.169 File 'FormService.java' not found in project sources
[WARNING] 19:44:06.169 File 'UserSyncCacheService.java' not found in project sources
[WARNING] 19:44:06.169 File 'CommentService.java' not found in project sources
[WARNING] 19:44:06.169 File 'FormOptionSetService.java' not found in project sources
[WARNING] 19:44:06.169 File 'TaskService.java' not found in project sources
[WARNING] 19:44:06.169 File 'LoadAcmConfigurationService.java' not found in project sources
[WARNING] 19:44:06.169 File 'FormFieldOptionService.java' not found in project sources
[WARNING] 19:44:06.169 File 'TaskQueryService.java' not found in project sources
[WARNING] 19:44:06.169 File 'ProcessInstanceQueryService.java' not found in project sources
[WARNING] 19:44:06.169 File 'RoleResourceService.java' not found in project sources
[WARNING] 19:44:06.169 File 'AuthService.java' not found in project sources
[WARNING] 19:44:06.169 File 'IReferenceDataService.java' not found in project sources
[WARNING] 19:44:06.169 File 'UserService.java' not found in project sources
[WARNING] 19:44:06.169 File 'AcmInitializerService.java' not found in project sources
[WARNING] 19:44:06.169 File 'AppService.java' not found in project sources
[WARNING] 19:44:06.169 File 'PrivilegeService.java' not found in project sources
[WARNING] 19:44:06.169 File 'UserPreferencesService.java' not found in project sources
[WARNING] 19:44:06.169 File 'ProcessInstanceVariableService.java' not found in project sources
[WARNING] 19:44:06.169 File 'ContentStorageService.java' not found in project sources
[WARNING] 19:44:06.169 File 'UserCache.java' not found in project sources
[WARNING] 19:44:06.169 File 'ProcessInstanceService.java' not found in project sources
[WARNING] 19:44:06.169 File 'TaskActionService.java' not found in project sources
[WARNING] 19:44:06.169 File 'RelatedContentService.java' not found in project sources
[WARNING] 19:44:06.169 File 'AESService.java' not found in project sources
[WARNING] 19:44:06.169 File 'UserSynchronizationService.java' not found in project sources
[WARNING] 19:44:06.169 File 'ProcessDefinitionService.java' not found in project sources
[WARNING] 19:44:06.169 File 'GroupService.java' not found in project sources
[WARNING] 19:44:06.169 File 'IFormDataResponse.java' not found in project sources
[WARNING] 19:44:06.169 File 'IProcessDefinitionModelResponse.java' not found in project sources
[WARNING] 19:44:06.169 File 'IAppPublishResponse.java' not found in project sources
[WARNING] 19:44:06.169 File 'IAttachmentResponse.java' not found in project sources
[WARNING] 19:44:06.169 File 'IUserGroupSummary.java' not found in project sources
[WARNING] 19:44:06.169 File 'IAppDefinitionDraftSummaryResponse.java' not found in project sources
[WARNING] 19:44:06.169 File 'IProcessInstanceResponse.java' not found in project sources
[WARNING] 19:44:06.169 File 'IProcessVariableResponse.java' not found in project sources
[WARNING] 19:44:06.169 File 'ISavedSearchResponse.java' not found in project sources
[WARNING] 19:44:06.169 File 'IUserDetailsResponse.java' not found in project sources
[WARNING] 19:44:06.169 File 'ITaskResponse.java' not found in project sources
[WARNING] 19:44:06.169 File 'IIdentityLinkResponse.java' not found in project sources
[WARNING] 19:44:06.169 File 'IMembershipResponse.java' not found in project sources
[WARNING] 19:44:06.169 File 'IProcessDefinitionModelRelationResponse.java' not found in project sources
[WARNING] 19:44:06.169 File 'ICountResponse.java' not found in project sources
[WARNING] 19:44:06.169 File 'IFormFieldResponse.java' not found in project sources
[WARNING] 19:44:06.169 File 'IDeploymentResourceResponse.java' not found in project sources
[WARNING] 19:44:06.169 File 'IAppDefinitionDraftResponse.java' not found in project sources
[WARNING] 19:44:06.169 File 'IGroupResponse.java' not found in project sources
[WARNING] 19:44:06.169 File 'IUserResponse.java' not found in project sources
[WARNING] 19:44:06.169 File 'IAggregatedResponse.java' not found in project sources
[WARNING] 19:44:06.169 File 'ICommentResponse.java' not found in project sources
[WARNING] 19:44:06.169 File 'IUserInfoResponse.java' not found in project sources
[WARNING] 19:44:06.169 File 'IUserDetailResponse.java' not found in project sources
[WARNING] 19:44:06.169 File 'IProcessDefinitionModelHistoryResponse.java' not found in project sources
[WARNING] 19:44:06.169 File 'IPagedResponse.java' not found in project sources
[WARNING] 19:44:06.169 File 'IProcessDefinitionModelSummaryResponse.java' not found in project sources
[WARNING] 19:44:06.169 File 'IProcessDefinitionResponse.java' not found in project sources
[WARNING] 19:44:06.169 File 'IAppDeploymentResponse.java' not found in project sources
[WARNING] 19:44:06.169 File 'IAppDefinitionResponse.java' not found in project sources
[WARNING] 19:44:06.169 File 'ICookieProperties.java' not found in project sources
[WARNING] 19:44:06.169 File 'IGroupEntity.java' not found in project sources
[WARNING] 19:44:06.169 File 'IEventSyncEntity.java' not found in project sources
[WARNING] 19:44:06.169 File 'IRuntimeIdentityLinkEntity.java' not found in project sources
[WARNING] 19:44:06.169 File 'IRuntimeExecutionEntity.java' not found in project sources
[WARNING] 19:44:06.169 File 'IUserEntity.java' not found in project sources
[WARNING] 19:44:06.169 File 'IProcessDefinitionModelHistoryEntity.java' not found in project sources
[WARNING] 19:44:06.169 File 'IHistoricIdentityLinkEntity.java' not found in project sources
[WARNING] 19:44:06.169 File 'IAbstractAuditEntity.java' not found in project sources
[WARNING] 19:44:06.169 File 'ITaskEntity.java' not found in project sources
[WARNING] 19:44:06.169 File 'IGroupPrivilegeEntity.java' not found in project sources
[WARNING] 19:44:06.169 File 'IHistoricTaskEntity.java' not found in project sources
[WARNING] 19:44:06.169 File 'IProcessDefinitionEntity.java' not found in project sources
[WARNING] 19:44:06.169 File 'IProcessSearchEntity.java' not found in project sources
[WARNING] 19:44:06.169 File 'IUserPreferencesEntity.java' not found in project sources
[WARNING] 19:44:06.169 File 'IMutableId.java' not found in project sources
[WARNING] 19:44:06.169 File 'IAppDeploymentEntity.java' not found in project sources
[WARNING] 19:44:06.169 File 'ICommentEntity.java' not found in project sources
[WARNING] 19:44:06.169 File 'IProcessDefinitionModelEntity.java' not found in project sources
[WARNING] 19:44:06.169 File 'IDeploymentEntity.java' not found in project sources
[WARNING] 19:44:06.169 File 'IProcessDefinitionModelRelationEntity.java' not found in project sources
[WARNING] 19:44:06.169 File 'IHistoricVariableInstanceEntity.java' not found in project sources
[WARNING] 19:44:06.169 File 'ITaskSearchEntity.java' not found in project sources
[WARNING] 19:44:06.169 File 'IRelatedContentEntity.java' not found in project sources
[WARNING] 19:44:06.169 File 'IAbstractTaskInfoEntity.java' not found in project sources
[WARNING] 19:44:06.169 File 'IHistoricProcessInstanceEntity.java' not found in project sources
[WARNING] 19:44:06.169 File 'ICommentNotify.java' not found in project sources
[WARNING] 19:44:06.170 File 'IRestVariable.java' not found in project sources
[WARNING] 19:44:06.170 File 'RelatedContentStatus.java' not found in project sources
[WARNING] 19:44:06.170 File 'GroupStatus.java' not found in project sources
[WARNING] 19:44:06.170 File 'UserAccountStatus.java' not found in project sources
[WARNING] 19:44:06.170 File 'TaskState.java' not found in project sources
[WARNING] 19:44:06.170 File 'InsightEventHandler.java' not found in project sources
[WARNING] 19:44:06.170 File 'IEventDto.java' not found in project sources
[WARNING] 19:44:06.170 File 'ISavedSearch.java' not found in project sources
[WARNING] 19:44:06.170 File 'IUserPreferences.java' not found in project sources
[WARNING] 19:44:06.170 File 'ITableColumnDefinition.java' not found in project sources
[INFO] 19:44:06.170 Sensor JaCoCo XML Report Importer [jacoco] (done) | time=138ms
[INFO] 19:44:06.170 Sensor IaC hadolint report Sensor [iac]
[INFO] 19:44:06.171 Sensor IaC hadolint report Sensor [iac] (done) | time=0ms
[INFO] 19:44:06.171 Sensor Java Config Sensor [iac]
[INFO] 19:44:06.220 There are no files to be analyzed for the Java language
[INFO] 19:44:06.220 Sensor Java Config Sensor [iac] (done) | time=49ms
[INFO] 19:44:06.220 Sensor IaC Docker Sensor [iac]
[INFO] 19:44:06.220 Sensor IaC Docker Sensor is restricted to changed files only
[INFO] 19:44:06.221 There are no files to be analyzed for the Docker language
[INFO] 19:44:06.221 Sensor IaC Docker Sensor [iac] (done) | time=0ms
[INFO] 19:44:06.221 Sensor IaC GitHub Actions Sensor [iac]
[INFO] 19:44:06.221 There are no files to be analyzed for the GitHub Actions language
[INFO] 19:44:06.221 Sensor IaC GitHub Actions Sensor [iac] (done) | time=0ms
[INFO] 19:44:06.222 Sensor IaC actionlint report Sensor [iac]
[INFO] 19:44:06.222 Sensor IaC actionlint report Sensor [iac] (done) | time=0ms
[INFO] 19:44:06.222 Sensor IaC Shell Sensor [iac]
[INFO] 19:44:06.222 There are no files to be analyzed for the Shell language
[INFO] 19:44:06.222 Sensor IaC Shell Sensor [iac] (done) | time=0ms
[INFO] 19:44:06.222 Sensor ThymeLeaf template sensor [securityjavafrontend]
[INFO] 19:44:06.224 Sensor ThymeLeaf template sensor [securityjavafrontend] (done) | time=1ms
[INFO] 19:44:06.224 Sensor JavaAndroidConfigurationSensor [securityjavafrontend]
[INFO] 19:44:06.224 Sensor JavaAndroidConfigurationSensor [securityjavafrontend] (done) | time=0ms
[INFO] 19:44:06.224 Sensor JavaModuleSecuritySensor [securityjavafrontend]
[INFO] 19:44:06.224 Sensor JavaModuleSecuritySensor [securityjavafrontend] (done) | time=0ms
[INFO] 19:44:06.224 Sensor SurefireSensor [java]
[INFO] 19:44:06.225 parsing [/home/jenkins/agent/workspace/rd_insight-server_PR-57/insight-dao/target/surefire-reports]
[INFO] 19:44:06.272 Sensor SurefireSensor [java] (done) | time=47ms
[INFO] 19:44:06.272 Sensor XML Sensor [xml]
[INFO] 19:44:06.272 Sensor XML Sensor is restricted to changed files only
[INFO] 19:44:06.272 Sensor XML Sensor [xml] (done) | time=0ms
[INFO] 19:44:06.273 ------------- Run sensors on module Insight - REST
[INFO] 19:44:06.415 Sensor JavaSensor [java]
[INFO] 19:44:06.415 Configured Java source version (sonar.java.source): 21, preview features enabled (sonar.java.enablePreview): false
[INFO] 19:44:06.427 The Java analyzer is running in a context where unchanged files can be skipped. Full analysis is performed for changed files, optimized analysis for unchanged files.
[INFO] 19:44:06.569 Server-side caching is enabled. The Java analyzer was able to leverage cached data from previous analyses for 42 out of 42 files. These files will not be parsed.
[INFO] 19:44:06.569 No "Main" source files to scan.
[INFO] 19:44:06.613 No "Test" source files to scan.
[INFO] 19:44:06.614 No "Generated" source files to scan.
[INFO] 19:44:06.614 Sensor JavaSensor [java] (done) | time=199ms
[INFO] 19:44:06.614 Sensor JaCoCo XML Report Importer [jacoco]
[INFO] 19:44:06.615 Importing 1 report(s). Turn your logs in debug mode in order to see the exhaustive list.
[WARNING] 19:44:06.666 File 'AcmProperties.java' not found in project sources
[WARNING] 19:44:06.666 File 'PdfProperties.java' not found in project sources
[WARNING] 19:44:06.666 File 'UserProperties.java' not found in project sources
[WARNING] 19:44:06.666 File 'SecurityProperties.java' not found in project sources
[WARNING] 19:44:06.666 File 'RmqProperties.java' not found in project sources
[WARNING] 19:44:06.666 File 'ExportConfig.java' not found in project sources
[WARNING] 19:44:06.666 File 'TableConfig.java' not found in project sources
[WARNING] 19:44:06.666 File 'ClientProperties.java' not found in project sources
[WARNING] 19:44:06.666 File 'ColumnConfig.java' not found in project sources
[WARNING] 19:44:06.666 File 'S3ApplicationProperties.java' not found in project sources
[WARNING] 19:44:06.666 File 'CookieProperties.java' not found in project sources
[WARNING] 19:44:06.666 File 'StorageClientConfig.java' not found in project sources
[WARNING] 19:44:06.666 File 'HttpClientConfig.java' not found in project sources
[WARNING] 19:44:06.666 File 'DynamicRmqConfig.java' not found in project sources
[WARNING] 19:44:06.666 File 'DatabaseConfiguration.java' not found in project sources
[WARNING] 19:44:06.666 File 'FlowableConfig.java' not found in project sources
[WARNING] 19:44:06.666 File 'RestControllerPathLogger.java' not found in project sources
[WARNING] 19:44:06.666 File 'JacksonConfig.java' not found in project sources
[WARNING] 19:44:06.666 File 'CacheConfiguration.java' not found in project sources
[WARNING] 19:44:06.666 File 'LegacyInitiatorAssignmentParseHandler.java' not found in project sources
[WARNING] 19:44:06.666 File 'DataSourceBuilder.java' not found in project sources
[WARNING] 19:44:06.666 File 'JwtAuthenticationFilter.java' not found in project sources
[WARNING] 19:44:06.666 File 'SecurityConfig.java' not found in project sources
[WARNING] 19:44:06.666 File 'SpringSecurityAuthenticationContext.java' not found in project sources
[WARNING] 19:44:06.666 File 'WorkflowIdentifierLockEntity_.java' not found in project sources
[WARNING] 19:44:06.666 File 'ReferenceDataLookupEntity.java' not found in project sources
[WARNING] 19:44:06.666 File 'UserEntity_.java' not found in project sources
[WARNING] 19:44:06.666 File 'AbstractTaskInfoEntity_.java' not found in project sources
[WARNING] 19:44:06.666 File 'InsightSequenceEntity_.java' not found in project sources
[WARNING] 19:44:06.666 File 'GroupEntity.java' not found in project sources
[WARNING] 19:44:06.666 File 'HistoricProcessInstanceEntity.java' not found in project sources
[WARNING] 19:44:06.666 File 'TaskEntity_.java' not found in project sources
[WARNING] 19:44:06.666 File 'ArchivePublicationLockEntity_.java' not found in project sources
[WARNING] 19:44:06.666 File 'UserPreferencesEntity.java' not found in project sources
[WARNING] 19:44:06.666 File 'InsightProcessIdEntity.java' not found in project sources
[WARNING] 19:44:06.666 File 'ReferenceDataLookupKeyEntity.java' not found in project sources
[WARNING] 19:44:06.666 File 'ProcessDefinitionModelHistoryEntity.java' not found in project sources
[WARNING] 19:44:06.666 File 'AbstractAuditEntity.java' not found in project sources
[WARNING] 19:44:06.667 File 'TaskSearchEntity_.java' not found in project sources
[WARNING] 19:44:06.667 File 'ProcessDefinitionEntity_.java' not found in project sources
[WARNING] 19:44:06.667 File 'GroupPrivilegeEntity.java' not found in project sources
[WARNING] 19:44:06.667 File 'RelatedContentEntity_.java' not found in project sources
[WARNING] 19:44:06.667 File 'DeploymentEntity.java' not found in project sources
[WARNING] 19:44:06.667 File 'CommentEntity.java' not found in project sources
[WARNING] 19:44:06.667 File 'ReferenceDataLookupEntity_.java' not found in project sources
[WARNING] 19:44:06.667 File 'TaskEntity.java' not found in project sources
[WARNING] 19:44:06.667 File 'ReferenceDataLookupValueEntity.java' not found in project sources
[WARNING] 19:44:06.667 File 'HistoricProcessInstanceEntity_.java' not found in project sources
[WARNING] 19:44:06.667 File 'RuntimeExecutionEntity_.java' not found in project sources
[WARNING] 19:44:06.667 File 'HistoricIdentityLinkEntity_.java' not found in project sources
[WARNING] 19:44:06.667 File 'ProcessDefinitionEntity.java' not found in project sources
[WARNING] 19:44:06.667 File 'EventSyncEntity.java' not found in project sources
[WARNING] 19:44:06.667 File 'AbstractAuditEntity_.java' not found in project sources
[WARNING] 19:44:06.667 File 'UserEntity.java' not found in project sources
[WARNING] 19:44:06.667 File 'ProcessDefinitionModelHistoryEntity_.java' not found in project sources
[WARNING] 19:44:06.667 File 'ReferenceDataLookupKeyEntity_.java' not found in project sources
[WARNING] 19:44:06.667 File 'HistoricTaskEntity.java' not found in project sources
[WARNING] 19:44:06.667 File 'UserGroupEntity.java' not found in project sources
[WARNING] 19:44:06.667 File 'InsightSequenceEntity.java' not found in project sources
[WARNING] 19:44:06.667 File 'RuntimeIdentityLinkEntity.java' not found in project sources
[WARNING] 19:44:06.667 File 'FormFieldOptionEntity.java' not found in project sources
[WARNING] 19:44:06.667 File 'ProcessSearchEntity_.java' not found in project sources
[WARNING] 19:44:06.667 File 'FormFieldOptionEntity_.java' not found in project sources
[WARNING] 19:44:06.667 File 'ProcessDefinitionModelEntity_.java' not found in project sources
[WARNING] 19:44:06.667 File 'AppDeploymentEntity_.java' not found in project sources
[WARNING] 19:44:06.667 File 'AppDeploymentEntity.java' not found in project sources
[WARNING] 19:44:06.667 File 'HistoricVariableInstanceEntity.java' not found in project sources
[WARNING] 19:44:06.667 File 'HistoricIdentityLinkEntity.java' not found in project sources
[WARNING] 19:44:06.667 File 'AbstractTaskInfoEntity.java' not found in project sources
[WARNING] 19:44:06.667 File 'ReferenceDataLookupValueEntity_.java' not found in project sources
[WARNING] 19:44:06.667 File 'UserGroupEntity_.java' not found in project sources
[WARNING] 19:44:06.667 File 'RuntimeIdentityLinkEntity_.java' not found in project sources
[WARNING] 19:44:06.667 File 'GroupEntity_.java' not found in project sources
[WARNING] 19:44:06.667 File 'GroupPrivilegeEntity_.java' not found in project sources
[WARNING] 19:44:06.667 File 'EventSyncEntity_.java' not found in project sources
[WARNING] 19:44:06.667 File 'ProcessDefinitionModelRelationEntity_.java' not found in project sources
[WARNING] 19:44:06.667 File 'ProcessSearchEntity.java' not found in project sources
[WARNING] 19:44:06.667 File 'FormOptionSetEntity_.java' not found in project sources
[WARNING] 19:44:06.667 File 'ProcessDefinitionModelRelationEntity.java' not found in project sources
[WARNING] 19:44:06.667 File 'RelatedContentEntity.java' not found in project sources
[WARNING] 19:44:06.667 File 'HistoricVariableInstanceEntity_.java' not found in project sources
[WARNING] 19:44:06.667 File 'ProcessDefinitionModelEntity.java' not found in project sources
[WARNING] 19:44:06.667 File 'WorkflowIdentifierLockEntity.java' not found in project sources
[WARNING] 19:44:06.667 File 'FormOptionSetEntity.java' not found in project sources
[WARNING] 19:44:06.667 File 'RuntimeExecutionEntity.java' not found in project sources
[WARNING] 19:44:06.667 File 'UserPreferencesEntity_.java' not found in project sources
[WARNING] 19:44:06.667 File 'ReferenceDataLookupDefinitionEntity.java' not found in project sources
[WARNING] 19:44:06.667 File 'DeploymentEntity_.java' not found in project sources
[WARNING] 19:44:06.667 File 'HistoricTaskEntity_.java' not found in project sources
[WARNING] 19:44:06.667 File 'TaskSearchEntity.java' not found in project sources
[WARNING] 19:44:06.667 File 'CommentEntity_.java' not found in project sources
[WARNING] 19:44:06.667 File 'ReferenceDataLookupDefinitionEntity_.java' not found in project sources
[WARNING] 19:44:06.667 File 'ArchivePublicationLockEntity.java' not found in project sources
[WARNING] 19:44:06.667 File 'InsightProcessIdEntity_.java' not found in project sources
[WARNING] 19:44:06.667 File 'ReferenceDataLookupRepositoryCustom.java' not found in project sources
[WARNING] 19:44:06.667 File 'ProcessDefinitionModelRepository.java' not found in project sources
[WARNING] 19:44:06.667 File 'RuntimeExecutionRepository.java' not found in project sources
[WARNING] 19:44:06.667 File 'AppDeploymentRepository.java' not found in project sources
[WARNING] 19:44:06.667 File 'ProcessDefinitionModelHistoryRepository.java' not found in project sources
[WARNING] 19:44:06.667 File 'UserGroupRepository.java' not found in project sources
[WARNING] 19:44:06.667 File 'GroupRepository.java' not found in project sources
[WARNING] 19:44:06.667 File 'InsightProcessIdRepository.java' not found in project sources
[WARNING] 19:44:06.667 File 'ReferenceDataLookupDefinitionRepository.java' not found in project sources
[WARNING] 19:44:06.667 File 'TaskSearchRepository.java' not found in project sources
[WARNING] 19:44:06.667 File 'FormFieldOptionRepository.java' not found in project sources
[WARNING] 19:44:06.667 File 'FormOptionSetRepository.java' not found in project sources
[WARNING] 19:44:06.667 File 'TaskRepository.java' not found in project sources
[WARNING] 19:44:06.667 File 'HistoricVariableInstanceRepository.java' not found in project sources
[WARNING] 19:44:06.667 File 'EventSyncRepository.java' not found in project sources
[WARNING] 19:44:06.667 File 'ProcessSearchRepository.java' not found in project sources
[WARNING] 19:44:06.667 File 'ArchivePublicationLockRepository.java' not found in project sources
[WARNING] 19:44:06.667 File 'DeploymentRepository.java' not found in project sources
[WARNING] 19:44:06.667 File 'UserPreferencesRepository.java' not found in project sources
[WARNING] 19:44:06.667 File 'HistoricProcessInstanceRepository.java' not found in project sources
[WARNING] 19:44:06.667 File 'CommentRepository.java' not found in project sources
[WARNING] 19:44:06.667 File 'InsightSequenceRepository.java' not found in project sources
[WARNING] 19:44:06.667 File 'RelatedContentRepository.java' not found in project sources
[WARNING] 19:44:06.667 File 'HistoricTaskRepository.java' not found in project sources
[WARNING] 19:44:06.667 File 'ReferenceDataLookupRepository.java' not found in project sources
[WARNING] 19:44:06.667 File 'ReferenceDataLookupRepositoryImpl.java' not found in project sources
[WARNING] 19:44:06.667 File 'WorkflowIdentifierLockRepository.java' not found in project sources
[WARNING] 19:44:06.667 File 'GroupPrivilegeRepository.java' not found in project sources
[WARNING] 19:44:06.667 File 'ProcessDefinitionRepository.java' not found in project sources
[WARNING] 19:44:06.667 File 'UserRepository.java' not found in project sources
[WARNING] 19:44:06.667 File 'ProcessDefinitionModelRelationRepository.java' not found in project sources
[WARNING] 19:44:06.667 File 'TaskInfoQueryWrapper.java' not found in project sources
[WARNING] 19:44:06.667 File 'TaskQueryRequest.java' not found in project sources
[WARNING] 19:44:06.667 File 'TaskFilterRequest.java' not found in project sources
[WARNING] 19:44:06.667 File 'UserQueryRequest.java' not found in project sources
[WARNING] 19:44:06.667 File 'TaskFilter.java' not found in project sources
[WARNING] 19:44:06.667 File 'FilterRequest.java' not found in project sources
[WARNING] 19:44:06.667 File 'ProcessInstanceFilter.java' not found in project sources
[WARNING] 19:44:06.667 File 'ProcessInstanceQueryRequest.java' not found in project sources
[WARNING] 19:44:06.667 File 'Filter.java' not found in project sources
[WARNING] 19:44:06.667 File 'PagedRequest.java' not found in project sources
[WARNING] 19:44:06.667 File 'ProcessDefinitionModelQueryRequest.java' not found in project sources
[WARNING] 19:44:06.667 File 'GroupQueryRequest.java' not found in project sources
[WARNING] 19:44:06.667 File 'ProcessInstanceFilterRequest.java' not found in project sources
[WARNING] 19:44:06.667 File 'CreateProcessDefinitionModelRequest.java' not found in project sources
[WARNING] 19:44:06.667 File 'ProcessDefinitionActionRequest.java' not found in project sources
[WARNING] 19:44:06.667 File 'CreateUserRequest.java' not found in project sources
[WARNING] 19:44:06.667 File 'MembershipRequest.java' not found in project sources
[WARNING] 19:44:06.667 File 'UpdateAppDefinitionDraftRequest.java' not found in project sources
[WARNING] 19:44:06.667 File 'TaskRequest.java' not found in project sources
[WARNING] 19:44:06.667 File 'UserInfoRequest.java' not found in project sources
[WARNING] 19:44:06.667 File 'ProcessInstanceStartRequest.java' not found in project sources
[WARNING] 19:44:06.667 File 'TaskActionRequest.java' not found in project sources
[WARNING] 19:44:06.667 File 'AddGroupPrivilegesRequest.java' not found in project sources
[WARNING] 19:44:06.667 File 'IdentityLinkRequest.java' not found in project sources
[WARNING] 19:44:06.667 File 'UserActionRequest.java' not found in project sources
[WARNING] 19:44:06.667 File 'ProcessInstanceSearchRequest.java' not found in project sources
[WARNING] 19:44:06.667 File 'AttachmentRequest.java' not found in project sources
[WARNING] 19:44:06.667 File 'SavedSearchRequest.java' not found in project sources
[WARNING] 19:44:06.667 File 'ProcessVariableRequest.java' not found in project sources
[WARNING] 19:44:06.667 File 'UserPictureRequest.java' not found in project sources
[WARNING] 19:44:06.668 File 'GroupRequest.java' not found in project sources
[WARNING] 19:44:06.668 File 'UserRequest.java' not found in project sources
[WARNING] 19:44:06.668 File 'UpdateProcessDefinitionModelRequest.java' not found in project sources
[WARNING] 19:44:06.668 File 'UserSearchRequest.java' not found in project sources
[WARNING] 19:44:06.668 File 'UserIdentityRequest.java' not found in project sources
[WARNING] 19:44:06.668 File 'TaskSearchRequest.java' not found in project sources
[WARNING] 19:44:06.668 File 'CommentRequest.java' not found in project sources
[WARNING] 19:44:06.668 File 'UpdateGroupRequest.java' not found in project sources
[WARNING] 19:44:06.668 File 'ProcessInstanceStateRequest.java' not found in project sources
[WARNING] 19:44:06.668 File 'CreateAppDefinitionDraftRequest.java' not found in project sources
[WARNING] 19:44:06.668 File 'FormSubmitRequest.java' not found in project sources
[WARNING] 19:44:06.668 File 'GroupSearchRequest.java' not found in project sources
[WARNING] 19:44:06.668 File 'AcmUserGroupRep.java' not found in project sources
[WARNING] 19:44:06.668 File 'UserGroupRep.java' not found in project sources
[WARNING] 19:44:06.668 File 'AcmConfigurationRep.java' not found in project sources
[WARNING] 19:44:06.668 File 'AcmResource.java' not found in project sources
[WARNING] 19:44:06.668 File 'LoginParameter.java' not found in project sources
[WARNING] 19:44:06.668 File 'PermissionRep.java' not found in project sources
[WARNING] 19:44:06.668 File 'SimpleContentTypeMapper.java' not found in project sources
[WARNING] 19:44:06.668 File 'AppDefinitionResponse.java' not found in project sources
[WARNING] 19:44:06.668 File 'FormDataResponse.java' not found in project sources
[WARNING] 19:44:06.668 File 'ProcessDefinitionModelResponse.java' not found in project sources
[WARNING] 19:44:06.668 File 'FormFieldResponse.java' not found in project sources
[WARNING] 19:44:06.668 File 'PagedResponse.java' not found in project sources
[WARNING] 19:44:06.668 File 'UserInfoResponse.java' not found in project sources
[WARNING] 19:44:06.668 File 'AggregatedResponse.java' not found in project sources
[WARNING] 19:44:06.668 File 'ProcessDefinitionModelHistoryResponse.java' not found in project sources
[WARNING] 19:44:06.668 File 'AppDeploymentResponse.java' not found in project sources
[WARNING] 19:44:06.668 File 'UserGroupSummary.java' not found in project sources
[WARNING] 19:44:06.668 File 'ProcessDefinitionResponse.java' not found in project sources
[WARNING] 19:44:06.668 File 'ProcessDefinitionModelRelationResponse.java' not found in project sources
[WARNING] 19:44:06.668 File 'CountResponse.java' not found in project sources
[WARNING] 19:44:06.668 File 'UserDetailResponse.java' not found in project sources
[WARNING] 19:44:06.668 File 'UserResponse.java' not found in project sources
[WARNING] 19:44:06.668 File 'ProcessDefinitionModelSummaryResponse.java' not found in project sources
[WARNING] 19:44:06.668 File 'SavedSearchResponse.java' not found in project sources
[WARNING] 19:44:06.668 File 'GroupResponse.java' not found in project sources
[WARNING] 19:44:06.668 File 'AppDefinitionDraftResponse.java' not found in project sources
[WARNING] 19:44:06.668 File 'ProcessInstanceResponse.java' not found in project sources
[WARNING] 19:44:06.668 File 'AttachmentResponse.java' not found in project sources
[WARNING] 19:44:06.668 File 'IdentityLinkResponse.java' not found in project sources
[WARNING] 19:44:06.668 File 'MembershipResponse.java' not found in project sources
[WARNING] 19:44:06.668 File 'AppDefinitionDraftSummaryResponse.java' not found in project sources
[WARNING] 19:44:06.668 File 'ProcessVariableResponse.java' not found in project sources
[WARNING] 19:44:06.668 File 'TaskResponse.java' not found in project sources
[WARNING] 19:44:06.668 File 'UserDetailsResponse.java' not found in project sources
[WARNING] 19:44:06.668 File 'DeploymentResourceResponse.java' not found in project sources
[WARNING] 19:44:06.668 File 'CommentResponse.java' not found in project sources
[WARNING] 19:44:06.668 File 'AppPublishResponse.java' not found in project sources
[WARNING] 19:44:06.668 File 'TokenResponse.java' not found in project sources
[WARNING] 19:44:06.668 File 'EncryptedJSON.java' not found in project sources
[WARNING] 19:44:06.668 File 'CookiePropertiesModel.java' not found in project sources
[WARNING] 19:44:06.668 File 'TokenRequest.java' not found in project sources
[WARNING] 19:44:06.668 File 'Privileges.java' not found in project sources
[WARNING] 19:44:06.668 File 'RestVariable.java' not found in project sources
[WARNING] 19:44:06.668 File 'CommentNotify.java' not found in project sources
[WARNING] 19:44:06.668 File 'PageInfo.java' not found in project sources
[WARNING] 19:44:06.668 File 'AppDefinitionContent.java' not found in project sources
[WARNING] 19:44:06.668 File 'SavedSearch.java' not found in project sources
[WARNING] 19:44:06.668 File 'SavedSearchBase.java' not found in project sources
[WARNING] 19:44:06.668 File 'UserPreferences.java' not found in project sources
[WARNING] 19:44:06.668 File 'TableColumnDefinition.java' not found in project sources
[WARNING] 19:44:06.668 File 'FormOptionSetDto.java' not found in project sources
[WARNING] 19:44:06.668 File 'UserPreferencesDto.java' not found in project sources
[WARNING] 19:44:06.668 File 'UserGroupDto.java' not found in project sources
[WARNING] 19:44:06.668 File 'GroupPrivilegeDto.java' not found in project sources
[WARNING] 19:44:06.668 File 'UserDto.java' not found in project sources
[WARNING] 19:44:06.668 File 'GroupDto.java' not found in project sources
[WARNING] 19:44:06.668 File 'FormFieldOptionDto.java' not found in project sources
[WARNING] 19:44:06.668 File 'RelatedContentDto.java' not found in project sources
[WARNING] 19:44:06.669 File 'DateRestVariableConverter.java' not found in project sources
[WARNING] 19:44:06.670 File 'DoubleRestVariableConverter.java' not found in project sources
[WARNING] 19:44:06.670 File 'LongRestVariableConverter.java' not found in project sources
[WARNING] 19:44:06.670 File 'RestVariableConverter.java' not found in project sources
[WARNING] 19:44:06.670 File 'IntegerRestVariableConverter.java' not found in project sources
[WARNING] 19:44:06.670 File 'StringRestVariableConverter.java' not found in project sources
[WARNING] 19:44:06.670 File 'ShortRestVariableConverter.java' not found in project sources
[WARNING] 19:44:06.670 File 'BooleanRestVariableConverter.java' not found in project sources
[WARNING] 19:44:06.670 File 'AppServiceImpl.java' not found in project sources
[WARNING] 19:44:06.670 File 'RestVariableFactory.java' not found in project sources
[WARNING] 19:44:06.670 File 'ProcessDefinitionServiceImpl.java' not found in project sources
[WARNING] 19:44:06.670 File 'AuthServiceImpl.java' not found in project sources
[WARNING] 19:44:06.670 File 'TaskQueryServiceImpl.java' not found in project sources
[WARNING] 19:44:06.670 File 'GroupServiceImpl.java' not found in project sources
[WARNING] 19:44:06.670 File 'InsightProcessIdGenService.java' not found in project sources
[WARNING] 19:44:06.670 File 'IReferenceDataLookupDefinitionService.java' not found in project sources
[WARNING] 19:44:06.670 File 'InsightSequenceService.java' not found in project sources
[WARNING] 19:44:06.670 File 'WorkflowIdentifierConfiguration.java' not found in project sources
[WARNING] 19:44:06.670 File 'ProcessInstanceServiceImpl.java' not found in project sources
[WARNING] 19:44:06.670 File 'ReferenceDataServiceImpl.java' not found in project sources
[WARNING] 19:44:06.670 File 'TaskServiceImpl.java' not found in project sources
[WARNING] 19:44:06.670 File 'ContentStorageServiceImpl.java' not found in project sources
[WARNING] 19:44:06.670 File 'AESServiceImpl.java' not found in project sources
[WARNING] 19:44:06.670 File 'CommentServiceImpl.java' not found in project sources
[WARNING] 19:44:06.670 File 'ProcessInstanceVariableServiceImpl.java' not found in project sources
[WARNING] 19:44:06.670 File 'UserSynchronizationServiceImpl.java' not found in project sources
[WARNING] 19:44:06.670 File 'RelatedContentServiceImpl.java' not found in project sources
[WARNING] 19:44:06.670 File 'FormOptionSetServiceImpl.java' not found in project sources
[WARNING] 19:44:06.670 File 'UserInitializerServiceImpl.java' not found in project sources
[WARNING] 19:44:06.670 File 'ProcessInstanceQueryServiceImpl.java' not found in project sources
[WARNING] 19:44:06.670 File 'UserPreferencesServiceImpl.java' not found in project sources
[WARNING] 19:44:06.670 File 'FormFieldOptionServiceImpl.java' not found in project sources
[WARNING] 19:44:06.670 File 'ReferenceDataLookupDefinitionServiceImpl.java' not found in project sources
[WARNING] 19:44:06.670 File 'UserSyncCacheServiceImpl.java' not found in project sources
[WARNING] 19:44:06.670 File 'UserServiceImpl.java' not found in project sources
[WARNING] 19:44:06.670 File 'UserCacheImpl.java' not found in project sources
[WARNING] 19:44:06.670 File 'ArchiveFormDefinition.java' not found in project sources
[WARNING] 19:44:06.670 File 'PrivilegeServiceImpl.java' not found in project sources
[WARNING] 19:44:06.670 File 'FormServiceImpl.java' not found in project sources
[WARNING] 19:44:06.670 File 'TaskActionServiceImpl.java' not found in project sources
[WARNING] 19:44:06.670 File 'AcmInitializerServiceImpl.java' not found in project sources
[WARNING] 19:44:06.670 File 'RoleResourceServiceImpl.java' not found in project sources
[WARNING] 19:44:06.670 File 'AcmLoginTalk.java' not found in project sources
[WARNING] 19:44:06.670 File 'LoadAcmConfigurationServiceImpl.java' not found in project sources
[WARNING] 19:44:06.670 File 'FullTextFunctions.java' not found in project sources
[WARNING] 19:44:06.670 File 'SearchTxSynchronization.java' not found in project sources
[WARNING] 19:44:06.670 File 'SearchRefreshService.java' not found in project sources
[WARNING] 19:44:06.670 File 'SearchEventListener.java' not found in project sources
[WARNING] 19:44:06.670 File 'SearchWorkSet.java' not found in project sources
[WARNING] 19:44:06.670 File 'FieldConfigurationDto.java' not found in project sources
[WARNING] 19:44:06.670 File 'ModelServiceImpl.java' not found in project sources
[WARNING] 19:44:06.670 File 'FormAppArchiveService.java' not found in project sources
[WARNING] 19:44:06.670 File 'ModelRelationServiceImpl.java' not found in project sources
[WARNING] 19:44:06.670 File 'ArchiveFormResources.java' not found in project sources
[WARNING] 19:44:06.670 File 'KickstartArchive.java' not found in project sources
[WARNING] 19:44:06.670 File 'ModelHistoryServiceImpl.java' not found in project sources
[WARNING] 19:44:06.670 File 'AppArchiveServiceImpl.java' not found in project sources
[WARNING] 19:44:06.670 File 'AppDefinitionServiceImpl.java' not found in project sources
[WARNING] 19:44:06.670 File 'InsightProcessIdGenListener.java' not found in project sources
[WARNING] 19:44:06.670 File 'InsightSequenceListener.java' not found in project sources
[WARNING] 19:44:06.670 File 'VariableDeletedEventHandler.java' not found in project sources
[WARNING] 19:44:06.670 File 'TaskCreatedEventHandler.java' not found in project sources
[WARNING] 19:44:06.670 File 'VariableUpdatedEventHandler.java' not found in project sources
[WARNING] 19:44:06.670 File 'TaskAssignedEventHandler.java' not found in project sources
[WARNING] 19:44:06.670 File 'ProcessCompletedEventHandler.java' not found in project sources
[WARNING] 19:44:06.670 File 'InsightEventListener.java' not found in project sources
[WARNING] 19:44:06.670 File 'ProcessCompletedWithEscalationEndEventHandler.java' not found in project sources
[WARNING] 19:44:06.670 File 'TaskNameChangedEventHandler.java' not found in project sources
[WARNING] 19:44:06.670 File 'ProcessCreatedEventHandler.java' not found in project sources
[WARNING] 19:44:06.670 File 'TaskFormSavedEventHandler.java' not found in project sources
[WARNING] 19:44:06.670 File 'TaskDueDateChangedEventHandler.java' not found in project sources
[WARNING] 19:44:06.670 File 'CandidateGroupAddedEventHandler.java' not found in project sources
[WARNING] 19:44:06.670 File 'ProcessStartedEventHandler.java' not found in project sources
[WARNING] 19:44:06.670 File 'ProcessCompletedWithTerminateEndEventHandler.java' not found in project sources
[WARNING] 19:44:06.670 File 'TaskCompletedEventHandler.java' not found in project sources
[WARNING] 19:44:06.670 File 'ProcessCancelledEventHandler.java' not found in project sources
[WARNING] 19:44:06.670 File 'TaskDeletedEventHandler.java' not found in project sources
[WARNING] 19:44:06.670 File 'InsightEntityEvent.java' not found in project sources
[WARNING] 19:44:06.670 File 'EntityTaskDeletedEventHandler.java' not found in project sources
[WARNING] 19:44:06.670 File 'EntityHistoricProcessInstanceDeletedEventHandler.java' not found in project sources
[WARNING] 19:44:06.670 File 'AbstractInsightEventHandler.java' not found in project sources
[WARNING] 19:44:06.670 File 'UpdateStepEventHandler.java' not found in project sources
[WARNING] 19:44:06.670 File 'VariableCreatedEventHandler.java' not found in project sources
[WARNING] 19:44:06.670 File 'InsightEventType.java' not found in project sources
[WARNING] 19:44:06.670 File 'HistoricProcessInstanceDeletedEventHandler.java' not found in project sources
[WARNING] 19:44:06.670 File 'TaskOwnerChangedEventHandler.java' not found in project sources
[WARNING] 19:44:06.670 File 'UpdateSignatureEventHandler.java' not found in project sources
[WARNING] 19:44:06.670 File 'ProcessCompletedWithErrorEndEventHandler.java' not found in project sources
[WARNING] 19:44:06.670 File 'TaskPriorityChangedEventHandler.java' not found in project sources
[WARNING] 19:44:06.670 File 'ProcessDeletedEventHandler.java' not found in project sources
[WARNING] 19:44:06.670 File 'CriteriaQuerySupport.java' not found in project sources
[WARNING] 19:44:06.670 File 'ProcessDefinitionModelMapperImpl.java' not found in project sources
[WARNING] 19:44:06.670 File 'UserPreferencesMapperImpl.java' not found in project sources
[WARNING] 19:44:06.670 File 'FormOptionSetMapper.java' not found in project sources
[WARNING] 19:44:06.670 File 'GroupPrivilegeMapperImpl.java' not found in project sources
[WARNING] 19:44:06.670 File 'RelatedContentMapper.java' not found in project sources
[WARNING] 19:44:06.670 File 'ReferenceDataLookupDefinitionMapper.java' not found in project sources
[WARNING] 19:44:06.670 File 'GroupMapperImpl.java' not found in project sources
[WARNING] 19:44:06.670 File 'ProcessDefinitionModelHistoryMapperImpl.java' not found in project sources
[WARNING] 19:44:06.670 File 'ModelTypeCodec.java' not found in project sources
[WARNING] 19:44:06.670 File 'ProcessDefinitionModelRelationMapper.java' not found in project sources
[WARNING] 19:44:06.670 File 'FormFieldOptionMapper.java' not found in project sources
[WARNING] 19:44:06.670 File 'UserPreferencesMapper.java' not found in project sources
[WARNING] 19:44:06.670 File 'FormFieldOptionMapperImpl.java' not found in project sources
[WARNING] 19:44:06.670 File 'TaskMapperImpl.java' not found in project sources
[WARNING] 19:44:06.670 File 'ProcessDefinitionModelMapper.java' not found in project sources
[WARNING] 19:44:06.670 File 'GroupMapper.java' not found in project sources
[WARNING] 19:44:06.671 File 'GroupPrivilegeMapper.java' not found in project sources
[WARNING] 19:44:06.671 File 'TaskMapper.java' not found in project sources
[WARNING] 19:44:06.671 File 'UserMapperImpl.java' not found in project sources
[WARNING] 19:44:06.671 File 'FormOptionSetMapperImpl.java' not found in project sources
[WARNING] 19:44:06.671 File 'CommentMapper.java' not found in project sources
[WARNING] 19:44:06.671 File 'ProcessDefinitionModelRelationMapperImpl.java' not found in project sources
[WARNING] 19:44:06.671 File 'UserMapper.java' not found in project sources
[WARNING] 19:44:06.671 File 'ReferenceDataLookupDefinitionMapperImpl.java' not found in project sources
[WARNING] 19:44:06.671 File 'CommentMapperImpl.java' not found in project sources
[WARNING] 19:44:06.671 File 'RelatedContentMapperImpl.java' not found in project sources
[WARNING] 19:44:06.671 File 'ProcessDefinitionModelHistoryMapper.java' not found in project sources
[WARNING] 19:44:06.671 File 'InsightAppUser.java' not found in project sources
[WARNING] 19:44:06.671 File 'SecurityUtils.java' not found in project sources
[WARNING] 19:44:06.671 File 'RmqEventListenerImpl.java' not found in project sources
[WARNING] 19:44:06.671 File 'RmqServiceImpl.java' not found in project sources
[WARNING] 19:44:06.671 File 'RmqHealthCheckServiceImpl.java' not found in project sources
[WARNING] 19:44:06.671 File 'ICommentRequest.java' not found in project sources
[WARNING] 19:44:06.671 File 'IIdentityLinkRequest.java' not found in project sources
[WARNING] 19:44:06.671 File 'ISavedSearchRequest.java' not found in project sources
[WARNING] 19:44:06.671 File 'IUserIdentityRequest.java' not found in project sources
[WARNING] 19:44:06.671 File 'IAddGroupPrivilegesRequest.java' not found in project sources
[WARNING] 19:44:06.671 File 'IUpdateProcessDefinitionModelRequest.java' not found in project sources
[WARNING] 19:44:06.671 File 'IUserActionRequest.java' not found in project sources
[WARNING] 19:44:06.671 File 'IAttachmentRequest.java' not found in project sources
[WARNING] 19:44:06.671 File 'IFormSubmitRequest.java' not found in project sources
[WARNING] 19:44:06.671 File 'IMembershipRequest.java' not found in project sources
[WARNING] 19:44:06.671 File 'ICreateUserRequest.java' not found in project sources
[WARNING] 19:44:06.671 File 'IProcessVariableRequest.java' not found in project sources
[WARNING] 19:44:06.671 File 'ICreateProcessDefinitionModelRequest.java' not found in project sources
[WARNING] 19:44:06.671 File 'IUserSearchRequest.java' not found in project sources
[WARNING] 19:44:06.671 File 'IProcessInstanceStateRequest.java' not found in project sources
[WARNING] 19:44:06.671 File 'IProcessInstanceStartRequest.java' not found in project sources
[WARNING] 19:44:06.671 File 'IProcessDefinitionActionRequest.java' not found in project sources
[WARNING] 19:44:06.671 File 'IUpdateAppDefinitionDraftRequest.java' not found in project sources
[WARNING] 19:44:06.671 File 'IUpdateGroupRequest.java' not found in project sources
[WARNING] 19:44:06.671 File 'IUserInfoRequest.java' not found in project sources
[WARNING] 19:44:06.671 File 'ITaskActionRequest.java' not found in project sources
[WARNING] 19:44:06.671 File 'IGroupRequest.java' not found in project sources
[WARNING] 19:44:06.671 File 'IUserRequest.java' not found in project sources
[WARNING] 19:44:06.671 File 'ITaskRequest.java' not found in project sources
[WARNING] 19:44:06.671 File 'IGroupSearchRequest.java' not found in project sources
[WARNING] 19:44:06.671 File 'IProcessInstanceSearchRequest.java' not found in project sources
[WARNING] 19:44:06.671 File 'IUserPictureRequest.java' not found in project sources
[WARNING] 19:44:06.671 File 'ITaskSearchRequest.java' not found in project sources
[WARNING] 19:44:06.671 File 'ICreateAppDefinitionDraftRequest.java' not found in project sources
[WARNING] 19:44:06.671 File 'InsightUserDetails.java' not found in project sources
[WARNING] 19:44:06.671 File 'FullTextSearchableString.java' not found in project sources
[WARNING] 19:44:06.671 File 'FullTextSearchGenerator.java' not found in project sources
[WARNING] 19:44:06.671 File 'SearchType.java' not found in project sources
[WARNING] 19:44:06.671 File 'AccountType.java' not found in project sources
[WARNING] 19:44:06.671 File 'QueueType.java' not found in project sources
[WARNING] 19:44:06.671 File 'GroupType.java' not found in project sources
[WARNING] 19:44:06.671 File 'DisplayValueEnum.java' not found in project sources
[WARNING] 19:44:06.671 File 'UserAccountType.java' not found in project sources
[WARNING] 19:44:06.671 File 'LightUserDto.java' not found in project sources
[WARNING] 19:44:06.671 File 'AbstractUserDto.java' not found in project sources
[WARNING] 19:44:06.671 File 'FullTextSearchGeneratorPostgresImpl.java' not found in project sources
[WARNING] 19:44:06.671 File 'IProcessInstanceQuery.java' not found in project sources
[WARNING] 19:44:06.671 File 'IGroupQueryRequest.java' not found in project sources
[WARNING] 19:44:06.671 File 'ITaskFilterRequest.java' not found in project sources
[WARNING] 19:44:06.671 File 'IProcessInstanceFilterRequest.java' not found in project sources
[WARNING] 19:44:06.671 File 'ITaskQueryRequest.java' not found in project sources
[WARNING] 19:44:06.671 File 'IUserQueryRequest.java' not found in project sources
[WARNING] 19:44:06.671 File 'IProcessDefinitionModelQueryRequest.java' not found in project sources
[WARNING] 19:44:06.671 File 'IPagedRequest.java' not found in project sources
[WARNING] 19:44:06.671 File 'ProcessState.java' not found in project sources
[WARNING] 19:44:06.671 File 'TaskPriority.java' not found in project sources
[WARNING] 19:44:06.671 File 'ProcessSort.java' not found in project sources
[WARNING] 19:44:06.671 File 'ModelType.java' not found in project sources
[WARNING] 19:44:06.671 File 'RestVariableScope.java' not found in project sources
[WARNING] 19:44:06.671 File 'ModelRelationType.java' not found in project sources
[WARNING] 19:44:06.671 File 'UserSort.java' not found in project sources
[WARNING] 19:44:06.671 File 'GroupSort.java' not found in project sources
[WARNING] 19:44:06.671 File 'TaskSort.java' not found in project sources
[WARNING] 19:44:06.671 File 'ProcessModelSort.java' not found in project sources
[WARNING] 19:44:06.671 File 'FtsWeight.java' not found in project sources
[WARNING] 19:44:06.671 File 'NotFoundException.java' not found in project sources
[WARNING] 19:44:06.671 File 'AuthenticationException.java' not found in project sources
[WARNING] 19:44:06.671 File 'AuthorizationException.java' not found in project sources
[WARNING] 19:44:06.671 File 'EncryptionException.java' not found in project sources
[WARNING] 19:44:06.671 File 'IllegalArgumentException.java' not found in project sources
[WARNING] 19:44:06.671 File 'ConflictRequestException.java' not found in project sources
[WARNING] 19:44:06.671 File 'BaseRestException.java' not found in project sources
[WARNING] 19:44:06.671 File 'BadRequestException.java' not found in project sources
[WARNING] 19:44:06.671 File 'IntegrationException.java' not found in project sources
[WARNING] 19:44:06.671 File 'ContentStorageException.java' not found in project sources
[WARNING] 19:44:06.671 File 'InternalServerErrorException.java' not found in project sources
[WARNING] 19:44:06.671 File 'ErrorInfo.java' not found in project sources
[WARNING] 19:44:06.671 File 'ModelHistoryService.java' not found in project sources
[WARNING] 19:44:06.671 File 'ModelService.java' not found in project sources
[WARNING] 19:44:06.671 File 'AppArchiveService.java' not found in project sources
[WARNING] 19:44:06.671 File 'ModelRelationService.java' not found in project sources
[WARNING] 19:44:06.671 File 'AppDefinitionService.java' not found in project sources
[WARNING] 19:44:06.671 File 'ChecksumUtil.java' not found in project sources
[WARNING] 19:44:06.671 File 'ThreadLocalContext.java' not found in project sources
[WARNING] 19:44:06.671 File 'AcmUtils.java' not found in project sources
[WARNING] 19:44:06.671 File 'Const.java' not found in project sources
[WARNING] 19:44:06.671 File 'Utils.java' not found in project sources
[WARNING] 19:44:06.671 File 'ServerTalk.java' not found in project sources
[WARNING] 19:44:06.671 File 'ReferenceDataLookupDto.java' not found in project sources
[WARNING] 19:44:06.671 File 'IPermissionRep.java' not found in project sources
[WARNING] 19:44:06.671 File 'IGroupPrivilegeDto.java' not found in project sources
[WARNING] 19:44:06.671 File 'IUserPreferencesDto.java' not found in project sources
[WARNING] 19:44:06.671 File 'IGroupDto.java' not found in project sources
[WARNING] 19:44:06.671 File 'ReferenceDataLookupValueDto.java' not found in project sources
[WARNING] 19:44:06.671 File 'IUserGroupDto.java' not found in project sources
[WARNING] 19:44:06.671 File 'IUserDto.java' not found in project sources
[WARNING] 19:44:06.671 File 'IFormOptionSetDto.java' not found in project sources
[WARNING] 19:44:06.671 File 'IFormFieldOptionDto.java' not found in project sources
[WARNING] 19:44:06.671 File 'SearchRequest.java' not found in project sources
[WARNING] 19:44:06.671 File 'IAcmUserGroupRep.java' not found in project sources
[WARNING] 19:44:06.671 File 'IAcmConfigurationRep.java' not found in project sources
[WARNING] 19:44:06.671 File 'ReferenceDataLookupKeyDto.java' not found in project sources
[WARNING] 19:44:06.671 File 'IRelatedContentDto.java' not found in project sources
[WARNING] 19:44:06.671 File 'ReferenceDataLookupDefinitionDto.java' not found in project sources
[WARNING] 19:44:06.671 File 'RmqEventPublisher.java' not found in project sources
[WARNING] 19:44:06.671 File 'RmqHealthCheckService.java' not found in project sources
[WARNING] 19:44:06.671 File 'RmqEventListener.java' not found in project sources
[WARNING] 19:44:06.671 File 'RmqService.java' not found in project sources
[WARNING] 19:44:06.671 File 'IReferenceDataLookupValueDto.java' not found in project sources
[WARNING] 19:44:06.671 File 'IReferenceDataLookupKeyDto.java' not found in project sources
[WARNING] 19:44:06.671 File 'FormService.java' not found in project sources
[WARNING] 19:44:06.672 File 'UserSyncCacheService.java' not found in project sources
[WARNING] 19:44:06.672 File 'CommentService.java' not found in project sources
[WARNING] 19:44:06.672 File 'FormOptionSetService.java' not found in project sources
[WARNING] 19:44:06.672 File 'TaskService.java' not found in project sources
[WARNING] 19:44:06.672 File 'LoadAcmConfigurationService.java' not found in project sources
[WARNING] 19:44:06.672 File 'FormFieldOptionService.java' not found in project sources
[WARNING] 19:44:06.672 File 'TaskQueryService.java' not found in project sources
[WARNING] 19:44:06.672 File 'ProcessInstanceQueryService.java' not found in project sources
[WARNING] 19:44:06.672 File 'RoleResourceService.java' not found in project sources
[WARNING] 19:44:06.672 File 'AuthService.java' not found in project sources
[WARNING] 19:44:06.672 File 'IReferenceDataService.java' not found in project sources
[WARNING] 19:44:06.672 File 'UserService.java' not found in project sources
[WARNING] 19:44:06.672 File 'AcmInitializerService.java' not found in project sources
[WARNING] 19:44:06.672 File 'AppService.java' not found in project sources
[WARNING] 19:44:06.672 File 'PrivilegeService.java' not found in project sources
[WARNING] 19:44:06.672 File 'UserPreferencesService.java' not found in project sources
[WARNING] 19:44:06.672 File 'ProcessInstanceVariableService.java' not found in project sources
[WARNING] 19:44:06.672 File 'ContentStorageService.java' not found in project sources
[WARNING] 19:44:06.672 File 'UserCache.java' not found in project sources
[WARNING] 19:44:06.672 File 'ProcessInstanceService.java' not found in project sources
[WARNING] 19:44:06.672 File 'TaskActionService.java' not found in project sources
[WARNING] 19:44:06.672 File 'RelatedContentService.java' not found in project sources
[WARNING] 19:44:06.672 File 'AESService.java' not found in project sources
[WARNING] 19:44:06.672 File 'UserSynchronizationService.java' not found in project sources
[WARNING] 19:44:06.672 File 'ProcessDefinitionService.java' not found in project sources
[WARNING] 19:44:06.672 File 'GroupService.java' not found in project sources
[WARNING] 19:44:06.672 File 'IFormDataResponse.java' not found in project sources
[WARNING] 19:44:06.672 File 'IProcessDefinitionModelResponse.java' not found in project sources
[WARNING] 19:44:06.672 File 'IAppPublishResponse.java' not found in project sources
[WARNING] 19:44:06.672 File 'IAttachmentResponse.java' not found in project sources
[WARNING] 19:44:06.672 File 'IUserGroupSummary.java' not found in project sources
[WARNING] 19:44:06.672 File 'IAppDefinitionDraftSummaryResponse.java' not found in project sources
[WARNING] 19:44:06.672 File 'IProcessInstanceResponse.java' not found in project sources
[WARNING] 19:44:06.672 File 'IProcessVariableResponse.java' not found in project sources
[WARNING] 19:44:06.672 File 'ISavedSearchResponse.java' not found in project sources
[WARNING] 19:44:06.672 File 'IUserDetailsResponse.java' not found in project sources
[WARNING] 19:44:06.672 File 'ITaskResponse.java' not found in project sources
[WARNING] 19:44:06.672 File 'IIdentityLinkResponse.java' not found in project sources
[WARNING] 19:44:06.672 File 'IMembershipResponse.java' not found in project sources
[WARNING] 19:44:06.672 File 'IProcessDefinitionModelRelationResponse.java' not found in project sources
[WARNING] 19:44:06.672 File 'ICountResponse.java' not found in project sources
[WARNING] 19:44:06.672 File 'IFormFieldResponse.java' not found in project sources
[WARNING] 19:44:06.672 File 'IDeploymentResourceResponse.java' not found in project sources
[WARNING] 19:44:06.672 File 'IAppDefinitionDraftResponse.java' not found in project sources
[WARNING] 19:44:06.672 File 'IGroupResponse.java' not found in project sources
[WARNING] 19:44:06.672 File 'IUserResponse.java' not found in project sources
[WARNING] 19:44:06.672 File 'IAggregatedResponse.java' not found in project sources
[WARNING] 19:44:06.672 File 'ICommentResponse.java' not found in project sources
[WARNING] 19:44:06.672 File 'IUserInfoResponse.java' not found in project sources
[WARNING] 19:44:06.672 File 'IUserDetailResponse.java' not found in project sources
[WARNING] 19:44:06.672 File 'IProcessDefinitionModelHistoryResponse.java' not found in project sources
[WARNING] 19:44:06.672 File 'IPagedResponse.java' not found in project sources
[WARNING] 19:44:06.672 File 'IProcessDefinitionModelSummaryResponse.java' not found in project sources
[WARNING] 19:44:06.672 File 'IProcessDefinitionResponse.java' not found in project sources
[WARNING] 19:44:06.672 File 'IAppDeploymentResponse.java' not found in project sources
[WARNING] 19:44:06.672 File 'IAppDefinitionResponse.java' not found in project sources
[WARNING] 19:44:06.672 File 'ICookieProperties.java' not found in project sources
[WARNING] 19:44:06.672 File 'IGroupEntity.java' not found in project sources
[WARNING] 19:44:06.672 File 'IEventSyncEntity.java' not found in project sources
[WARNING] 19:44:06.672 File 'IRuntimeIdentityLinkEntity.java' not found in project sources
[WARNING] 19:44:06.672 File 'IRuntimeExecutionEntity.java' not found in project sources
[WARNING] 19:44:06.672 File 'IUserEntity.java' not found in project sources
[WARNING] 19:44:06.672 File 'IProcessDefinitionModelHistoryEntity.java' not found in project sources
[WARNING] 19:44:06.672 File 'IHistoricIdentityLinkEntity.java' not found in project sources
[WARNING] 19:44:06.672 File 'IAbstractAuditEntity.java' not found in project sources
[WARNING] 19:44:06.672 File 'ITaskEntity.java' not found in project sources
[WARNING] 19:44:06.672 File 'IGroupPrivilegeEntity.java' not found in project sources
[WARNING] 19:44:06.672 File 'IHistoricTaskEntity.java' not found in project sources
[WARNING] 19:44:06.672 File 'IProcessDefinitionEntity.java' not found in project sources
[WARNING] 19:44:06.672 File 'IProcessSearchEntity.java' not found in project sources
[WARNING] 19:44:06.672 File 'IUserPreferencesEntity.java' not found in project sources
[WARNING] 19:44:06.672 File 'IMutableId.java' not found in project sources
[WARNING] 19:44:06.672 File 'IAppDeploymentEntity.java' not found in project sources
[WARNING] 19:44:06.672 File 'ICommentEntity.java' not found in project sources
[WARNING] 19:44:06.672 File 'IProcessDefinitionModelEntity.java' not found in project sources
[WARNING] 19:44:06.672 File 'IDeploymentEntity.java' not found in project sources
[WARNING] 19:44:06.672 File 'IProcessDefinitionModelRelationEntity.java' not found in project sources
[WARNING] 19:44:06.672 File 'IHistoricVariableInstanceEntity.java' not found in project sources
[WARNING] 19:44:06.672 File 'ITaskSearchEntity.java' not found in project sources
[WARNING] 19:44:06.672 File 'IRelatedContentEntity.java' not found in project sources
[WARNING] 19:44:06.672 File 'IAbstractTaskInfoEntity.java' not found in project sources
[WARNING] 19:44:06.672 File 'IHistoricProcessInstanceEntity.java' not found in project sources
[WARNING] 19:44:06.672 File 'ICommentNotify.java' not found in project sources
[WARNING] 19:44:06.672 File 'IRestVariable.java' not found in project sources
[WARNING] 19:44:06.672 File 'RelatedContentStatus.java' not found in project sources
[WARNING] 19:44:06.672 File 'GroupStatus.java' not found in project sources
[WARNING] 19:44:06.672 File 'UserAccountStatus.java' not found in project sources
[WARNING] 19:44:06.672 File 'TaskState.java' not found in project sources
[WARNING] 19:44:06.672 File 'InsightEventHandler.java' not found in project sources
[WARNING] 19:44:06.672 File 'IEventDto.java' not found in project sources
[WARNING] 19:44:06.672 File 'ISavedSearch.java' not found in project sources
[WARNING] 19:44:06.672 File 'IUserPreferences.java' not found in project sources
[WARNING] 19:44:06.672 File 'ITableColumnDefinition.java' not found in project sources
[INFO] 19:44:06.672 Sensor JaCoCo XML Report Importer [jacoco] (done) | time=57ms
[INFO] 19:44:06.672 Sensor IaC hadolint report Sensor [iac]
[INFO] 19:44:06.672 Sensor IaC hadolint report Sensor [iac] (done) | time=0ms
[INFO] 19:44:06.672 Sensor Java Config Sensor [iac]
[INFO] 19:44:06.715 There are no files to be analyzed for the Java language
[INFO] 19:44:06.715 Sensor Java Config Sensor [iac] (done) | time=42ms
[INFO] 19:44:06.715 Sensor IaC Docker Sensor [iac]
[INFO] 19:44:06.715 Sensor IaC Docker Sensor is restricted to changed files only
[INFO] 19:44:06.716 There are no files to be analyzed for the Docker language
[INFO] 19:44:06.716 Sensor IaC Docker Sensor [iac] (done) | time=0ms
[INFO] 19:44:06.716 Sensor IaC GitHub Actions Sensor [iac]
[INFO] 19:44:06.716 There are no files to be analyzed for the GitHub Actions language
[INFO] 19:44:06.716 Sensor IaC GitHub Actions Sensor [iac] (done) | time=0ms
[INFO] 19:44:06.716 Sensor IaC actionlint report Sensor [iac]
[INFO] 19:44:06.716 Sensor IaC actionlint report Sensor [iac] (done) | time=0ms
[INFO] 19:44:06.716 Sensor IaC Shell Sensor [iac]
[INFO] 19:44:06.716 There are no files to be analyzed for the Shell language
[INFO] 19:44:06.716 Sensor IaC Shell Sensor [iac] (done) | time=0ms
[INFO] 19:44:06.716 Sensor ThymeLeaf template sensor [securityjavafrontend]
[INFO] 19:44:06.716 Sensor ThymeLeaf template sensor [securityjavafrontend] (done) | time=0ms
[INFO] 19:44:06.716 Sensor JavaAndroidConfigurationSensor [securityjavafrontend]
[INFO] 19:44:06.716 Sensor JavaAndroidConfigurationSensor [securityjavafrontend] (done) | time=0ms
[INFO] 19:44:06.716 Sensor JavaModuleSecuritySensor [securityjavafrontend]
[INFO] 19:44:06.716 Sensor JavaModuleSecuritySensor [securityjavafrontend] (done) | time=0ms
[INFO] 19:44:06.716 Sensor SurefireSensor [java]
[INFO] 19:44:06.716 parsing [/home/jenkins/agent/workspace/rd_insight-server_PR-57/insight-rest/target/surefire-reports]
[INFO] 19:44:06.743 Sensor SurefireSensor [java] (done) | time=26ms
[INFO] 19:44:06.743 Sensor XML Sensor [xml]
[INFO] 19:44:06.743 Sensor XML Sensor is restricted to changed files only
[INFO] 19:44:06.743 Sensor XML Sensor [xml] (done) | time=0ms
[INFO] 19:44:06.744 ------------- Run sensors on module Insight - Spring Application
[INFO] 19:44:06.840 Sensor JavaSensor [java]
[INFO] 19:44:06.840 Configured Java source version (sonar.java.source): 21, preview features enabled (sonar.java.enablePreview): false
[INFO] 19:44:06.847 The Java analyzer is running in a context where unchanged files can be skipped. Full analysis is performed for changed files, optimized analysis for unchanged files.
[INFO] 19:44:06.851 Server-side caching is enabled. The Java analyzer was able to leverage cached data from previous analyses for 3 out of 3 files. These files will not be parsed.
[INFO] 19:44:06.851 No "Main" source files to scan.
[INFO] 19:44:06.852 No "Test" source files to scan.
[INFO] 19:44:06.853 No "Generated" source files to scan.
[INFO] 19:44:06.853 Sensor JavaSensor [java] (done) | time=12ms
[INFO] 19:44:06.853 Sensor JaCoCo XML Report Importer [jacoco]
[INFO] 19:44:06.853 Importing 1 report(s). Turn your logs in debug mode in order to see the exhaustive list.
[WARNING] 19:44:06.876 File 'AcmProperties.java' not found in project sources
[WARNING] 19:44:06.876 File 'PdfProperties.java' not found in project sources
[WARNING] 19:44:06.876 File 'UserProperties.java' not found in project sources
[WARNING] 19:44:06.876 File 'SecurityProperties.java' not found in project sources
[WARNING] 19:44:06.876 File 'RmqProperties.java' not found in project sources
[WARNING] 19:44:06.876 File 'ExportConfig.java' not found in project sources
[WARNING] 19:44:06.876 File 'TableConfig.java' not found in project sources
[WARNING] 19:44:06.876 File 'ClientProperties.java' not found in project sources
[WARNING] 19:44:06.876 File 'ColumnConfig.java' not found in project sources
[WARNING] 19:44:06.876 File 'S3ApplicationProperties.java' not found in project sources
[WARNING] 19:44:06.876 File 'CookieProperties.java' not found in project sources
[WARNING] 19:44:06.877 File 'StorageClientConfig.java' not found in project sources
[WARNING] 19:44:06.877 File 'HttpClientConfig.java' not found in project sources
[WARNING] 19:44:06.877 File 'DynamicRmqConfig.java' not found in project sources
[WARNING] 19:44:06.877 File 'DatabaseConfiguration.java' not found in project sources
[WARNING] 19:44:06.877 File 'FlowableConfig.java' not found in project sources
[WARNING] 19:44:06.877 File 'RestControllerPathLogger.java' not found in project sources
[WARNING] 19:44:06.877 File 'JacksonConfig.java' not found in project sources
[WARNING] 19:44:06.877 File 'CacheConfiguration.java' not found in project sources
[WARNING] 19:44:06.877 File 'LegacyInitiatorAssignmentParseHandler.java' not found in project sources
[WARNING] 19:44:06.877 File 'DataSourceBuilder.java' not found in project sources
[WARNING] 19:44:06.877 File 'JwtAuthenticationFilter.java' not found in project sources
[WARNING] 19:44:06.877 File 'SecurityConfig.java' not found in project sources
[WARNING] 19:44:06.877 File 'SpringSecurityAuthenticationContext.java' not found in project sources
[WARNING] 19:44:06.877 File 'WorkflowIdentifierLockEntity_.java' not found in project sources
[WARNING] 19:44:06.877 File 'ReferenceDataLookupEntity.java' not found in project sources
[WARNING] 19:44:06.877 File 'UserEntity_.java' not found in project sources
[WARNING] 19:44:06.877 File 'AbstractTaskInfoEntity_.java' not found in project sources
[WARNING] 19:44:06.877 File 'InsightSequenceEntity_.java' not found in project sources
[WARNING] 19:44:06.877 File 'GroupEntity.java' not found in project sources
[WARNING] 19:44:06.877 File 'HistoricProcessInstanceEntity.java' not found in project sources
[WARNING] 19:44:06.877 File 'TaskEntity_.java' not found in project sources
[WARNING] 19:44:06.877 File 'ArchivePublicationLockEntity_.java' not found in project sources
[WARNING] 19:44:06.877 File 'UserPreferencesEntity.java' not found in project sources
[WARNING] 19:44:06.877 File 'InsightProcessIdEntity.java' not found in project sources
[WARNING] 19:44:06.877 File 'ReferenceDataLookupKeyEntity.java' not found in project sources
[WARNING] 19:44:06.877 File 'ProcessDefinitionModelHistoryEntity.java' not found in project sources
[WARNING] 19:44:06.877 File 'AbstractAuditEntity.java' not found in project sources
[WARNING] 19:44:06.877 File 'TaskSearchEntity_.java' not found in project sources
[WARNING] 19:44:06.877 File 'ProcessDefinitionEntity_.java' not found in project sources
[WARNING] 19:44:06.877 File 'GroupPrivilegeEntity.java' not found in project sources
[WARNING] 19:44:06.877 File 'RelatedContentEntity_.java' not found in project sources
[WARNING] 19:44:06.877 File 'DeploymentEntity.java' not found in project sources
[WARNING] 19:44:06.877 File 'CommentEntity.java' not found in project sources
[WARNING] 19:44:06.877 File 'ReferenceDataLookupEntity_.java' not found in project sources
[WARNING] 19:44:06.877 File 'TaskEntity.java' not found in project sources
[WARNING] 19:44:06.877 File 'ReferenceDataLookupValueEntity.java' not found in project sources
[WARNING] 19:44:06.877 File 'HistoricProcessInstanceEntity_.java' not found in project sources
[WARNING] 19:44:06.877 File 'RuntimeExecutionEntity_.java' not found in project sources
[WARNING] 19:44:06.877 File 'HistoricIdentityLinkEntity_.java' not found in project sources
[WARNING] 19:44:06.877 File 'ProcessDefinitionEntity.java' not found in project sources
[WARNING] 19:44:06.877 File 'EventSyncEntity.java' not found in project sources
[WARNING] 19:44:06.877 File 'AbstractAuditEntity_.java' not found in project sources
[WARNING] 19:44:06.877 File 'UserEntity.java' not found in project sources
[WARNING] 19:44:06.877 File 'ProcessDefinitionModelHistoryEntity_.java' not found in project sources
[WARNING] 19:44:06.877 File 'ReferenceDataLookupKeyEntity_.java' not found in project sources
[WARNING] 19:44:06.877 File 'HistoricTaskEntity.java' not found in project sources
[WARNING] 19:44:06.877 File 'UserGroupEntity.java' not found in project sources
[WARNING] 19:44:06.877 File 'InsightSequenceEntity.java' not found in project sources
[WARNING] 19:44:06.877 File 'RuntimeIdentityLinkEntity.java' not found in project sources
[WARNING] 19:44:06.877 File 'FormFieldOptionEntity.java' not found in project sources
[WARNING] 19:44:06.877 File 'ProcessSearchEntity_.java' not found in project sources
[WARNING] 19:44:06.877 File 'FormFieldOptionEntity_.java' not found in project sources
[WARNING] 19:44:06.877 File 'ProcessDefinitionModelEntity_.java' not found in project sources
[WARNING] 19:44:06.877 File 'AppDeploymentEntity_.java' not found in project sources
[WARNING] 19:44:06.877 File 'AppDeploymentEntity.java' not found in project sources
[WARNING] 19:44:06.877 File 'HistoricVariableInstanceEntity.java' not found in project sources
[WARNING] 19:44:06.877 File 'HistoricIdentityLinkEntity.java' not found in project sources
[WARNING] 19:44:06.877 File 'AbstractTaskInfoEntity.java' not found in project sources
[WARNING] 19:44:06.877 File 'ReferenceDataLookupValueEntity_.java' not found in project sources
[WARNING] 19:44:06.877 File 'UserGroupEntity_.java' not found in project sources
[WARNING] 19:44:06.877 File 'RuntimeIdentityLinkEntity_.java' not found in project sources
[WARNING] 19:44:06.877 File 'GroupEntity_.java' not found in project sources
[WARNING] 19:44:06.877 File 'GroupPrivilegeEntity_.java' not found in project sources
[WARNING] 19:44:06.877 File 'EventSyncEntity_.java' not found in project sources
[WARNING] 19:44:06.877 File 'ProcessDefinitionModelRelationEntity_.java' not found in project sources
[WARNING] 19:44:06.877 File 'ProcessSearchEntity.java' not found in project sources
[WARNING] 19:44:06.877 File 'FormOptionSetEntity_.java' not found in project sources
[WARNING] 19:44:06.877 File 'ProcessDefinitionModelRelationEntity.java' not found in project sources
[WARNING] 19:44:06.877 File 'RelatedContentEntity.java' not found in project sources
[WARNING] 19:44:06.877 File 'HistoricVariableInstanceEntity_.java' not found in project sources
[WARNING] 19:44:06.877 File 'ProcessDefinitionModelEntity.java' not found in project sources
[WARNING] 19:44:06.877 File 'WorkflowIdentifierLockEntity.java' not found in project sources
[WARNING] 19:44:06.877 File 'FormOptionSetEntity.java' not found in project sources
[WARNING] 19:44:06.877 File 'RuntimeExecutionEntity.java' not found in project sources
[WARNING] 19:44:06.877 File 'UserPreferencesEntity_.java' not found in project sources
[WARNING] 19:44:06.877 File 'ReferenceDataLookupDefinitionEntity.java' not found in project sources
[WARNING] 19:44:06.877 File 'DeploymentEntity_.java' not found in project sources
[WARNING] 19:44:06.877 File 'HistoricTaskEntity_.java' not found in project sources
[WARNING] 19:44:06.877 File 'TaskSearchEntity.java' not found in project sources
[WARNING] 19:44:06.877 File 'CommentEntity_.java' not found in project sources
[WARNING] 19:44:06.877 File 'ReferenceDataLookupDefinitionEntity_.java' not found in project sources
[WARNING] 19:44:06.877 File 'ArchivePublicationLockEntity.java' not found in project sources
[WARNING] 19:44:06.877 File 'InsightProcessIdEntity_.java' not found in project sources
[WARNING] 19:44:06.877 File 'ReferenceDataLookupRepositoryCustom.java' not found in project sources
[WARNING] 19:44:06.877 File 'ProcessDefinitionModelRepository.java' not found in project sources
[WARNING] 19:44:06.877 File 'RuntimeExecutionRepository.java' not found in project sources
[WARNING] 19:44:06.877 File 'AppDeploymentRepository.java' not found in project sources
[WARNING] 19:44:06.877 File 'ProcessDefinitionModelHistoryRepository.java' not found in project sources
[WARNING] 19:44:06.877 File 'UserGroupRepository.java' not found in project sources
[WARNING] 19:44:06.877 File 'GroupRepository.java' not found in project sources
[WARNING] 19:44:06.877 File 'InsightProcessIdRepository.java' not found in project sources
[WARNING] 19:44:06.877 File 'ReferenceDataLookupDefinitionRepository.java' not found in project sources
[WARNING] 19:44:06.877 File 'TaskSearchRepository.java' not found in project sources
[WARNING] 19:44:06.877 File 'FormFieldOptionRepository.java' not found in project sources
[WARNING] 19:44:06.877 File 'FormOptionSetRepository.java' not found in project sources
[WARNING] 19:44:06.877 File 'TaskRepository.java' not found in project sources
[WARNING] 19:44:06.877 File 'HistoricVariableInstanceRepository.java' not found in project sources
[WARNING] 19:44:06.877 File 'EventSyncRepository.java' not found in project sources
[WARNING] 19:44:06.877 File 'ProcessSearchRepository.java' not found in project sources
[WARNING] 19:44:06.877 File 'ArchivePublicationLockRepository.java' not found in project sources
[WARNING] 19:44:06.877 File 'DeploymentRepository.java' not found in project sources
[WARNING] 19:44:06.877 File 'UserPreferencesRepository.java' not found in project sources
[WARNING] 19:44:06.877 File 'HistoricProcessInstanceRepository.java' not found in project sources
[WARNING] 19:44:06.877 File 'CommentRepository.java' not found in project sources
[WARNING] 19:44:06.877 File 'InsightSequenceRepository.java' not found in project sources
[WARNING] 19:44:06.877 File 'RelatedContentRepository.java' not found in project sources
[WARNING] 19:44:06.877 File 'HistoricTaskRepository.java' not found in project sources
[WARNING] 19:44:06.877 File 'ReferenceDataLookupRepository.java' not found in project sources
[WARNING] 19:44:06.877 File 'ReferenceDataLookupRepositoryImpl.java' not found in project sources
[WARNING] 19:44:06.877 File 'WorkflowIdentifierLockRepository.java' not found in project sources
[WARNING] 19:44:06.877 File 'GroupPrivilegeRepository.java' not found in project sources
[WARNING] 19:44:06.877 File 'ProcessDefinitionRepository.java' not found in project sources
[WARNING] 19:44:06.877 File 'UserRepository.java' not found in project sources
[WARNING] 19:44:06.877 File 'ProcessDefinitionModelRelationRepository.java' not found in project sources
[WARNING] 19:44:06.877 File 'TaskInfoQueryWrapper.java' not found in project sources
[WARNING] 19:44:06.877 File 'TaskQueryRequest.java' not found in project sources
[WARNING] 19:44:06.877 File 'TaskFilterRequest.java' not found in project sources
[WARNING] 19:44:06.877 File 'UserQueryRequest.java' not found in project sources
[WARNING] 19:44:06.877 File 'TaskFilter.java' not found in project sources
[WARNING] 19:44:06.877 File 'FilterRequest.java' not found in project sources
[WARNING] 19:44:06.877 File 'ProcessInstanceFilter.java' not found in project sources
[WARNING] 19:44:06.877 File 'ProcessInstanceQueryRequest.java' not found in project sources
[WARNING] 19:44:06.877 File 'Filter.java' not found in project sources
[WARNING] 19:44:06.877 File 'PagedRequest.java' not found in project sources
[WARNING] 19:44:06.877 File 'ProcessDefinitionModelQueryRequest.java' not found in project sources
[WARNING] 19:44:06.877 File 'GroupQueryRequest.java' not found in project sources
[WARNING] 19:44:06.877 File 'ProcessInstanceFilterRequest.java' not found in project sources
[WARNING] 19:44:06.877 File 'CreateProcessDefinitionModelRequest.java' not found in project sources
[WARNING] 19:44:06.877 File 'ProcessDefinitionActionRequest.java' not found in project sources
[WARNING] 19:44:06.877 File 'CreateUserRequest.java' not found in project sources
[WARNING] 19:44:06.877 File 'MembershipRequest.java' not found in project sources
[WARNING] 19:44:06.877 File 'UpdateAppDefinitionDraftRequest.java' not found in project sources
[WARNING] 19:44:06.877 File 'TaskRequest.java' not found in project sources
[WARNING] 19:44:06.877 File 'UserInfoRequest.java' not found in project sources
[WARNING] 19:44:06.877 File 'ProcessInstanceStartRequest.java' not found in project sources
[WARNING] 19:44:06.877 File 'TaskActionRequest.java' not found in project sources
[WARNING] 19:44:06.877 File 'AddGroupPrivilegesRequest.java' not found in project sources
[WARNING] 19:44:06.877 File 'IdentityLinkRequest.java' not found in project sources
[WARNING] 19:44:06.877 File 'UserActionRequest.java' not found in project sources
[WARNING] 19:44:06.877 File 'ProcessInstanceSearchRequest.java' not found in project sources
[WARNING] 19:44:06.877 File 'AttachmentRequest.java' not found in project sources
[WARNING] 19:44:06.877 File 'SavedSearchRequest.java' not found in project sources
[WARNING] 19:44:06.877 File 'ProcessVariableRequest.java' not found in project sources
[WARNING] 19:44:06.877 File 'UserPictureRequest.java' not found in project sources
[WARNING] 19:44:06.877 File 'GroupRequest.java' not found in project sources
[WARNING] 19:44:06.877 File 'UserRequest.java' not found in project sources
[WARNING] 19:44:06.877 File 'UpdateProcessDefinitionModelRequest.java' not found in project sources
[WARNING] 19:44:06.877 File 'UserSearchRequest.java' not found in project sources
[WARNING] 19:44:06.877 File 'UserIdentityRequest.java' not found in project sources
[WARNING] 19:44:06.877 File 'TaskSearchRequest.java' not found in project sources
[WARNING] 19:44:06.877 File 'CommentRequest.java' not found in project sources
[WARNING] 19:44:06.877 File 'UpdateGroupRequest.java' not found in project sources
[WARNING] 19:44:06.878 File 'ProcessInstanceStateRequest.java' not found in project sources
[WARNING] 19:44:06.878 File 'CreateAppDefinitionDraftRequest.java' not found in project sources
[WARNING] 19:44:06.878 File 'FormSubmitRequest.java' not found in project sources
[WARNING] 19:44:06.878 File 'GroupSearchRequest.java' not found in project sources
[WARNING] 19:44:06.878 File 'AcmUserGroupRep.java' not found in project sources
[WARNING] 19:44:06.878 File 'UserGroupRep.java' not found in project sources
[WARNING] 19:44:06.878 File 'AcmConfigurationRep.java' not found in project sources
[WARNING] 19:44:06.878 File 'AcmResource.java' not found in project sources
[WARNING] 19:44:06.878 File 'LoginParameter.java' not found in project sources
[WARNING] 19:44:06.878 File 'PermissionRep.java' not found in project sources
[WARNING] 19:44:06.878 File 'SimpleContentTypeMapper.java' not found in project sources
[WARNING] 19:44:06.878 File 'AppDefinitionResponse.java' not found in project sources
[WARNING] 19:44:06.878 File 'FormDataResponse.java' not found in project sources
[WARNING] 19:44:06.878 File 'ProcessDefinitionModelResponse.java' not found in project sources
[WARNING] 19:44:06.878 File 'FormFieldResponse.java' not found in project sources
[WARNING] 19:44:06.878 File 'PagedResponse.java' not found in project sources
[WARNING] 19:44:06.878 File 'UserInfoResponse.java' not found in project sources
[WARNING] 19:44:06.878 File 'AggregatedResponse.java' not found in project sources
[WARNING] 19:44:06.878 File 'ProcessDefinitionModelHistoryResponse.java' not found in project sources
[WARNING] 19:44:06.878 File 'AppDeploymentResponse.java' not found in project sources
[WARNING] 19:44:06.878 File 'UserGroupSummary.java' not found in project sources
[WARNING] 19:44:06.878 File 'ProcessDefinitionResponse.java' not found in project sources
[WARNING] 19:44:06.878 File 'ProcessDefinitionModelRelationResponse.java' not found in project sources
[WARNING] 19:44:06.878 File 'CountResponse.java' not found in project sources
[WARNING] 19:44:06.878 File 'UserDetailResponse.java' not found in project sources
[WARNING] 19:44:06.878 File 'UserResponse.java' not found in project sources
[WARNING] 19:44:06.878 File 'ProcessDefinitionModelSummaryResponse.java' not found in project sources
[WARNING] 19:44:06.878 File 'SavedSearchResponse.java' not found in project sources
[WARNING] 19:44:06.878 File 'GroupResponse.java' not found in project sources
[WARNING] 19:44:06.878 File 'AppDefinitionDraftResponse.java' not found in project sources
[WARNING] 19:44:06.878 File 'ProcessInstanceResponse.java' not found in project sources
[WARNING] 19:44:06.878 File 'AttachmentResponse.java' not found in project sources
[WARNING] 19:44:06.878 File 'IdentityLinkResponse.java' not found in project sources
[WARNING] 19:44:06.878 File 'MembershipResponse.java' not found in project sources
[WARNING] 19:44:06.878 File 'AppDefinitionDraftSummaryResponse.java' not found in project sources
[WARNING] 19:44:06.878 File 'ProcessVariableResponse.java' not found in project sources
[WARNING] 19:44:06.878 File 'TaskResponse.java' not found in project sources
[WARNING] 19:44:06.878 File 'UserDetailsResponse.java' not found in project sources
[WARNING] 19:44:06.878 File 'DeploymentResourceResponse.java' not found in project sources
[WARNING] 19:44:06.878 File 'CommentResponse.java' not found in project sources
[WARNING] 19:44:06.878 File 'AppPublishResponse.java' not found in project sources
[WARNING] 19:44:06.878 File 'TokenResponse.java' not found in project sources
[WARNING] 19:44:06.878 File 'EncryptedJSON.java' not found in project sources
[WARNING] 19:44:06.878 File 'CookiePropertiesModel.java' not found in project sources
[WARNING] 19:44:06.878 File 'TokenRequest.java' not found in project sources
[WARNING] 19:44:06.878 File 'Privileges.java' not found in project sources
[WARNING] 19:44:06.878 File 'RestVariable.java' not found in project sources
[WARNING] 19:44:06.878 File 'CommentNotify.java' not found in project sources
[WARNING] 19:44:06.878 File 'PageInfo.java' not found in project sources
[WARNING] 19:44:06.878 File 'AppDefinitionContent.java' not found in project sources
[WARNING] 19:44:06.878 File 'SavedSearch.java' not found in project sources
[WARNING] 19:44:06.878 File 'SavedSearchBase.java' not found in project sources
[WARNING] 19:44:06.878 File 'UserPreferences.java' not found in project sources
[WARNING] 19:44:06.878 File 'TableColumnDefinition.java' not found in project sources
[WARNING] 19:44:06.878 File 'FormOptionSetDto.java' not found in project sources
[WARNING] 19:44:06.878 File 'UserPreferencesDto.java' not found in project sources
[WARNING] 19:44:06.878 File 'UserGroupDto.java' not found in project sources
[WARNING] 19:44:06.878 File 'GroupPrivilegeDto.java' not found in project sources
[WARNING] 19:44:06.878 File 'UserDto.java' not found in project sources
[WARNING] 19:44:06.878 File 'GroupDto.java' not found in project sources
[WARNING] 19:44:06.878 File 'FormFieldOptionDto.java' not found in project sources
[WARNING] 19:44:06.878 File 'RelatedContentDto.java' not found in project sources
[WARNING] 19:44:06.878 File 'UserController.java' not found in project sources
[WARNING] 19:44:06.878 File 'GroupController.java' not found in project sources
[WARNING] 19:44:06.878 File 'PrivilegeController.java' not found in project sources
[WARNING] 19:44:06.878 File 'AppController.java' not found in project sources
[WARNING] 19:44:06.878 File 'ProcessDefinitionController.java' not found in project sources
[WARNING] 19:44:06.878 File 'ExternalLoginController.java' not found in project sources
[WARNING] 19:44:06.878 File 'ModelController.java' not found in project sources
[WARNING] 19:44:06.878 File 'AppDefinitionController.java' not found in project sources
[WARNING] 19:44:06.878 File 'FormController.java' not found in project sources
[WARNING] 19:44:06.878 File 'FormOptionSetController.java' not found in project sources
[WARNING] 19:44:06.878 File 'FormFieldOptionController.java' not found in project sources
[WARNING] 19:44:06.878 File 'ReferenceDataController.java' not found in project sources
[WARNING] 19:44:06.878 File 'RestExceptionHandlerAdvice.java' not found in project sources
[WARNING] 19:44:06.878 File 'ProcessInstanceController.java' not found in project sources
[WARNING] 19:44:06.878 File 'CommentController.java' not found in project sources
[WARNING] 19:44:06.878 File 'UserPreferencesController.java' not found in project sources
[WARNING] 19:44:06.878 File 'ProcessDefinitionsController.java' not found in project sources
[WARNING] 19:44:06.878 File 'ProcessInstanceVariableController.java' not found in project sources
[WARNING] 19:44:06.878 File 'TaskQueryController.java' not found in project sources
[WARNING] 19:44:06.878 File 'TaskActionController.java' not found in project sources
[WARNING] 19:44:06.878 File 'RelatedContentController.java' not found in project sources
[WARNING] 19:44:06.878 File 'ProcessInstanceQueryController.java' not found in project sources
[WARNING] 19:44:06.878 File 'TaskController.java' not found in project sources
[WARNING] 19:44:06.878 File 'DateRestVariableConverter.java' not found in project sources
[WARNING] 19:44:06.878 File 'DoubleRestVariableConverter.java' not found in project sources
[WARNING] 19:44:06.878 File 'LongRestVariableConverter.java' not found in project sources
[WARNING] 19:44:06.878 File 'RestVariableConverter.java' not found in project sources
[WARNING] 19:44:06.878 File 'IntegerRestVariableConverter.java' not found in project sources
[WARNING] 19:44:06.878 File 'StringRestVariableConverter.java' not found in project sources
[WARNING] 19:44:06.878 File 'ShortRestVariableConverter.java' not found in project sources
[WARNING] 19:44:06.878 File 'BooleanRestVariableConverter.java' not found in project sources
[WARNING] 19:44:06.878 File 'AppServiceImpl.java' not found in project sources
[WARNING] 19:44:06.878 File 'RestVariableFactory.java' not found in project sources
[WARNING] 19:44:06.878 File 'ProcessDefinitionServiceImpl.java' not found in project sources
[WARNING] 19:44:06.878 File 'AuthServiceImpl.java' not found in project sources
[WARNING] 19:44:06.878 File 'TaskQueryServiceImpl.java' not found in project sources
[WARNING] 19:44:06.878 File 'GroupServiceImpl.java' not found in project sources
[WARNING] 19:44:06.878 File 'InsightProcessIdGenService.java' not found in project sources
[WARNING] 19:44:06.878 File 'IReferenceDataLookupDefinitionService.java' not found in project sources
[WARNING] 19:44:06.878 File 'InsightSequenceService.java' not found in project sources
[WARNING] 19:44:06.878 File 'WorkflowIdentifierConfiguration.java' not found in project sources
[WARNING] 19:44:06.878 File 'ProcessInstanceServiceImpl.java' not found in project sources
[WARNING] 19:44:06.878 File 'ReferenceDataServiceImpl.java' not found in project sources
[WARNING] 19:44:06.878 File 'TaskServiceImpl.java' not found in project sources
[WARNING] 19:44:06.878 File 'ContentStorageServiceImpl.java' not found in project sources
[WARNING] 19:44:06.878 File 'AESServiceImpl.java' not found in project sources
[WARNING] 19:44:06.878 File 'CommentServiceImpl.java' not found in project sources
[WARNING] 19:44:06.878 File 'ProcessInstanceVariableServiceImpl.java' not found in project sources
[WARNING] 19:44:06.878 File 'UserSynchronizationServiceImpl.java' not found in project sources
[WARNING] 19:44:06.878 File 'RelatedContentServiceImpl.java' not found in project sources
[WARNING] 19:44:06.878 File 'FormOptionSetServiceImpl.java' not found in project sources
[WARNING] 19:44:06.878 File 'UserInitializerServiceImpl.java' not found in project sources
[WARNING] 19:44:06.878 File 'ProcessInstanceQueryServiceImpl.java' not found in project sources
[WARNING] 19:44:06.878 File 'UserPreferencesServiceImpl.java' not found in project sources
[WARNING] 19:44:06.878 File 'FormFieldOptionServiceImpl.java' not found in project sources
[WARNING] 19:44:06.878 File 'ReferenceDataLookupDefinitionServiceImpl.java' not found in project sources
[WARNING] 19:44:06.878 File 'UserSyncCacheServiceImpl.java' not found in project sources
[WARNING] 19:44:06.878 File 'UserServiceImpl.java' not found in project sources
[WARNING] 19:44:06.878 File 'UserCacheImpl.java' not found in project sources
[WARNING] 19:44:06.878 File 'ArchiveFormDefinition.java' not found in project sources
[WARNING] 19:44:06.878 File 'PrivilegeServiceImpl.java' not found in project sources
[WARNING] 19:44:06.878 File 'FormServiceImpl.java' not found in project sources
[WARNING] 19:44:06.878 File 'TaskActionServiceImpl.java' not found in project sources
[WARNING] 19:44:06.878 File 'AcmInitializerServiceImpl.java' not found in project sources
[WARNING] 19:44:06.878 File 'RoleResourceServiceImpl.java' not found in project sources
[WARNING] 19:44:06.878 File 'AcmLoginTalk.java' not found in project sources
[WARNING] 19:44:06.878 File 'LoadAcmConfigurationServiceImpl.java' not found in project sources
[WARNING] 19:44:06.878 File 'FullTextFunctions.java' not found in project sources
[WARNING] 19:44:06.878 File 'SearchTxSynchronization.java' not found in project sources
[WARNING] 19:44:06.878 File 'SearchRefreshService.java' not found in project sources
[WARNING] 19:44:06.878 File 'SearchEventListener.java' not found in project sources
[WARNING] 19:44:06.878 File 'SearchWorkSet.java' not found in project sources
[WARNING] 19:44:06.878 File 'FieldConfigurationDto.java' not found in project sources
[WARNING] 19:44:06.878 File 'ModelServiceImpl.java' not found in project sources
[WARNING] 19:44:06.878 File 'FormAppArchiveService.java' not found in project sources
[WARNING] 19:44:06.878 File 'ModelRelationServiceImpl.java' not found in project sources
[WARNING] 19:44:06.878 File 'ArchiveFormResources.java' not found in project sources
[WARNING] 19:44:06.878 File 'KickstartArchive.java' not found in project sources
[WARNING] 19:44:06.878 File 'ModelHistoryServiceImpl.java' not found in project sources
[WARNING] 19:44:06.878 File 'AppArchiveServiceImpl.java' not found in project sources
[WARNING] 19:44:06.878 File 'AppDefinitionServiceImpl.java' not found in project sources
[WARNING] 19:44:06.878 File 'InsightProcessIdGenListener.java' not found in project sources
[WARNING] 19:44:06.878 File 'InsightSequenceListener.java' not found in project sources
[WARNING] 19:44:06.878 File 'VariableDeletedEventHandler.java' not found in project sources
[WARNING] 19:44:06.878 File 'TaskCreatedEventHandler.java' not found in project sources
[WARNING] 19:44:06.878 File 'VariableUpdatedEventHandler.java' not found in project sources
[WARNING] 19:44:06.878 File 'TaskAssignedEventHandler.java' not found in project sources
[WARNING] 19:44:06.878 File 'ProcessCompletedEventHandler.java' not found in project sources
[WARNING] 19:44:06.878 File 'InsightEventListener.java' not found in project sources
[WARNING] 19:44:06.878 File 'ProcessCompletedWithEscalationEndEventHandler.java' not found in project sources
[WARNING] 19:44:06.878 File 'TaskNameChangedEventHandler.java' not found in project sources
[WARNING] 19:44:06.878 File 'ProcessCreatedEventHandler.java' not found in project sources
[WARNING] 19:44:06.878 File 'TaskFormSavedEventHandler.java' not found in project sources
[WARNING] 19:44:06.878 File 'TaskDueDateChangedEventHandler.java' not found in project sources
[WARNING] 19:44:06.878 File 'CandidateGroupAddedEventHandler.java' not found in project sources
[WARNING] 19:44:06.879 File 'ProcessStartedEventHandler.java' not found in project sources
[WARNING] 19:44:06.879 File 'ProcessCompletedWithTerminateEndEventHandler.java' not found in project sources
[WARNING] 19:44:06.879 File 'TaskCompletedEventHandler.java' not found in project sources
[WARNING] 19:44:06.879 File 'ProcessCancelledEventHandler.java' not found in project sources
[WARNING] 19:44:06.879 File 'TaskDeletedEventHandler.java' not found in project sources
[WARNING] 19:44:06.879 File 'InsightEntityEvent.java' not found in project sources
[WARNING] 19:44:06.879 File 'EntityTaskDeletedEventHandler.java' not found in project sources
[WARNING] 19:44:06.879 File 'EntityHistoricProcessInstanceDeletedEventHandler.java' not found in project sources
[WARNING] 19:44:06.879 File 'AbstractInsightEventHandler.java' not found in project sources
[WARNING] 19:44:06.879 File 'UpdateStepEventHandler.java' not found in project sources
[WARNING] 19:44:06.879 File 'VariableCreatedEventHandler.java' not found in project sources
[WARNING] 19:44:06.879 File 'InsightEventType.java' not found in project sources
[WARNING] 19:44:06.879 File 'HistoricProcessInstanceDeletedEventHandler.java' not found in project sources
[WARNING] 19:44:06.879 File 'TaskOwnerChangedEventHandler.java' not found in project sources
[WARNING] 19:44:06.879 File 'UpdateSignatureEventHandler.java' not found in project sources
[WARNING] 19:44:06.879 File 'ProcessCompletedWithErrorEndEventHandler.java' not found in project sources
[WARNING] 19:44:06.879 File 'TaskPriorityChangedEventHandler.java' not found in project sources
[WARNING] 19:44:06.879 File 'ProcessDeletedEventHandler.java' not found in project sources
[WARNING] 19:44:06.879 File 'CriteriaQuerySupport.java' not found in project sources
[WARNING] 19:44:06.879 File 'ProcessDefinitionModelMapperImpl.java' not found in project sources
[WARNING] 19:44:06.879 File 'UserPreferencesMapperImpl.java' not found in project sources
[WARNING] 19:44:06.879 File 'FormOptionSetMapper.java' not found in project sources
[WARNING] 19:44:06.879 File 'GroupPrivilegeMapperImpl.java' not found in project sources
[WARNING] 19:44:06.879 File 'RelatedContentMapper.java' not found in project sources
[WARNING] 19:44:06.879 File 'ReferenceDataLookupDefinitionMapper.java' not found in project sources
[WARNING] 19:44:06.879 File 'GroupMapperImpl.java' not found in project sources
[WARNING] 19:44:06.879 File 'ProcessDefinitionModelHistoryMapperImpl.java' not found in project sources
[WARNING] 19:44:06.879 File 'ModelTypeCodec.java' not found in project sources
[WARNING] 19:44:06.879 File 'ProcessDefinitionModelRelationMapper.java' not found in project sources
[WARNING] 19:44:06.879 File 'FormFieldOptionMapper.java' not found in project sources
[WARNING] 19:44:06.879 File 'UserPreferencesMapper.java' not found in project sources
[WARNING] 19:44:06.879 File 'FormFieldOptionMapperImpl.java' not found in project sources
[WARNING] 19:44:06.879 File 'TaskMapperImpl.java' not found in project sources
[WARNING] 19:44:06.879 File 'ProcessDefinitionModelMapper.java' not found in project sources
[WARNING] 19:44:06.879 File 'GroupMapper.java' not found in project sources
[WARNING] 19:44:06.879 File 'GroupPrivilegeMapper.java' not found in project sources
[WARNING] 19:44:06.879 File 'TaskMapper.java' not found in project sources
[WARNING] 19:44:06.879 File 'UserMapperImpl.java' not found in project sources
[WARNING] 19:44:06.879 File 'FormOptionSetMapperImpl.java' not found in project sources
[WARNING] 19:44:06.879 File 'CommentMapper.java' not found in project sources
[WARNING] 19:44:06.879 File 'ProcessDefinitionModelRelationMapperImpl.java' not found in project sources
[WARNING] 19:44:06.879 File 'UserMapper.java' not found in project sources
[WARNING] 19:44:06.879 File 'ReferenceDataLookupDefinitionMapperImpl.java' not found in project sources
[WARNING] 19:44:06.879 File 'CommentMapperImpl.java' not found in project sources
[WARNING] 19:44:06.879 File 'RelatedContentMapperImpl.java' not found in project sources
[WARNING] 19:44:06.879 File 'ProcessDefinitionModelHistoryMapper.java' not found in project sources
[WARNING] 19:44:06.879 File 'InsightAppUser.java' not found in project sources
[WARNING] 19:44:06.879 File 'SecurityUtils.java' not found in project sources
[WARNING] 19:44:06.879 File 'RmqEventListenerImpl.java' not found in project sources
[WARNING] 19:44:06.879 File 'RmqServiceImpl.java' not found in project sources
[WARNING] 19:44:06.879 File 'RmqHealthCheckServiceImpl.java' not found in project sources
[WARNING] 19:44:06.879 File 'ICommentRequest.java' not found in project sources
[WARNING] 19:44:06.879 File 'IIdentityLinkRequest.java' not found in project sources
[WARNING] 19:44:06.879 File 'ISavedSearchRequest.java' not found in project sources
[WARNING] 19:44:06.879 File 'IUserIdentityRequest.java' not found in project sources
[WARNING] 19:44:06.879 File 'IAddGroupPrivilegesRequest.java' not found in project sources
[WARNING] 19:44:06.879 File 'IUpdateProcessDefinitionModelRequest.java' not found in project sources
[WARNING] 19:44:06.879 File 'IUserActionRequest.java' not found in project sources
[WARNING] 19:44:06.879 File 'IAttachmentRequest.java' not found in project sources
[WARNING] 19:44:06.879 File 'IFormSubmitRequest.java' not found in project sources
[WARNING] 19:44:06.879 File 'IMembershipRequest.java' not found in project sources
[WARNING] 19:44:06.879 File 'ICreateUserRequest.java' not found in project sources
[WARNING] 19:44:06.879 File 'IProcessVariableRequest.java' not found in project sources
[WARNING] 19:44:06.879 File 'ICreateProcessDefinitionModelRequest.java' not found in project sources
[WARNING] 19:44:06.879 File 'IUserSearchRequest.java' not found in project sources
[WARNING] 19:44:06.879 File 'IProcessInstanceStateRequest.java' not found in project sources
[WARNING] 19:44:06.879 File 'IProcessInstanceStartRequest.java' not found in project sources
[WARNING] 19:44:06.879 File 'IProcessDefinitionActionRequest.java' not found in project sources
[WARNING] 19:44:06.879 File 'IUpdateAppDefinitionDraftRequest.java' not found in project sources
[WARNING] 19:44:06.879 File 'IUpdateGroupRequest.java' not found in project sources
[WARNING] 19:44:06.879 File 'IUserInfoRequest.java' not found in project sources
[WARNING] 19:44:06.879 File 'ITaskActionRequest.java' not found in project sources
[WARNING] 19:44:06.879 File 'IGroupRequest.java' not found in project sources
[WARNING] 19:44:06.879 File 'IUserRequest.java' not found in project sources
[WARNING] 19:44:06.879 File 'ITaskRequest.java' not found in project sources
[WARNING] 19:44:06.879 File 'IGroupSearchRequest.java' not found in project sources
[WARNING] 19:44:06.879 File 'IProcessInstanceSearchRequest.java' not found in project sources
[WARNING] 19:44:06.879 File 'IUserPictureRequest.java' not found in project sources
[WARNING] 19:44:06.879 File 'ITaskSearchRequest.java' not found in project sources
[WARNING] 19:44:06.879 File 'ICreateAppDefinitionDraftRequest.java' not found in project sources
[WARNING] 19:44:06.879 File 'InsightUserDetails.java' not found in project sources
[WARNING] 19:44:06.879 File 'FullTextSearchableString.java' not found in project sources
[WARNING] 19:44:06.879 File 'FullTextSearchGenerator.java' not found in project sources
[WARNING] 19:44:06.879 File 'SearchType.java' not found in project sources
[WARNING] 19:44:06.879 File 'AccountType.java' not found in project sources
[WARNING] 19:44:06.879 File 'QueueType.java' not found in project sources
[WARNING] 19:44:06.879 File 'GroupType.java' not found in project sources
[WARNING] 19:44:06.879 File 'DisplayValueEnum.java' not found in project sources
[WARNING] 19:44:06.879 File 'UserAccountType.java' not found in project sources
[WARNING] 19:44:06.879 File 'LightUserDto.java' not found in project sources
[WARNING] 19:44:06.879 File 'AbstractUserDto.java' not found in project sources
[WARNING] 19:44:06.879 File 'FullTextSearchGeneratorPostgresImpl.java' not found in project sources
[WARNING] 19:44:06.879 File 'IProcessInstanceQuery.java' not found in project sources
[WARNING] 19:44:06.879 File 'IGroupQueryRequest.java' not found in project sources
[WARNING] 19:44:06.879 File 'ITaskFilterRequest.java' not found in project sources
[WARNING] 19:44:06.879 File 'IProcessInstanceFilterRequest.java' not found in project sources
[WARNING] 19:44:06.879 File 'ITaskQueryRequest.java' not found in project sources
[WARNING] 19:44:06.879 File 'IUserQueryRequest.java' not found in project sources
[WARNING] 19:44:06.879 File 'IProcessDefinitionModelQueryRequest.java' not found in project sources
[WARNING] 19:44:06.879 File 'IPagedRequest.java' not found in project sources
[WARNING] 19:44:06.879 File 'ProcessState.java' not found in project sources
[WARNING] 19:44:06.879 File 'TaskPriority.java' not found in project sources
[WARNING] 19:44:06.879 File 'ProcessSort.java' not found in project sources
[WARNING] 19:44:06.879 File 'ModelType.java' not found in project sources
[WARNING] 19:44:06.879 File 'RestVariableScope.java' not found in project sources
[WARNING] 19:44:06.879 File 'ModelRelationType.java' not found in project sources
[WARNING] 19:44:06.879 File 'UserSort.java' not found in project sources
[WARNING] 19:44:06.879 File 'GroupSort.java' not found in project sources
[WARNING] 19:44:06.879 File 'TaskSort.java' not found in project sources
[WARNING] 19:44:06.879 File 'ProcessModelSort.java' not found in project sources
[WARNING] 19:44:06.879 File 'FtsWeight.java' not found in project sources
[WARNING] 19:44:06.879 File 'NotFoundException.java' not found in project sources
[WARNING] 19:44:06.879 File 'AuthenticationException.java' not found in project sources
[WARNING] 19:44:06.879 File 'AuthorizationException.java' not found in project sources
[WARNING] 19:44:06.879 File 'EncryptionException.java' not found in project sources
[WARNING] 19:44:06.879 File 'IllegalArgumentException.java' not found in project sources
[WARNING] 19:44:06.879 File 'ConflictRequestException.java' not found in project sources
[WARNING] 19:44:06.879 File 'BaseRestException.java' not found in project sources
[WARNING] 19:44:06.879 File 'BadRequestException.java' not found in project sources
[WARNING] 19:44:06.879 File 'IntegrationException.java' not found in project sources
[WARNING] 19:44:06.879 File 'ContentStorageException.java' not found in project sources
[WARNING] 19:44:06.879 File 'InternalServerErrorException.java' not found in project sources
[WARNING] 19:44:06.879 File 'ErrorInfo.java' not found in project sources
[WARNING] 19:44:06.879 File 'ModelHistoryService.java' not found in project sources
[WARNING] 19:44:06.879 File 'ModelService.java' not found in project sources
[WARNING] 19:44:06.879 File 'AppArchiveService.java' not found in project sources
[WARNING] 19:44:06.879 File 'ModelRelationService.java' not found in project sources
[WARNING] 19:44:06.879 File 'AppDefinitionService.java' not found in project sources
[WARNING] 19:44:06.879 File 'ChecksumUtil.java' not found in project sources
[WARNING] 19:44:06.879 File 'ThreadLocalContext.java' not found in project sources
[WARNING] 19:44:06.879 File 'AcmUtils.java' not found in project sources
[WARNING] 19:44:06.879 File 'Const.java' not found in project sources
[WARNING] 19:44:06.879 File 'Utils.java' not found in project sources
[WARNING] 19:44:06.879 File 'ServerTalk.java' not found in project sources
[WARNING] 19:44:06.879 File 'ReferenceDataLookupDto.java' not found in project sources
[WARNING] 19:44:06.879 File 'IPermissionRep.java' not found in project sources
[WARNING] 19:44:06.879 File 'IGroupPrivilegeDto.java' not found in project sources
[WARNING] 19:44:06.879 File 'IUserPreferencesDto.java' not found in project sources
[WARNING] 19:44:06.879 File 'IGroupDto.java' not found in project sources
[WARNING] 19:44:06.879 File 'ReferenceDataLookupValueDto.java' not found in project sources
[WARNING] 19:44:06.879 File 'IUserGroupDto.java' not found in project sources
[WARNING] 19:44:06.879 File 'IUserDto.java' not found in project sources
[WARNING] 19:44:06.879 File 'IFormOptionSetDto.java' not found in project sources
[WARNING] 19:44:06.879 File 'IFormFieldOptionDto.java' not found in project sources
[WARNING] 19:44:06.879 File 'SearchRequest.java' not found in project sources
[WARNING] 19:44:06.879 File 'IAcmUserGroupRep.java' not found in project sources
[WARNING] 19:44:06.879 File 'IAcmConfigurationRep.java' not found in project sources
[WARNING] 19:44:06.879 File 'ReferenceDataLookupKeyDto.java' not found in project sources
[WARNING] 19:44:06.879 File 'IRelatedContentDto.java' not found in project sources
[WARNING] 19:44:06.879 File 'ReferenceDataLookupDefinitionDto.java' not found in project sources
[WARNING] 19:44:06.879 File 'RmqEventPublisher.java' not found in project sources
[WARNING] 19:44:06.880 File 'RmqHealthCheckService.java' not found in project sources
[WARNING] 19:44:06.880 File 'RmqEventListener.java' not found in project sources
[WARNING] 19:44:06.880 File 'RmqService.java' not found in project sources
[WARNING] 19:44:06.880 File 'IReferenceDataLookupValueDto.java' not found in project sources
[WARNING] 19:44:06.880 File 'IReferenceDataLookupKeyDto.java' not found in project sources
[WARNING] 19:44:06.880 File 'FormService.java' not found in project sources
[WARNING] 19:44:06.880 File 'UserSyncCacheService.java' not found in project sources
[WARNING] 19:44:06.880 File 'CommentService.java' not found in project sources
[WARNING] 19:44:06.880 File 'FormOptionSetService.java' not found in project sources
[WARNING] 19:44:06.880 File 'TaskService.java' not found in project sources
[WARNING] 19:44:06.880 File 'LoadAcmConfigurationService.java' not found in project sources
[WARNING] 19:44:06.880 File 'FormFieldOptionService.java' not found in project sources
[WARNING] 19:44:06.880 File 'TaskQueryService.java' not found in project sources
[WARNING] 19:44:06.880 File 'ProcessInstanceQueryService.java' not found in project sources
[WARNING] 19:44:06.880 File 'RoleResourceService.java' not found in project sources
[WARNING] 19:44:06.880 File 'AuthService.java' not found in project sources
[WARNING] 19:44:06.880 File 'IReferenceDataService.java' not found in project sources
[WARNING] 19:44:06.880 File 'UserService.java' not found in project sources
[WARNING] 19:44:06.880 File 'AcmInitializerService.java' not found in project sources
[WARNING] 19:44:06.880 File 'AppService.java' not found in project sources
[WARNING] 19:44:06.880 File 'PrivilegeService.java' not found in project sources
[WARNING] 19:44:06.880 File 'UserPreferencesService.java' not found in project sources
[WARNING] 19:44:06.880 File 'ProcessInstanceVariableService.java' not found in project sources
[WARNING] 19:44:06.880 File 'ContentStorageService.java' not found in project sources
[WARNING] 19:44:06.880 File 'UserCache.java' not found in project sources
[WARNING] 19:44:06.880 File 'ProcessInstanceService.java' not found in project sources
[WARNING] 19:44:06.880 File 'TaskActionService.java' not found in project sources
[WARNING] 19:44:06.880 File 'RelatedContentService.java' not found in project sources
[WARNING] 19:44:06.880 File 'AESService.java' not found in project sources
[WARNING] 19:44:06.880 File 'UserSynchronizationService.java' not found in project sources
[WARNING] 19:44:06.880 File 'ProcessDefinitionService.java' not found in project sources
[WARNING] 19:44:06.880 File 'GroupService.java' not found in project sources
[WARNING] 19:44:06.880 File 'IFormDataResponse.java' not found in project sources
[WARNING] 19:44:06.880 File 'IProcessDefinitionModelResponse.java' not found in project sources
[WARNING] 19:44:06.880 File 'IAppPublishResponse.java' not found in project sources
[WARNING] 19:44:06.880 File 'IAttachmentResponse.java' not found in project sources
[WARNING] 19:44:06.880 File 'IUserGroupSummary.java' not found in project sources
[WARNING] 19:44:06.880 File 'IAppDefinitionDraftSummaryResponse.java' not found in project sources
[WARNING] 19:44:06.880 File 'IProcessInstanceResponse.java' not found in project sources
[WARNING] 19:44:06.880 File 'IProcessVariableResponse.java' not found in project sources
[WARNING] 19:44:06.880 File 'ISavedSearchResponse.java' not found in project sources
[WARNING] 19:44:06.880 File 'IUserDetailsResponse.java' not found in project sources
[WARNING] 19:44:06.880 File 'ITaskResponse.java' not found in project sources
[WARNING] 19:44:06.880 File 'IIdentityLinkResponse.java' not found in project sources
[WARNING] 19:44:06.880 File 'IMembershipResponse.java' not found in project sources
[WARNING] 19:44:06.880 File 'IProcessDefinitionModelRelationResponse.java' not found in project sources
[WARNING] 19:44:06.880 File 'ICountResponse.java' not found in project sources
[WARNING] 19:44:06.880 File 'IFormFieldResponse.java' not found in project sources
[WARNING] 19:44:06.880 File 'IDeploymentResourceResponse.java' not found in project sources
[WARNING] 19:44:06.880 File 'IAppDefinitionDraftResponse.java' not found in project sources
[WARNING] 19:44:06.880 File 'IGroupResponse.java' not found in project sources
[WARNING] 19:44:06.880 File 'IUserResponse.java' not found in project sources
[WARNING] 19:44:06.880 File 'IAggregatedResponse.java' not found in project sources
[WARNING] 19:44:06.880 File 'ICommentResponse.java' not found in project sources
[WARNING] 19:44:06.880 File 'IUserInfoResponse.java' not found in project sources
[WARNING] 19:44:06.880 File 'IUserDetailResponse.java' not found in project sources
[WARNING] 19:44:06.880 File 'IProcessDefinitionModelHistoryResponse.java' not found in project sources
[WARNING] 19:44:06.880 File 'IPagedResponse.java' not found in project sources
[WARNING] 19:44:06.880 File 'IProcessDefinitionModelSummaryResponse.java' not found in project sources
[WARNING] 19:44:06.880 File 'IProcessDefinitionResponse.java' not found in project sources
[WARNING] 19:44:06.880 File 'IAppDeploymentResponse.java' not found in project sources
[WARNING] 19:44:06.880 File 'IAppDefinitionResponse.java' not found in project sources
[WARNING] 19:44:06.880 File 'ICookieProperties.java' not found in project sources
[WARNING] 19:44:06.880 File 'IGroupEntity.java' not found in project sources
[WARNING] 19:44:06.880 File 'IEventSyncEntity.java' not found in project sources
[WARNING] 19:44:06.880 File 'IRuntimeIdentityLinkEntity.java' not found in project sources
[WARNING] 19:44:06.880 File 'IRuntimeExecutionEntity.java' not found in project sources
[WARNING] 19:44:06.880 File 'IUserEntity.java' not found in project sources
[WARNING] 19:44:06.880 File 'IProcessDefinitionModelHistoryEntity.java' not found in project sources
[WARNING] 19:44:06.880 File 'IHistoricIdentityLinkEntity.java' not found in project sources
[WARNING] 19:44:06.880 File 'IAbstractAuditEntity.java' not found in project sources
[WARNING] 19:44:06.880 File 'ITaskEntity.java' not found in project sources
[WARNING] 19:44:06.880 File 'IGroupPrivilegeEntity.java' not found in project sources
[WARNING] 19:44:06.880 File 'IHistoricTaskEntity.java' not found in project sources
[WARNING] 19:44:06.880 File 'IProcessDefinitionEntity.java' not found in project sources
[WARNING] 19:44:06.880 File 'IProcessSearchEntity.java' not found in project sources
[WARNING] 19:44:06.880 File 'IUserPreferencesEntity.java' not found in project sources
[WARNING] 19:44:06.880 File 'IMutableId.java' not found in project sources
[WARNING] 19:44:06.880 File 'IAppDeploymentEntity.java' not found in project sources
[WARNING] 19:44:06.880 File 'ICommentEntity.java' not found in project sources
[WARNING] 19:44:06.880 File 'IProcessDefinitionModelEntity.java' not found in project sources
[WARNING] 19:44:06.880 File 'IDeploymentEntity.java' not found in project sources
[WARNING] 19:44:06.880 File 'IProcessDefinitionModelRelationEntity.java' not found in project sources
[WARNING] 19:44:06.880 File 'IHistoricVariableInstanceEntity.java' not found in project sources
[WARNING] 19:44:06.880 File 'ITaskSearchEntity.java' not found in project sources
[WARNING] 19:44:06.880 File 'IRelatedContentEntity.java' not found in project sources
[WARNING] 19:44:06.880 File 'IAbstractTaskInfoEntity.java' not found in project sources
[WARNING] 19:44:06.880 File 'IHistoricProcessInstanceEntity.java' not found in project sources
[WARNING] 19:44:06.880 File 'ICommentNotify.java' not found in project sources
[WARNING] 19:44:06.880 File 'IRestVariable.java' not found in project sources
[WARNING] 19:44:06.880 File 'RelatedContentStatus.java' not found in project sources
[WARNING] 19:44:06.880 File 'GroupStatus.java' not found in project sources
[WARNING] 19:44:06.880 File 'UserAccountStatus.java' not found in project sources
[WARNING] 19:44:06.880 File 'TaskState.java' not found in project sources
[WARNING] 19:44:06.880 File 'InsightEventHandler.java' not found in project sources
[WARNING] 19:44:06.880 File 'IEventDto.java' not found in project sources
[WARNING] 19:44:06.880 File 'ISavedSearch.java' not found in project sources
[WARNING] 19:44:06.880 File 'IUserPreferences.java' not found in project sources
[WARNING] 19:44:06.880 File 'ITableColumnDefinition.java' not found in project sources
[INFO] 19:44:06.880 Sensor JaCoCo XML Report Importer [jacoco] (done) | time=27ms
[INFO] 19:44:06.880 Sensor IaC hadolint report Sensor [iac]
[INFO] 19:44:06.880 Sensor IaC hadolint report Sensor [iac] (done) | time=0ms
[INFO] 19:44:06.880 Sensor Java Config Sensor [iac]
[INFO] 19:44:06.882 There are no files to be analyzed for the Java language
[INFO] 19:44:06.882 Sensor Java Config Sensor [iac] (done) | time=2ms
[INFO] 19:44:06.882 Sensor IaC Docker Sensor [iac]
[INFO] 19:44:06.882 Sensor IaC Docker Sensor is restricted to changed files only
[INFO] 19:44:06.883 There are no files to be analyzed for the Docker language
[INFO] 19:44:06.883 Sensor IaC Docker Sensor [iac] (done) | time=0ms
[INFO] 19:44:06.883 Sensor IaC GitHub Actions Sensor [iac]
[INFO] 19:44:06.883 There are no files to be analyzed for the GitHub Actions language
[INFO] 19:44:06.883 Sensor IaC GitHub Actions Sensor [iac] (done) | time=0ms
[INFO] 19:44:06.883 Sensor IaC actionlint report Sensor [iac]
[INFO] 19:44:06.883 Sensor IaC actionlint report Sensor [iac] (done) | time=0ms
[INFO] 19:44:06.883 Sensor IaC Shell Sensor [iac]
[INFO] 19:44:06.883 There are no files to be analyzed for the Shell language
[INFO] 19:44:06.883 Sensor IaC Shell Sensor [iac] (done) | time=0ms
[INFO] 19:44:06.883 Sensor ThymeLeaf template sensor [securityjavafrontend]
[INFO] 19:44:06.883 Sensor ThymeLeaf template sensor [securityjavafrontend] (done) | time=0ms
[INFO] 19:44:06.883 Sensor JavaAndroidConfigurationSensor [securityjavafrontend]
[INFO] 19:44:06.883 Sensor JavaAndroidConfigurationSensor [securityjavafrontend] (done) | time=0ms
[INFO] 19:44:06.883 Sensor JavaModuleSecuritySensor [securityjavafrontend]
[INFO] 19:44:06.883 Sensor JavaModuleSecuritySensor [securityjavafrontend] (done) | time=0ms
[INFO] 19:44:06.883 Sensor SurefireSensor [java]
[INFO] 19:44:06.883 parsing [/home/jenkins/agent/workspace/rd_insight-server_PR-57/insight-package/target/surefire-reports]
[INFO] 19:44:06.884 Sensor SurefireSensor [java] (done) | time=1ms
[INFO] 19:44:06.884 Sensor XML Sensor [xml]
[INFO] 19:44:06.884 Sensor XML Sensor is restricted to changed files only
[INFO] 19:44:06.884 Sensor XML Sensor [xml] (done) | time=0ms
[INFO] 19:44:06.885 ------------- Run sensors on module Insight - Service
[INFO] 19:44:06.956 Sensor JavaSensor [java]
[INFO] 19:44:06.956 Configured Java source version (sonar.java.source): 21, preview features enabled (sonar.java.enablePreview): false
[INFO] 19:44:06.962 The Java analyzer is running in a context where unchanged files can be skipped. Full analysis is performed for changed files, optimized analysis for unchanged files.
[INFO] 19:44:07.156 Server-side caching is enabled. The Java analyzer was able to leverage cached data from previous analyses for 139 out of 159 files. These files will not be parsed.
[INFO] 19:44:07.156 Using ECJ batch to parse 18 Main java source files with batch size 194 KB.
[INFO] 19:44:07.158 Starting batch processing.
[INFO] 19:44:07.436 No boundary descriptors defined
[INFO] 19:44:09.437 100% analyzed
[INFO] 19:44:09.437 Batch processing: Done.
[INFO] 19:44:09.438 Optimized analysis for 13 of 18 files.
[INFO] 19:44:09.487 Using ECJ batch to parse 2 Test java source files with batch size 194 KB.
[INFO] 19:44:09.490 Starting batch processing.
[INFO] 19:44:10.668 100% analyzed
[INFO] 19:44:10.668 Batch processing: Done.
[INFO] 19:44:10.670 Did not optimize analysis for any files, performed a full analysis for all 2 files.
[INFO] 19:44:10.670 No "Generated" source files to scan.
[INFO] 19:44:10.670 Sensor JavaSensor [java] (done) | time=3714ms
[INFO] 19:44:10.670 Sensor JaCoCo XML Report Importer [jacoco]
[INFO] 19:44:10.671 Importing 1 report(s). Turn your logs in debug mode in order to see the exhaustive list.
[WARNING] 19:44:10.689 File 'AcmProperties.java' not found in project sources
[WARNING] 19:44:10.689 File 'PdfProperties.java' not found in project sources
[WARNING] 19:44:10.689 File 'UserProperties.java' not found in project sources
[WARNING] 19:44:10.689 File 'SecurityProperties.java' not found in project sources
[WARNING] 19:44:10.689 File 'RmqProperties.java' not found in project sources
[WARNING] 19:44:10.689 File 'ExportConfig.java' not found in project sources
[WARNING] 19:44:10.689 File 'TableConfig.java' not found in project sources
[WARNING] 19:44:10.689 File 'ClientProperties.java' not found in project sources
[WARNING] 19:44:10.689 File 'ColumnConfig.java' not found in project sources
[WARNING] 19:44:10.689 File 'S3ApplicationProperties.java' not found in project sources
[WARNING] 19:44:10.689 File 'CookieProperties.java' not found in project sources
[WARNING] 19:44:10.689 File 'StorageClientConfig.java' not found in project sources
[WARNING] 19:44:10.689 File 'HttpClientConfig.java' not found in project sources
[WARNING] 19:44:10.689 File 'DynamicRmqConfig.java' not found in project sources
[WARNING] 19:44:10.689 File 'DatabaseConfiguration.java' not found in project sources
[WARNING] 19:44:10.689 File 'FlowableConfig.java' not found in project sources
[WARNING] 19:44:10.689 File 'RestControllerPathLogger.java' not found in project sources
[WARNING] 19:44:10.689 File 'JacksonConfig.java' not found in project sources
[WARNING] 19:44:10.689 File 'CacheConfiguration.java' not found in project sources
[WARNING] 19:44:10.689 File 'LegacyInitiatorAssignmentParseHandler.java' not found in project sources
[WARNING] 19:44:10.689 File 'DataSourceBuilder.java' not found in project sources
[WARNING] 19:44:10.689 File 'JwtAuthenticationFilter.java' not found in project sources
[WARNING] 19:44:10.689 File 'SecurityConfig.java' not found in project sources
[WARNING] 19:44:10.689 File 'SpringSecurityAuthenticationContext.java' not found in project sources
[WARNING] 19:44:10.689 File 'WorkflowIdentifierLockEntity_.java' not found in project sources
[WARNING] 19:44:10.689 File 'ReferenceDataLookupEntity.java' not found in project sources
[WARNING] 19:44:10.689 File 'UserEntity_.java' not found in project sources
[WARNING] 19:44:10.689 File 'AbstractTaskInfoEntity_.java' not found in project sources
[WARNING] 19:44:10.689 File 'InsightSequenceEntity_.java' not found in project sources
[WARNING] 19:44:10.689 File 'GroupEntity.java' not found in project sources
[WARNING] 19:44:10.689 File 'HistoricProcessInstanceEntity.java' not found in project sources
[WARNING] 19:44:10.689 File 'TaskEntity_.java' not found in project sources
[WARNING] 19:44:10.689 File 'ArchivePublicationLockEntity_.java' not found in project sources
[WARNING] 19:44:10.689 File 'UserPreferencesEntity.java' not found in project sources
[WARNING] 19:44:10.690 File 'InsightProcessIdEntity.java' not found in project sources
[WARNING] 19:44:10.690 File 'ReferenceDataLookupKeyEntity.java' not found in project sources
[WARNING] 19:44:10.690 File 'ProcessDefinitionModelHistoryEntity.java' not found in project sources
[WARNING] 19:44:10.690 File 'AbstractAuditEntity.java' not found in project sources
[WARNING] 19:44:10.690 File 'TaskSearchEntity_.java' not found in project sources
[WARNING] 19:44:10.690 File 'ProcessDefinitionEntity_.java' not found in project sources
[WARNING] 19:44:10.690 File 'GroupPrivilegeEntity.java' not found in project sources
[WARNING] 19:44:10.690 File 'RelatedContentEntity_.java' not found in project sources
[WARNING] 19:44:10.690 File 'DeploymentEntity.java' not found in project sources
[WARNING] 19:44:10.690 File 'CommentEntity.java' not found in project sources
[WARNING] 19:44:10.690 File 'ReferenceDataLookupEntity_.java' not found in project sources
[WARNING] 19:44:10.690 File 'TaskEntity.java' not found in project sources
[WARNING] 19:44:10.690 File 'ReferenceDataLookupValueEntity.java' not found in project sources
[WARNING] 19:44:10.690 File 'HistoricProcessInstanceEntity_.java' not found in project sources
[WARNING] 19:44:10.690 File 'RuntimeExecutionEntity_.java' not found in project sources
[WARNING] 19:44:10.690 File 'HistoricIdentityLinkEntity_.java' not found in project sources
[WARNING] 19:44:10.690 File 'ProcessDefinitionEntity.java' not found in project sources
[WARNING] 19:44:10.690 File 'EventSyncEntity.java' not found in project sources
[WARNING] 19:44:10.690 File 'AbstractAuditEntity_.java' not found in project sources
[WARNING] 19:44:10.690 File 'UserEntity.java' not found in project sources
[WARNING] 19:44:10.690 File 'ProcessDefinitionModelHistoryEntity_.java' not found in project sources
[WARNING] 19:44:10.690 File 'ReferenceDataLookupKeyEntity_.java' not found in project sources
[WARNING] 19:44:10.690 File 'HistoricTaskEntity.java' not found in project sources
[WARNING] 19:44:10.690 File 'UserGroupEntity.java' not found in project sources
[WARNING] 19:44:10.690 File 'InsightSequenceEntity.java' not found in project sources
[WARNING] 19:44:10.690 File 'RuntimeIdentityLinkEntity.java' not found in project sources
[WARNING] 19:44:10.690 File 'FormFieldOptionEntity.java' not found in project sources
[WARNING] 19:44:10.690 File 'ProcessSearchEntity_.java' not found in project sources
[WARNING] 19:44:10.690 File 'FormFieldOptionEntity_.java' not found in project sources
[WARNING] 19:44:10.690 File 'ProcessDefinitionModelEntity_.java' not found in project sources
[WARNING] 19:44:10.690 File 'AppDeploymentEntity_.java' not found in project sources
[WARNING] 19:44:10.690 File 'AppDeploymentEntity.java' not found in project sources
[WARNING] 19:44:10.690 File 'HistoricVariableInstanceEntity.java' not found in project sources
[WARNING] 19:44:10.690 File 'HistoricIdentityLinkEntity.java' not found in project sources
[WARNING] 19:44:10.690 File 'AbstractTaskInfoEntity.java' not found in project sources
[WARNING] 19:44:10.690 File 'ReferenceDataLookupValueEntity_.java' not found in project sources
[WARNING] 19:44:10.690 File 'UserGroupEntity_.java' not found in project sources
[WARNING] 19:44:10.690 File 'RuntimeIdentityLinkEntity_.java' not found in project sources
[WARNING] 19:44:10.690 File 'GroupEntity_.java' not found in project sources
[WARNING] 19:44:10.690 File 'GroupPrivilegeEntity_.java' not found in project sources
[WARNING] 19:44:10.690 File 'EventSyncEntity_.java' not found in project sources
[WARNING] 19:44:10.690 File 'ProcessDefinitionModelRelationEntity_.java' not found in project sources
[WARNING] 19:44:10.690 File 'ProcessSearchEntity.java' not found in project sources
[WARNING] 19:44:10.690 File 'FormOptionSetEntity_.java' not found in project sources
[WARNING] 19:44:10.690 File 'ProcessDefinitionModelRelationEntity.java' not found in project sources
[WARNING] 19:44:10.690 File 'RelatedContentEntity.java' not found in project sources
[WARNING] 19:44:10.690 File 'HistoricVariableInstanceEntity_.java' not found in project sources
[WARNING] 19:44:10.690 File 'ProcessDefinitionModelEntity.java' not found in project sources
[WARNING] 19:44:10.690 File 'WorkflowIdentifierLockEntity.java' not found in project sources
[WARNING] 19:44:10.690 File 'FormOptionSetEntity.java' not found in project sources
[WARNING] 19:44:10.690 File 'RuntimeExecutionEntity.java' not found in project sources
[WARNING] 19:44:10.690 File 'UserPreferencesEntity_.java' not found in project sources
[WARNING] 19:44:10.690 File 'ReferenceDataLookupDefinitionEntity.java' not found in project sources
[WARNING] 19:44:10.690 File 'DeploymentEntity_.java' not found in project sources
[WARNING] 19:44:10.690 File 'HistoricTaskEntity_.java' not found in project sources
[WARNING] 19:44:10.690 File 'TaskSearchEntity.java' not found in project sources
[WARNING] 19:44:10.690 File 'CommentEntity_.java' not found in project sources
[WARNING] 19:44:10.690 File 'ReferenceDataLookupDefinitionEntity_.java' not found in project sources
[WARNING] 19:44:10.690 File 'ArchivePublicationLockEntity.java' not found in project sources
[WARNING] 19:44:10.690 File 'InsightProcessIdEntity_.java' not found in project sources
[WARNING] 19:44:10.690 File 'ReferenceDataLookupRepositoryCustom.java' not found in project sources
[WARNING] 19:44:10.690 File 'ProcessDefinitionModelRepository.java' not found in project sources
[WARNING] 19:44:10.690 File 'RuntimeExecutionRepository.java' not found in project sources
[WARNING] 19:44:10.690 File 'AppDeploymentRepository.java' not found in project sources
[WARNING] 19:44:10.690 File 'ProcessDefinitionModelHistoryRepository.java' not found in project sources
[WARNING] 19:44:10.690 File 'UserGroupRepository.java' not found in project sources
[WARNING] 19:44:10.690 File 'GroupRepository.java' not found in project sources
[WARNING] 19:44:10.690 File 'InsightProcessIdRepository.java' not found in project sources
[WARNING] 19:44:10.690 File 'ReferenceDataLookupDefinitionRepository.java' not found in project sources
[WARNING] 19:44:10.690 File 'TaskSearchRepository.java' not found in project sources
[WARNING] 19:44:10.690 File 'FormFieldOptionRepository.java' not found in project sources
[WARNING] 19:44:10.690 File 'FormOptionSetRepository.java' not found in project sources
[WARNING] 19:44:10.690 File 'TaskRepository.java' not found in project sources
[WARNING] 19:44:10.690 File 'HistoricVariableInstanceRepository.java' not found in project sources
[WARNING] 19:44:10.690 File 'EventSyncRepository.java' not found in project sources
[WARNING] 19:44:10.690 File 'ProcessSearchRepository.java' not found in project sources
[WARNING] 19:44:10.690 File 'ArchivePublicationLockRepository.java' not found in project sources
[WARNING] 19:44:10.690 File 'DeploymentRepository.java' not found in project sources
[WARNING] 19:44:10.690 File 'UserPreferencesRepository.java' not found in project sources
[WARNING] 19:44:10.690 File 'HistoricProcessInstanceRepository.java' not found in project sources
[WARNING] 19:44:10.690 File 'CommentRepository.java' not found in project sources
[WARNING] 19:44:10.690 File 'InsightSequenceRepository.java' not found in project sources
[WARNING] 19:44:10.690 File 'RelatedContentRepository.java' not found in project sources
[WARNING] 19:44:10.690 File 'HistoricTaskRepository.java' not found in project sources
[WARNING] 19:44:10.690 File 'ReferenceDataLookupRepository.java' not found in project sources
[WARNING] 19:44:10.690 File 'ReferenceDataLookupRepositoryImpl.java' not found in project sources
[WARNING] 19:44:10.690 File 'WorkflowIdentifierLockRepository.java' not found in project sources
[WARNING] 19:44:10.690 File 'GroupPrivilegeRepository.java' not found in project sources
[WARNING] 19:44:10.690 File 'ProcessDefinitionRepository.java' not found in project sources
[WARNING] 19:44:10.690 File 'UserRepository.java' not found in project sources
[WARNING] 19:44:10.690 File 'ProcessDefinitionModelRelationRepository.java' not found in project sources
[WARNING] 19:44:10.690 File 'TaskInfoQueryWrapper.java' not found in project sources
[WARNING] 19:44:10.690 File 'TaskQueryRequest.java' not found in project sources
[WARNING] 19:44:10.690 File 'TaskFilterRequest.java' not found in project sources
[WARNING] 19:44:10.690 File 'UserQueryRequest.java' not found in project sources
[WARNING] 19:44:10.690 File 'TaskFilter.java' not found in project sources
[WARNING] 19:44:10.690 File 'FilterRequest.java' not found in project sources
[WARNING] 19:44:10.690 File 'ProcessInstanceFilter.java' not found in project sources
[WARNING] 19:44:10.690 File 'ProcessInstanceQueryRequest.java' not found in project sources
[WARNING] 19:44:10.690 File 'Filter.java' not found in project sources
[WARNING] 19:44:10.690 File 'PagedRequest.java' not found in project sources
[WARNING] 19:44:10.690 File 'ProcessDefinitionModelQueryRequest.java' not found in project sources
[WARNING] 19:44:10.690 File 'GroupQueryRequest.java' not found in project sources
[WARNING] 19:44:10.690 File 'ProcessInstanceFilterRequest.java' not found in project sources
[WARNING] 19:44:10.690 File 'CreateProcessDefinitionModelRequest.java' not found in project sources
[WARNING] 19:44:10.690 File 'ProcessDefinitionActionRequest.java' not found in project sources
[WARNING] 19:44:10.690 File 'CreateUserRequest.java' not found in project sources
[WARNING] 19:44:10.690 File 'MembershipRequest.java' not found in project sources
[WARNING] 19:44:10.690 File 'UpdateAppDefinitionDraftRequest.java' not found in project sources
[WARNING] 19:44:10.690 File 'TaskRequest.java' not found in project sources
[WARNING] 19:44:10.690 File 'UserInfoRequest.java' not found in project sources
[WARNING] 19:44:10.690 File 'ProcessInstanceStartRequest.java' not found in project sources
[WARNING] 19:44:10.690 File 'TaskActionRequest.java' not found in project sources
[WARNING] 19:44:10.690 File 'AddGroupPrivilegesRequest.java' not found in project sources
[WARNING] 19:44:10.690 File 'IdentityLinkRequest.java' not found in project sources
[WARNING] 19:44:10.690 File 'UserActionRequest.java' not found in project sources
[WARNING] 19:44:10.690 File 'ProcessInstanceSearchRequest.java' not found in project sources
[WARNING] 19:44:10.690 File 'AttachmentRequest.java' not found in project sources
[WARNING] 19:44:10.690 File 'SavedSearchRequest.java' not found in project sources
[WARNING] 19:44:10.690 File 'ProcessVariableRequest.java' not found in project sources
[WARNING] 19:44:10.690 File 'UserPictureRequest.java' not found in project sources
[WARNING] 19:44:10.690 File 'GroupRequest.java' not found in project sources
[WARNING] 19:44:10.690 File 'UserRequest.java' not found in project sources
[WARNING] 19:44:10.690 File 'UpdateProcessDefinitionModelRequest.java' not found in project sources
[WARNING] 19:44:10.690 File 'UserSearchRequest.java' not found in project sources
[WARNING] 19:44:10.690 File 'UserIdentityRequest.java' not found in project sources
[WARNING] 19:44:10.690 File 'TaskSearchRequest.java' not found in project sources
[WARNING] 19:44:10.690 File 'CommentRequest.java' not found in project sources
[WARNING] 19:44:10.690 File 'UpdateGroupRequest.java' not found in project sources
[WARNING] 19:44:10.690 File 'ProcessInstanceStateRequest.java' not found in project sources
[WARNING] 19:44:10.690 File 'CreateAppDefinitionDraftRequest.java' not found in project sources
[WARNING] 19:44:10.690 File 'FormSubmitRequest.java' not found in project sources
[WARNING] 19:44:10.690 File 'GroupSearchRequest.java' not found in project sources
[WARNING] 19:44:10.690 File 'AcmUserGroupRep.java' not found in project sources
[WARNING] 19:44:10.690 File 'UserGroupRep.java' not found in project sources
[WARNING] 19:44:10.690 File 'AcmConfigurationRep.java' not found in project sources
[WARNING] 19:44:10.690 File 'AcmResource.java' not found in project sources
[WARNING] 19:44:10.690 File 'LoginParameter.java' not found in project sources
[WARNING] 19:44:10.690 File 'PermissionRep.java' not found in project sources
[WARNING] 19:44:10.690 File 'SimpleContentTypeMapper.java' not found in project sources
[WARNING] 19:44:10.690 File 'AppDefinitionResponse.java' not found in project sources
[WARNING] 19:44:10.690 File 'FormDataResponse.java' not found in project sources
[WARNING] 19:44:10.690 File 'ProcessDefinitionModelResponse.java' not found in project sources
[WARNING] 19:44:10.690 File 'FormFieldResponse.java' not found in project sources
[WARNING] 19:44:10.690 File 'PagedResponse.java' not found in project sources
[WARNING] 19:44:10.690 File 'UserInfoResponse.java' not found in project sources
[WARNING] 19:44:10.690 File 'AggregatedResponse.java' not found in project sources
[WARNING] 19:44:10.690 File 'ProcessDefinitionModelHistoryResponse.java' not found in project sources
[WARNING] 19:44:10.690 File 'AppDeploymentResponse.java' not found in project sources
[WARNING] 19:44:10.690 File 'UserGroupSummary.java' not found in project sources
[WARNING] 19:44:10.690 File 'ProcessDefinitionResponse.java' not found in project sources
[WARNING] 19:44:10.690 File 'ProcessDefinitionModelRelationResponse.java' not found in project sources
[WARNING] 19:44:10.690 File 'CountResponse.java' not found in project sources
[WARNING] 19:44:10.690 File 'UserDetailResponse.java' not found in project sources
[WARNING] 19:44:10.690 File 'UserResponse.java' not found in project sources
[WARNING] 19:44:10.690 File 'ProcessDefinitionModelSummaryResponse.java' not found in project sources
[WARNING] 19:44:10.690 File 'SavedSearchResponse.java' not found in project sources
[WARNING] 19:44:10.690 File 'GroupResponse.java' not found in project sources
[WARNING] 19:44:10.690 File 'AppDefinitionDraftResponse.java' not found in project sources
[WARNING] 19:44:10.690 File 'ProcessInstanceResponse.java' not found in project sources
[WARNING] 19:44:10.690 File 'AttachmentResponse.java' not found in project sources
[WARNING] 19:44:10.690 File 'IdentityLinkResponse.java' not found in project sources
[WARNING] 19:44:10.690 File 'MembershipResponse.java' not found in project sources
[WARNING] 19:44:10.690 File 'AppDefinitionDraftSummaryResponse.java' not found in project sources
[WARNING] 19:44:10.690 File 'ProcessVariableResponse.java' not found in project sources
[WARNING] 19:44:10.690 File 'TaskResponse.java' not found in project sources
[WARNING] 19:44:10.690 File 'UserDetailsResponse.java' not found in project sources
[WARNING] 19:44:10.690 File 'DeploymentResourceResponse.java' not found in project sources
[WARNING] 19:44:10.690 File 'CommentResponse.java' not found in project sources
[WARNING] 19:44:10.690 File 'AppPublishResponse.java' not found in project sources
[WARNING] 19:44:10.690 File 'TokenResponse.java' not found in project sources
[WARNING] 19:44:10.690 File 'EncryptedJSON.java' not found in project sources
[WARNING] 19:44:10.690 File 'CookiePropertiesModel.java' not found in project sources
[WARNING] 19:44:10.690 File 'TokenRequest.java' not found in project sources
[WARNING] 19:44:10.690 File 'Privileges.java' not found in project sources
[WARNING] 19:44:10.690 File 'RestVariable.java' not found in project sources
[WARNING] 19:44:10.690 File 'CommentNotify.java' not found in project sources
[WARNING] 19:44:10.690 File 'PageInfo.java' not found in project sources
[WARNING] 19:44:10.690 File 'AppDefinitionContent.java' not found in project sources
[WARNING] 19:44:10.690 File 'SavedSearch.java' not found in project sources
[WARNING] 19:44:10.690 File 'SavedSearchBase.java' not found in project sources
[WARNING] 19:44:10.690 File 'UserPreferences.java' not found in project sources
[WARNING] 19:44:10.690 File 'TableColumnDefinition.java' not found in project sources
[WARNING] 19:44:10.690 File 'FormOptionSetDto.java' not found in project sources
[WARNING] 19:44:10.690 File 'UserPreferencesDto.java' not found in project sources
[WARNING] 19:44:10.690 File 'UserGroupDto.java' not found in project sources
[WARNING] 19:44:10.690 File 'GroupPrivilegeDto.java' not found in project sources
[WARNING] 19:44:10.690 File 'UserDto.java' not found in project sources
[WARNING] 19:44:10.690 File 'GroupDto.java' not found in project sources
[WARNING] 19:44:10.691 File 'FormFieldOptionDto.java' not found in project sources
[WARNING] 19:44:10.691 File 'RelatedContentDto.java' not found in project sources
[WARNING] 19:44:10.691 File 'UserController.java' not found in project sources
[WARNING] 19:44:10.691 File 'GroupController.java' not found in project sources
[WARNING] 19:44:10.691 File 'PrivilegeController.java' not found in project sources
[WARNING] 19:44:10.691 File 'AppController.java' not found in project sources
[WARNING] 19:44:10.691 File 'ProcessDefinitionController.java' not found in project sources
[WARNING] 19:44:10.691 File 'ExternalLoginController.java' not found in project sources
[WARNING] 19:44:10.691 File 'ModelController.java' not found in project sources
[WARNING] 19:44:10.691 File 'AppDefinitionController.java' not found in project sources
[WARNING] 19:44:10.691 File 'FormController.java' not found in project sources
[WARNING] 19:44:10.691 File 'FormOptionSetController.java' not found in project sources
[WARNING] 19:44:10.691 File 'FormFieldOptionController.java' not found in project sources
[WARNING] 19:44:10.691 File 'ReferenceDataController.java' not found in project sources
[WARNING] 19:44:10.691 File 'RestExceptionHandlerAdvice.java' not found in project sources
[WARNING] 19:44:10.691 File 'ProcessInstanceController.java' not found in project sources
[WARNING] 19:44:10.691 File 'CommentController.java' not found in project sources
[WARNING] 19:44:10.691 File 'UserPreferencesController.java' not found in project sources
[WARNING] 19:44:10.691 File 'ProcessDefinitionsController.java' not found in project sources
[WARNING] 19:44:10.691 File 'ProcessInstanceVariableController.java' not found in project sources
[WARNING] 19:44:10.691 File 'TaskQueryController.java' not found in project sources
[WARNING] 19:44:10.691 File 'TaskActionController.java' not found in project sources
[WARNING] 19:44:10.691 File 'RelatedContentController.java' not found in project sources
[WARNING] 19:44:10.691 File 'ProcessInstanceQueryController.java' not found in project sources
[WARNING] 19:44:10.691 File 'TaskController.java' not found in project sources
[WARNING] 19:44:10.714 File 'ProcessDefinitionModelMapperImpl.java' not found in project sources
[WARNING] 19:44:10.714 File 'UserPreferencesMapperImpl.java' not found in project sources
[WARNING] 19:44:10.714 File 'GroupPrivilegeMapperImpl.java' not found in project sources
[WARNING] 19:44:10.714 File 'GroupMapperImpl.java' not found in project sources
[WARNING] 19:44:10.714 File 'ProcessDefinitionModelHistoryMapperImpl.java' not found in project sources
[WARNING] 19:44:10.714 File 'FormFieldOptionMapperImpl.java' not found in project sources
[WARNING] 19:44:10.714 File 'TaskMapperImpl.java' not found in project sources
[WARNING] 19:44:10.714 File 'UserMapperImpl.java' not found in project sources
[WARNING] 19:44:10.714 File 'FormOptionSetMapperImpl.java' not found in project sources
[WARNING] 19:44:10.714 File 'ProcessDefinitionModelRelationMapperImpl.java' not found in project sources
[WARNING] 19:44:10.714 File 'ReferenceDataLookupDefinitionMapperImpl.java' not found in project sources
[WARNING] 19:44:10.714 File 'CommentMapperImpl.java' not found in project sources
[WARNING] 19:44:10.714 File 'RelatedContentMapperImpl.java' not found in project sources
[WARNING] 19:44:10.715 File 'ICommentRequest.java' not found in project sources
[WARNING] 19:44:10.715 File 'IIdentityLinkRequest.java' not found in project sources
[WARNING] 19:44:10.715 File 'ISavedSearchRequest.java' not found in project sources
[WARNING] 19:44:10.715 File 'IUserIdentityRequest.java' not found in project sources
[WARNING] 19:44:10.715 File 'IAddGroupPrivilegesRequest.java' not found in project sources
[WARNING] 19:44:10.715 File 'IUpdateProcessDefinitionModelRequest.java' not found in project sources
[WARNING] 19:44:10.715 File 'IUserActionRequest.java' not found in project sources
[WARNING] 19:44:10.715 File 'IAttachmentRequest.java' not found in project sources
[WARNING] 19:44:10.715 File 'IFormSubmitRequest.java' not found in project sources
[WARNING] 19:44:10.715 File 'IMembershipRequest.java' not found in project sources
[WARNING] 19:44:10.715 File 'ICreateUserRequest.java' not found in project sources
[WARNING] 19:44:10.715 File 'IProcessVariableRequest.java' not found in project sources
[WARNING] 19:44:10.715 File 'ICreateProcessDefinitionModelRequest.java' not found in project sources
[WARNING] 19:44:10.715 File 'IUserSearchRequest.java' not found in project sources
[WARNING] 19:44:10.715 File 'IProcessInstanceStateRequest.java' not found in project sources
[WARNING] 19:44:10.715 File 'IProcessInstanceStartRequest.java' not found in project sources
[WARNING] 19:44:10.715 File 'IProcessDefinitionActionRequest.java' not found in project sources
[WARNING] 19:44:10.715 File 'IUpdateAppDefinitionDraftRequest.java' not found in project sources
[WARNING] 19:44:10.715 File 'IUpdateGroupRequest.java' not found in project sources
[WARNING] 19:44:10.715 File 'IUserInfoRequest.java' not found in project sources
[WARNING] 19:44:10.715 File 'ITaskActionRequest.java' not found in project sources
[WARNING] 19:44:10.715 File 'IGroupRequest.java' not found in project sources
[WARNING] 19:44:10.715 File 'IUserRequest.java' not found in project sources
[WARNING] 19:44:10.715 File 'ITaskRequest.java' not found in project sources
[WARNING] 19:44:10.715 File 'IGroupSearchRequest.java' not found in project sources
[WARNING] 19:44:10.715 File 'IProcessInstanceSearchRequest.java' not found in project sources
[WARNING] 19:44:10.715 File 'IUserPictureRequest.java' not found in project sources
[WARNING] 19:44:10.715 File 'ITaskSearchRequest.java' not found in project sources
[WARNING] 19:44:10.715 File 'ICreateAppDefinitionDraftRequest.java' not found in project sources
[WARNING] 19:44:10.715 File 'InsightUserDetails.java' not found in project sources
[WARNING] 19:44:10.715 File 'FullTextSearchableString.java' not found in project sources
[WARNING] 19:44:10.715 File 'FullTextSearchGenerator.java' not found in project sources
[WARNING] 19:44:10.715 File 'SearchType.java' not found in project sources
[WARNING] 19:44:10.715 File 'AccountType.java' not found in project sources
[WARNING] 19:44:10.715 File 'QueueType.java' not found in project sources
[WARNING] 19:44:10.715 File 'GroupType.java' not found in project sources
[WARNING] 19:44:10.715 File 'DisplayValueEnum.java' not found in project sources
[WARNING] 19:44:10.715 File 'UserAccountType.java' not found in project sources
[WARNING] 19:44:10.715 File 'LightUserDto.java' not found in project sources
[WARNING] 19:44:10.715 File 'AbstractUserDto.java' not found in project sources
[WARNING] 19:44:10.715 File 'FullTextSearchGeneratorPostgresImpl.java' not found in project sources
[WARNING] 19:44:10.715 File 'IProcessInstanceQuery.java' not found in project sources
[WARNING] 19:44:10.715 File 'IGroupQueryRequest.java' not found in project sources
[WARNING] 19:44:10.715 File 'ITaskFilterRequest.java' not found in project sources
[WARNING] 19:44:10.715 File 'IProcessInstanceFilterRequest.java' not found in project sources
[WARNING] 19:44:10.715 File 'ITaskQueryRequest.java' not found in project sources
[WARNING] 19:44:10.715 File 'IUserQueryRequest.java' not found in project sources
[WARNING] 19:44:10.715 File 'IProcessDefinitionModelQueryRequest.java' not found in project sources
[WARNING] 19:44:10.715 File 'IPagedRequest.java' not found in project sources
[WARNING] 19:44:10.715 File 'ProcessState.java' not found in project sources
[WARNING] 19:44:10.715 File 'TaskPriority.java' not found in project sources
[WARNING] 19:44:10.715 File 'ProcessSort.java' not found in project sources
[WARNING] 19:44:10.715 File 'ModelType.java' not found in project sources
[WARNING] 19:44:10.715 File 'RestVariableScope.java' not found in project sources
[WARNING] 19:44:10.715 File 'ModelRelationType.java' not found in project sources
[WARNING] 19:44:10.715 File 'UserSort.java' not found in project sources
[WARNING] 19:44:10.715 File 'GroupSort.java' not found in project sources
[WARNING] 19:44:10.715 File 'TaskSort.java' not found in project sources
[WARNING] 19:44:10.715 File 'ProcessModelSort.java' not found in project sources
[WARNING] 19:44:10.715 File 'FtsWeight.java' not found in project sources
[WARNING] 19:44:10.715 File 'NotFoundException.java' not found in project sources
[WARNING] 19:44:10.715 File 'AuthenticationException.java' not found in project sources
[WARNING] 19:44:10.715 File 'AuthorizationException.java' not found in project sources
[WARNING] 19:44:10.715 File 'EncryptionException.java' not found in project sources
[WARNING] 19:44:10.715 File 'IllegalArgumentException.java' not found in project sources
[WARNING] 19:44:10.715 File 'ConflictRequestException.java' not found in project sources
[WARNING] 19:44:10.715 File 'BaseRestException.java' not found in project sources
[WARNING] 19:44:10.715 File 'BadRequestException.java' not found in project sources
[WARNING] 19:44:10.715 File 'IntegrationException.java' not found in project sources
[WARNING] 19:44:10.715 File 'ContentStorageException.java' not found in project sources
[WARNING] 19:44:10.715 File 'InternalServerErrorException.java' not found in project sources
[WARNING] 19:44:10.715 File 'ErrorInfo.java' not found in project sources
[WARNING] 19:44:10.715 File 'ModelHistoryService.java' not found in project sources
[WARNING] 19:44:10.715 File 'ModelService.java' not found in project sources
[WARNING] 19:44:10.715 File 'AppArchiveService.java' not found in project sources
[WARNING] 19:44:10.715 File 'ModelRelationService.java' not found in project sources
[WARNING] 19:44:10.715 File 'AppDefinitionService.java' not found in project sources
[WARNING] 19:44:10.715 File 'ChecksumUtil.java' not found in project sources
[WARNING] 19:44:10.715 File 'ThreadLocalContext.java' not found in project sources
[WARNING] 19:44:10.715 File 'AcmUtils.java' not found in project sources
[WARNING] 19:44:10.715 File 'Const.java' not found in project sources
[WARNING] 19:44:10.715 File 'Utils.java' not found in project sources
[WARNING] 19:44:10.715 File 'ServerTalk.java' not found in project sources
[WARNING] 19:44:10.715 File 'ReferenceDataLookupDto.java' not found in project sources
[WARNING] 19:44:10.715 File 'IPermissionRep.java' not found in project sources
[WARNING] 19:44:10.715 File 'IGroupPrivilegeDto.java' not found in project sources
[WARNING] 19:44:10.715 File 'IUserPreferencesDto.java' not found in project sources
[WARNING] 19:44:10.715 File 'IGroupDto.java' not found in project sources
[WARNING] 19:44:10.715 File 'ReferenceDataLookupValueDto.java' not found in project sources
[WARNING] 19:44:10.715 File 'IUserGroupDto.java' not found in project sources
[WARNING] 19:44:10.715 File 'IUserDto.java' not found in project sources
[WARNING] 19:44:10.716 File 'IFormOptionSetDto.java' not found in project sources
[WARNING] 19:44:10.716 File 'IFormFieldOptionDto.java' not found in project sources
[WARNING] 19:44:10.716 File 'SearchRequest.java' not found in project sources
[WARNING] 19:44:10.716 File 'IAcmUserGroupRep.java' not found in project sources
[WARNING] 19:44:10.716 File 'IAcmConfigurationRep.java' not found in project sources
[WARNING] 19:44:10.716 File 'ReferenceDataLookupKeyDto.java' not found in project sources
[WARNING] 19:44:10.716 File 'IRelatedContentDto.java' not found in project sources
[WARNING] 19:44:10.716 File 'ReferenceDataLookupDefinitionDto.java' not found in project sources
[WARNING] 19:44:10.716 File 'RmqEventPublisher.java' not found in project sources
[WARNING] 19:44:10.716 File 'RmqHealthCheckService.java' not found in project sources
[WARNING] 19:44:10.716 File 'RmqEventListener.java' not found in project sources
[WARNING] 19:44:10.716 File 'RmqService.java' not found in project sources
[WARNING] 19:44:10.716 File 'IReferenceDataLookupValueDto.java' not found in project sources
[WARNING] 19:44:10.716 File 'IReferenceDataLookupKeyDto.java' not found in project sources
[WARNING] 19:44:10.716 File 'FormService.java' not found in project sources
[WARNING] 19:44:10.716 File 'UserSyncCacheService.java' not found in project sources
[WARNING] 19:44:10.716 File 'CommentService.java' not found in project sources
[WARNING] 19:44:10.716 File 'FormOptionSetService.java' not found in project sources
[WARNING] 19:44:10.716 File 'TaskService.java' not found in project sources
[WARNING] 19:44:10.716 File 'LoadAcmConfigurationService.java' not found in project sources
[WARNING] 19:44:10.716 File 'FormFieldOptionService.java' not found in project sources
[WARNING] 19:44:10.716 File 'TaskQueryService.java' not found in project sources
[WARNING] 19:44:10.716 File 'ProcessInstanceQueryService.java' not found in project sources
[WARNING] 19:44:10.716 File 'RoleResourceService.java' not found in project sources
[WARNING] 19:44:10.716 File 'AuthService.java' not found in project sources
[WARNING] 19:44:10.716 File 'IReferenceDataService.java' not found in project sources
[WARNING] 19:44:10.716 File 'UserService.java' not found in project sources
[WARNING] 19:44:10.716 File 'AcmInitializerService.java' not found in project sources
[WARNING] 19:44:10.716 File 'AppService.java' not found in project sources
[WARNING] 19:44:10.716 File 'PrivilegeService.java' not found in project sources
[WARNING] 19:44:10.716 File 'UserPreferencesService.java' not found in project sources
[WARNING] 19:44:10.716 File 'ProcessInstanceVariableService.java' not found in project sources
[WARNING] 19:44:10.716 File 'ContentStorageService.java' not found in project sources
[WARNING] 19:44:10.716 File 'UserCache.java' not found in project sources
[WARNING] 19:44:10.716 File 'ProcessInstanceService.java' not found in project sources
[WARNING] 19:44:10.716 File 'TaskActionService.java' not found in project sources
[WARNING] 19:44:10.716 File 'RelatedContentService.java' not found in project sources
[WARNING] 19:44:10.716 File 'AESService.java' not found in project sources
[WARNING] 19:44:10.716 File 'UserSynchronizationService.java' not found in project sources
[WARNING] 19:44:10.716 File 'ProcessDefinitionService.java' not found in project sources
[WARNING] 19:44:10.716 File 'GroupService.java' not found in project sources
[WARNING] 19:44:10.716 File 'IFormDataResponse.java' not found in project sources
[WARNING] 19:44:10.716 File 'IProcessDefinitionModelResponse.java' not found in project sources
[WARNING] 19:44:10.716 File 'IAppPublishResponse.java' not found in project sources
[WARNING] 19:44:10.716 File 'IAttachmentResponse.java' not found in project sources
[WARNING] 19:44:10.716 File 'IUserGroupSummary.java' not found in project sources
[WARNING] 19:44:10.716 File 'IAppDefinitionDraftSummaryResponse.java' not found in project sources
[WARNING] 19:44:10.716 File 'IProcessInstanceResponse.java' not found in project sources
[WARNING] 19:44:10.716 File 'IProcessVariableResponse.java' not found in project sources
[WARNING] 19:44:10.716 File 'ISavedSearchResponse.java' not found in project sources
[WARNING] 19:44:10.716 File 'IUserDetailsResponse.java' not found in project sources
[WARNING] 19:44:10.716 File 'ITaskResponse.java' not found in project sources
[WARNING] 19:44:10.716 File 'IIdentityLinkResponse.java' not found in project sources
[WARNING] 19:44:10.716 File 'IMembershipResponse.java' not found in project sources
[WARNING] 19:44:10.716 File 'IProcessDefinitionModelRelationResponse.java' not found in project sources
[WARNING] 19:44:10.716 File 'ICountResponse.java' not found in project sources
[WARNING] 19:44:10.716 File 'IFormFieldResponse.java' not found in project sources
[WARNING] 19:44:10.716 File 'IDeploymentResourceResponse.java' not found in project sources
[WARNING] 19:44:10.716 File 'IAppDefinitionDraftResponse.java' not found in project sources
[WARNING] 19:44:10.716 File 'IGroupResponse.java' not found in project sources
[WARNING] 19:44:10.716 File 'IUserResponse.java' not found in project sources
[WARNING] 19:44:10.716 File 'IAggregatedResponse.java' not found in project sources
[WARNING] 19:44:10.716 File 'ICommentResponse.java' not found in project sources
[WARNING] 19:44:10.716 File 'IUserInfoResponse.java' not found in project sources
[WARNING] 19:44:10.716 File 'IUserDetailResponse.java' not found in project sources
[WARNING] 19:44:10.716 File 'IProcessDefinitionModelHistoryResponse.java' not found in project sources
[WARNING] 19:44:10.716 File 'IPagedResponse.java' not found in project sources
[WARNING] 19:44:10.716 File 'IProcessDefinitionModelSummaryResponse.java' not found in project sources
[WARNING] 19:44:10.716 File 'IProcessDefinitionResponse.java' not found in project sources
[WARNING] 19:44:10.716 File 'IAppDeploymentResponse.java' not found in project sources
[WARNING] 19:44:10.716 File 'IAppDefinitionResponse.java' not found in project sources
[WARNING] 19:44:10.716 File 'ICookieProperties.java' not found in project sources
[WARNING] 19:44:10.716 File 'IGroupEntity.java' not found in project sources
[WARNING] 19:44:10.716 File 'IEventSyncEntity.java' not found in project sources
[WARNING] 19:44:10.716 File 'IRuntimeIdentityLinkEntity.java' not found in project sources
[WARNING] 19:44:10.716 File 'IRuntimeExecutionEntity.java' not found in project sources
[WARNING] 19:44:10.716 File 'IUserEntity.java' not found in project sources
[WARNING] 19:44:10.716 File 'IProcessDefinitionModelHistoryEntity.java' not found in project sources
[WARNING] 19:44:10.716 File 'IHistoricIdentityLinkEntity.java' not found in project sources
[WARNING] 19:44:10.716 File 'IAbstractAuditEntity.java' not found in project sources
[WARNING] 19:44:10.716 File 'ITaskEntity.java' not found in project sources
[WARNING] 19:44:10.716 File 'IGroupPrivilegeEntity.java' not found in project sources
[WARNING] 19:44:10.716 File 'IHistoricTaskEntity.java' not found in project sources
[WARNING] 19:44:10.716 File 'IProcessDefinitionEntity.java' not found in project sources
[WARNING] 19:44:10.716 File 'IProcessSearchEntity.java' not found in project sources
[WARNING] 19:44:10.716 File 'IUserPreferencesEntity.java' not found in project sources
[WARNING] 19:44:10.716 File 'IMutableId.java' not found in project sources
[WARNING] 19:44:10.716 File 'IAppDeploymentEntity.java' not found in project sources
[WARNING] 19:44:10.716 File 'ICommentEntity.java' not found in project sources
[WARNING] 19:44:10.716 File 'IProcessDefinitionModelEntity.java' not found in project sources
[WARNING] 19:44:10.716 File 'IDeploymentEntity.java' not found in project sources
[WARNING] 19:44:10.716 File 'IProcessDefinitionModelRelationEntity.java' not found in project sources
[WARNING] 19:44:10.716 File 'IHistoricVariableInstanceEntity.java' not found in project sources
[WARNING] 19:44:10.716 File 'ITaskSearchEntity.java' not found in project sources
[WARNING] 19:44:10.716 File 'IRelatedContentEntity.java' not found in project sources
[WARNING] 19:44:10.716 File 'IAbstractTaskInfoEntity.java' not found in project sources
[WARNING] 19:44:10.716 File 'IHistoricProcessInstanceEntity.java' not found in project sources
[WARNING] 19:44:10.716 File 'ICommentNotify.java' not found in project sources
[WARNING] 19:44:10.716 File 'IRestVariable.java' not found in project sources
[WARNING] 19:44:10.716 File 'RelatedContentStatus.java' not found in project sources
[WARNING] 19:44:10.716 File 'GroupStatus.java' not found in project sources
[WARNING] 19:44:10.716 File 'UserAccountStatus.java' not found in project sources
[WARNING] 19:44:10.716 File 'TaskState.java' not found in project sources
[WARNING] 19:44:10.716 File 'InsightEventHandler.java' not found in project sources
[WARNING] 19:44:10.716 File 'IEventDto.java' not found in project sources
[WARNING] 19:44:10.716 File 'ISavedSearch.java' not found in project sources
[WARNING] 19:44:10.716 File 'IUserPreferences.java' not found in project sources
[WARNING] 19:44:10.716 File 'ITableColumnDefinition.java' not found in project sources
[INFO] 19:44:10.716 Sensor JaCoCo XML Report Importer [jacoco] (done) | time=46ms
[INFO] 19:44:10.716 Sensor IaC hadolint report Sensor [iac]
[INFO] 19:44:10.716 Sensor IaC hadolint report Sensor [iac] (done) | time=0ms
[INFO] 19:44:10.716 Sensor Java Config Sensor [iac]
[INFO] 19:44:10.792 There are no files to be analyzed for the Java language
[INFO] 19:44:10.792 Sensor Java Config Sensor [iac] (done) | time=75ms
[INFO] 19:44:10.792 Sensor IaC Docker Sensor [iac]
[INFO] 19:44:10.792 Sensor IaC Docker Sensor is restricted to changed files only
[INFO] 19:44:10.792 There are no files to be analyzed for the Docker language
[INFO] 19:44:10.792 Sensor IaC Docker Sensor [iac] (done) | time=0ms
[INFO] 19:44:10.792 Sensor IaC GitHub Actions Sensor [iac]
[INFO] 19:44:10.792 There are no files to be analyzed for the GitHub Actions language
[INFO] 19:44:10.792 Sensor IaC GitHub Actions Sensor [iac] (done) | time=0ms
[INFO] 19:44:10.793 Sensor IaC actionlint report Sensor [iac]
[INFO] 19:44:10.793 Sensor IaC actionlint report Sensor [iac] (done) | time=0ms
[INFO] 19:44:10.793 Sensor IaC Shell Sensor [iac]
[INFO] 19:44:10.793 There are no files to be analyzed for the Shell language
[INFO] 19:44:10.793 Sensor IaC Shell Sensor [iac] (done) | time=0ms
[INFO] 19:44:10.793 Sensor ThymeLeaf template sensor [securityjavafrontend]
[INFO] 19:44:10.793 Sensor ThymeLeaf template sensor [securityjavafrontend] (done) | time=0ms
[INFO] 19:44:10.793 Sensor JavaAndroidConfigurationSensor [securityjavafrontend]
[INFO] 19:44:10.793 Sensor JavaAndroidConfigurationSensor [securityjavafrontend] (done) | time=0ms
[INFO] 19:44:10.793 Sensor JavaModuleSecuritySensor [securityjavafrontend]
[INFO] 19:44:10.793 Sensor JavaModuleSecuritySensor [securityjavafrontend] (done) | time=0ms
[INFO] 19:44:10.793 Sensor SurefireSensor [java]
[INFO] 19:44:10.793 parsing [/home/jenkins/agent/workspace/rd_insight-server_PR-57/insight-service/target/surefire-reports]
[INFO] 19:44:10.841 Sensor SurefireSensor [java] (done) | time=47ms
[INFO] 19:44:10.841 Sensor XML Sensor [xml]
[INFO] 19:44:10.841 Sensor XML Sensor is restricted to changed files only
[INFO] 19:44:10.841 Sensor XML Sensor [xml] (done) | time=0ms
[INFO] 19:44:10.842 ------------- Run sensors on module Insight - Spring Configuration
[INFO] 19:44:10.932 Sensor JavaSensor [java]
[INFO] 19:44:10.933 Configured Java source version (sonar.java.source): 21, preview features enabled (sonar.java.enablePreview): false
[INFO] 19:44:10.938 The Java analyzer is running in a context where unchanged files can be skipped. Full analysis is performed for changed files, optimized analysis for unchanged files.
[INFO] 19:44:10.960 Server-side caching is enabled. The Java analyzer was able to leverage cached data from previous analyses for 37 out of 37 files. These files will not be parsed.
[INFO] 19:44:10.961 No "Main" source files to scan.
[INFO] 19:44:10.976 No "Test" source files to scan.
[INFO] 19:44:10.976 No "Generated" source files to scan.
[INFO] 19:44:10.976 Sensor JavaSensor [java] (done) | time=43ms
[INFO] 19:44:10.976 Sensor JaCoCo XML Report Importer [jacoco]
[INFO] 19:44:10.977 Importing 1 report(s). Turn your logs in debug mode in order to see the exhaustive list.
[WARNING] 19:44:10.996 File 'WorkflowIdentifierLockEntity_.java' not found in project sources
[WARNING] 19:44:10.996 File 'ReferenceDataLookupEntity.java' not found in project sources
[WARNING] 19:44:10.996 File 'UserEntity_.java' not found in project sources
[WARNING] 19:44:10.996 File 'AbstractTaskInfoEntity_.java' not found in project sources
[WARNING] 19:44:10.996 File 'InsightSequenceEntity_.java' not found in project sources
[WARNING] 19:44:10.996 File 'GroupEntity.java' not found in project sources
[WARNING] 19:44:10.996 File 'HistoricProcessInstanceEntity.java' not found in project sources
[WARNING] 19:44:10.996 File 'TaskEntity_.java' not found in project sources
[WARNING] 19:44:10.996 File 'ArchivePublicationLockEntity_.java' not found in project sources
[WARNING] 19:44:10.996 File 'UserPreferencesEntity.java' not found in project sources
[WARNING] 19:44:10.996 File 'InsightProcessIdEntity.java' not found in project sources
[WARNING] 19:44:10.996 File 'ReferenceDataLookupKeyEntity.java' not found in project sources
[WARNING] 19:44:10.996 File 'ProcessDefinitionModelHistoryEntity.java' not found in project sources
[WARNING] 19:44:10.996 File 'AbstractAuditEntity.java' not found in project sources
[WARNING] 19:44:10.996 File 'TaskSearchEntity_.java' not found in project sources
[WARNING] 19:44:10.996 File 'ProcessDefinitionEntity_.java' not found in project sources
[WARNING] 19:44:10.996 File 'GroupPrivilegeEntity.java' not found in project sources
[WARNING] 19:44:10.997 File 'RelatedContentEntity_.java' not found in project sources
[WARNING] 19:44:10.997 File 'DeploymentEntity.java' not found in project sources
[WARNING] 19:44:10.997 File 'CommentEntity.java' not found in project sources
[WARNING] 19:44:10.997 File 'ReferenceDataLookupEntity_.java' not found in project sources
[WARNING] 19:44:10.997 File 'TaskEntity.java' not found in project sources
[WARNING] 19:44:10.997 File 'ReferenceDataLookupValueEntity.java' not found in project sources
[WARNING] 19:44:10.997 File 'HistoricProcessInstanceEntity_.java' not found in project sources
[WARNING] 19:44:10.997 File 'RuntimeExecutionEntity_.java' not found in project sources
[WARNING] 19:44:10.997 File 'HistoricIdentityLinkEntity_.java' not found in project sources
[WARNING] 19:44:10.997 File 'ProcessDefinitionEntity.java' not found in project sources
[WARNING] 19:44:10.997 File 'EventSyncEntity.java' not found in project sources
[WARNING] 19:44:10.997 File 'AbstractAuditEntity_.java' not found in project sources
[WARNING] 19:44:10.997 File 'UserEntity.java' not found in project sources
[WARNING] 19:44:10.997 File 'ProcessDefinitionModelHistoryEntity_.java' not found in project sources
[WARNING] 19:44:10.997 File 'ReferenceDataLookupKeyEntity_.java' not found in project sources
[WARNING] 19:44:10.997 File 'HistoricTaskEntity.java' not found in project sources
[WARNING] 19:44:10.997 File 'UserGroupEntity.java' not found in project sources
[WARNING] 19:44:10.997 File 'InsightSequenceEntity.java' not found in project sources
[WARNING] 19:44:10.997 File 'RuntimeIdentityLinkEntity.java' not found in project sources
[WARNING] 19:44:10.997 File 'FormFieldOptionEntity.java' not found in project sources
[WARNING] 19:44:10.997 File 'ProcessSearchEntity_.java' not found in project sources
[WARNING] 19:44:10.997 File 'FormFieldOptionEntity_.java' not found in project sources
[WARNING] 19:44:10.997 File 'ProcessDefinitionModelEntity_.java' not found in project sources
[WARNING] 19:44:10.997 File 'AppDeploymentEntity_.java' not found in project sources
[WARNING] 19:44:10.997 File 'AppDeploymentEntity.java' not found in project sources
[WARNING] 19:44:10.997 File 'HistoricVariableInstanceEntity.java' not found in project sources
[WARNING] 19:44:10.997 File 'HistoricIdentityLinkEntity.java' not found in project sources
[WARNING] 19:44:10.997 File 'AbstractTaskInfoEntity.java' not found in project sources
[WARNING] 19:44:10.997 File 'ReferenceDataLookupValueEntity_.java' not found in project sources
[WARNING] 19:44:10.997 File 'UserGroupEntity_.java' not found in project sources
[WARNING] 19:44:10.997 File 'RuntimeIdentityLinkEntity_.java' not found in project sources
[WARNING] 19:44:10.997 File 'GroupEntity_.java' not found in project sources
[WARNING] 19:44:10.997 File 'GroupPrivilegeEntity_.java' not found in project sources
[WARNING] 19:44:10.997 File 'EventSyncEntity_.java' not found in project sources
[WARNING] 19:44:10.997 File 'ProcessDefinitionModelRelationEntity_.java' not found in project sources
[WARNING] 19:44:10.997 File 'ProcessSearchEntity.java' not found in project sources
[WARNING] 19:44:10.997 File 'FormOptionSetEntity_.java' not found in project sources
[WARNING] 19:44:10.997 File 'ProcessDefinitionModelRelationEntity.java' not found in project sources
[WARNING] 19:44:10.997 File 'RelatedContentEntity.java' not found in project sources
[WARNING] 19:44:10.997 File 'HistoricVariableInstanceEntity_.java' not found in project sources
[WARNING] 19:44:10.997 File 'ProcessDefinitionModelEntity.java' not found in project sources
[WARNING] 19:44:10.997 File 'WorkflowIdentifierLockEntity.java' not found in project sources
[WARNING] 19:44:10.997 File 'FormOptionSetEntity.java' not found in project sources
[WARNING] 19:44:10.997 File 'RuntimeExecutionEntity.java' not found in project sources
[WARNING] 19:44:10.997 File 'UserPreferencesEntity_.java' not found in project sources
[WARNING] 19:44:10.997 File 'ReferenceDataLookupDefinitionEntity.java' not found in project sources
[WARNING] 19:44:10.997 File 'DeploymentEntity_.java' not found in project sources
[WARNING] 19:44:10.997 File 'HistoricTaskEntity_.java' not found in project sources
[WARNING] 19:44:10.997 File 'TaskSearchEntity.java' not found in project sources
[WARNING] 19:44:10.997 File 'CommentEntity_.java' not found in project sources
[WARNING] 19:44:10.997 File 'ReferenceDataLookupDefinitionEntity_.java' not found in project sources
[WARNING] 19:44:10.997 File 'ArchivePublicationLockEntity.java' not found in project sources
[WARNING] 19:44:10.997 File 'InsightProcessIdEntity_.java' not found in project sources
[WARNING] 19:44:10.997 File 'ReferenceDataLookupRepositoryCustom.java' not found in project sources
[WARNING] 19:44:10.997 File 'ProcessDefinitionModelRepository.java' not found in project sources
[WARNING] 19:44:10.997 File 'RuntimeExecutionRepository.java' not found in project sources
[WARNING] 19:44:10.997 File 'AppDeploymentRepository.java' not found in project sources
[WARNING] 19:44:10.997 File 'ProcessDefinitionModelHistoryRepository.java' not found in project sources
[WARNING] 19:44:10.997 File 'UserGroupRepository.java' not found in project sources
[WARNING] 19:44:10.997 File 'GroupRepository.java' not found in project sources
[WARNING] 19:44:10.997 File 'InsightProcessIdRepository.java' not found in project sources
[WARNING] 19:44:10.997 File 'ReferenceDataLookupDefinitionRepository.java' not found in project sources
[WARNING] 19:44:10.997 File 'TaskSearchRepository.java' not found in project sources
[WARNING] 19:44:10.997 File 'FormFieldOptionRepository.java' not found in project sources
[WARNING] 19:44:10.997 File 'FormOptionSetRepository.java' not found in project sources
[WARNING] 19:44:10.997 File 'TaskRepository.java' not found in project sources
[WARNING] 19:44:10.997 File 'HistoricVariableInstanceRepository.java' not found in project sources
[WARNING] 19:44:10.997 File 'EventSyncRepository.java' not found in project sources
[WARNING] 19:44:10.997 File 'ProcessSearchRepository.java' not found in project sources
[WARNING] 19:44:10.997 File 'ArchivePublicationLockRepository.java' not found in project sources
[WARNING] 19:44:10.997 File 'DeploymentRepository.java' not found in project sources
[WARNING] 19:44:10.997 File 'UserPreferencesRepository.java' not found in project sources
[WARNING] 19:44:10.997 File 'HistoricProcessInstanceRepository.java' not found in project sources
[WARNING] 19:44:10.997 File 'CommentRepository.java' not found in project sources
[WARNING] 19:44:10.997 File 'InsightSequenceRepository.java' not found in project sources
[WARNING] 19:44:10.997 File 'RelatedContentRepository.java' not found in project sources
[WARNING] 19:44:10.997 File 'HistoricTaskRepository.java' not found in project sources
[WARNING] 19:44:10.997 File 'ReferenceDataLookupRepository.java' not found in project sources
[WARNING] 19:44:10.997 File 'ReferenceDataLookupRepositoryImpl.java' not found in project sources
[WARNING] 19:44:10.997 File 'WorkflowIdentifierLockRepository.java' not found in project sources
[WARNING] 19:44:10.997 File 'GroupPrivilegeRepository.java' not found in project sources
[WARNING] 19:44:10.997 File 'ProcessDefinitionRepository.java' not found in project sources
[WARNING] 19:44:10.997 File 'UserRepository.java' not found in project sources
[WARNING] 19:44:10.997 File 'ProcessDefinitionModelRelationRepository.java' not found in project sources
[WARNING] 19:44:10.997 File 'TaskInfoQueryWrapper.java' not found in project sources
[WARNING] 19:44:10.997 File 'TaskQueryRequest.java' not found in project sources
[WARNING] 19:44:10.997 File 'TaskFilterRequest.java' not found in project sources
[WARNING] 19:44:10.997 File 'UserQueryRequest.java' not found in project sources
[WARNING] 19:44:10.997 File 'TaskFilter.java' not found in project sources
[WARNING] 19:44:10.997 File 'FilterRequest.java' not found in project sources
[WARNING] 19:44:10.997 File 'ProcessInstanceFilter.java' not found in project sources
[WARNING] 19:44:10.997 File 'ProcessInstanceQueryRequest.java' not found in project sources
[WARNING] 19:44:10.997 File 'Filter.java' not found in project sources
[WARNING] 19:44:10.997 File 'PagedRequest.java' not found in project sources
[WARNING] 19:44:10.997 File 'ProcessDefinitionModelQueryRequest.java' not found in project sources
[WARNING] 19:44:10.997 File 'GroupQueryRequest.java' not found in project sources
[WARNING] 19:44:10.997 File 'ProcessInstanceFilterRequest.java' not found in project sources
[WARNING] 19:44:10.997 File 'CreateProcessDefinitionModelRequest.java' not found in project sources
[WARNING] 19:44:10.997 File 'ProcessDefinitionActionRequest.java' not found in project sources
[WARNING] 19:44:10.997 File 'CreateUserRequest.java' not found in project sources
[WARNING] 19:44:10.997 File 'MembershipRequest.java' not found in project sources
[WARNING] 19:44:10.997 File 'UpdateAppDefinitionDraftRequest.java' not found in project sources
[WARNING] 19:44:10.997 File 'TaskRequest.java' not found in project sources
[WARNING] 19:44:10.997 File 'UserInfoRequest.java' not found in project sources
[WARNING] 19:44:10.997 File 'ProcessInstanceStartRequest.java' not found in project sources
[WARNING] 19:44:10.997 File 'TaskActionRequest.java' not found in project sources
[WARNING] 19:44:10.997 File 'AddGroupPrivilegesRequest.java' not found in project sources
[WARNING] 19:44:10.997 File 'IdentityLinkRequest.java' not found in project sources
[WARNING] 19:44:10.997 File 'UserActionRequest.java' not found in project sources
[WARNING] 19:44:10.997 File 'ProcessInstanceSearchRequest.java' not found in project sources
[WARNING] 19:44:10.997 File 'AttachmentRequest.java' not found in project sources
[WARNING] 19:44:10.997 File 'SavedSearchRequest.java' not found in project sources
[WARNING] 19:44:10.997 File 'ProcessVariableRequest.java' not found in project sources
[WARNING] 19:44:10.997 File 'UserPictureRequest.java' not found in project sources
[WARNING] 19:44:10.997 File 'GroupRequest.java' not found in project sources
[WARNING] 19:44:10.997 File 'UserRequest.java' not found in project sources
[WARNING] 19:44:10.997 File 'UpdateProcessDefinitionModelRequest.java' not found in project sources
[WARNING] 19:44:10.997 File 'UserSearchRequest.java' not found in project sources
[WARNING] 19:44:10.997 File 'UserIdentityRequest.java' not found in project sources
[WARNING] 19:44:10.997 File 'TaskSearchRequest.java' not found in project sources
[WARNING] 19:44:10.997 File 'CommentRequest.java' not found in project sources
[WARNING] 19:44:10.997 File 'UpdateGroupRequest.java' not found in project sources
[WARNING] 19:44:10.997 File 'ProcessInstanceStateRequest.java' not found in project sources
[WARNING] 19:44:10.997 File 'CreateAppDefinitionDraftRequest.java' not found in project sources
[WARNING] 19:44:10.997 File 'FormSubmitRequest.java' not found in project sources
[WARNING] 19:44:10.997 File 'GroupSearchRequest.java' not found in project sources
[WARNING] 19:44:10.997 File 'AcmUserGroupRep.java' not found in project sources
[WARNING] 19:44:10.997 File 'UserGroupRep.java' not found in project sources
[WARNING] 19:44:10.997 File 'AcmConfigurationRep.java' not found in project sources
[WARNING] 19:44:10.997 File 'AcmResource.java' not found in project sources
[WARNING] 19:44:10.997 File 'LoginParameter.java' not found in project sources
[WARNING] 19:44:10.997 File 'PermissionRep.java' not found in project sources
[WARNING] 19:44:10.997 File 'SimpleContentTypeMapper.java' not found in project sources
[WARNING] 19:44:10.997 File 'AppDefinitionResponse.java' not found in project sources
[WARNING] 19:44:10.997 File 'FormDataResponse.java' not found in project sources
[WARNING] 19:44:10.997 File 'ProcessDefinitionModelResponse.java' not found in project sources
[WARNING] 19:44:10.997 File 'FormFieldResponse.java' not found in project sources
[WARNING] 19:44:10.997 File 'PagedResponse.java' not found in project sources
[WARNING] 19:44:10.997 File 'UserInfoResponse.java' not found in project sources
[WARNING] 19:44:10.997 File 'AggregatedResponse.java' not found in project sources
[WARNING] 19:44:10.997 File 'ProcessDefinitionModelHistoryResponse.java' not found in project sources
[WARNING] 19:44:10.997 File 'AppDeploymentResponse.java' not found in project sources
[WARNING] 19:44:10.997 File 'UserGroupSummary.java' not found in project sources
[WARNING] 19:44:10.997 File 'ProcessDefinitionResponse.java' not found in project sources
[WARNING] 19:44:10.997 File 'ProcessDefinitionModelRelationResponse.java' not found in project sources
[WARNING] 19:44:10.997 File 'CountResponse.java' not found in project sources
[WARNING] 19:44:10.997 File 'UserDetailResponse.java' not found in project sources
[WARNING] 19:44:10.997 File 'UserResponse.java' not found in project sources
[WARNING] 19:44:10.997 File 'ProcessDefinitionModelSummaryResponse.java' not found in project sources
[WARNING] 19:44:10.997 File 'SavedSearchResponse.java' not found in project sources
[WARNING] 19:44:10.997 File 'GroupResponse.java' not found in project sources
[WARNING] 19:44:10.997 File 'AppDefinitionDraftResponse.java' not found in project sources
[WARNING] 19:44:10.997 File 'ProcessInstanceResponse.java' not found in project sources
[WARNING] 19:44:10.997 File 'AttachmentResponse.java' not found in project sources
[WARNING] 19:44:10.997 File 'IdentityLinkResponse.java' not found in project sources
[WARNING] 19:44:10.997 File 'MembershipResponse.java' not found in project sources
[WARNING] 19:44:10.997 File 'AppDefinitionDraftSummaryResponse.java' not found in project sources
[WARNING] 19:44:10.997 File 'ProcessVariableResponse.java' not found in project sources
[WARNING] 19:44:10.997 File 'TaskResponse.java' not found in project sources
[WARNING] 19:44:10.997 File 'UserDetailsResponse.java' not found in project sources
[WARNING] 19:44:10.997 File 'DeploymentResourceResponse.java' not found in project sources
[WARNING] 19:44:10.997 File 'CommentResponse.java' not found in project sources
[WARNING] 19:44:10.997 File 'AppPublishResponse.java' not found in project sources
[WARNING] 19:44:10.997 File 'TokenResponse.java' not found in project sources
[WARNING] 19:44:10.997 File 'EncryptedJSON.java' not found in project sources
[WARNING] 19:44:10.997 File 'CookiePropertiesModel.java' not found in project sources
[WARNING] 19:44:10.997 File 'TokenRequest.java' not found in project sources
[WARNING] 19:44:10.997 File 'Privileges.java' not found in project sources
[WARNING] 19:44:10.997 File 'RestVariable.java' not found in project sources
[WARNING] 19:44:10.997 File 'CommentNotify.java' not found in project sources
[WARNING] 19:44:10.997 File 'PageInfo.java' not found in project sources
[WARNING] 19:44:10.997 File 'AppDefinitionContent.java' not found in project sources
[WARNING] 19:44:10.997 File 'SavedSearch.java' not found in project sources
[WARNING] 19:44:10.997 File 'SavedSearchBase.java' not found in project sources
[WARNING] 19:44:10.997 File 'UserPreferences.java' not found in project sources
[WARNING] 19:44:10.997 File 'TableColumnDefinition.java' not found in project sources
[WARNING] 19:44:10.997 File 'FormOptionSetDto.java' not found in project sources
[WARNING] 19:44:10.997 File 'UserPreferencesDto.java' not found in project sources
[WARNING] 19:44:10.997 File 'UserGroupDto.java' not found in project sources
[WARNING] 19:44:10.997 File 'GroupPrivilegeDto.java' not found in project sources
[WARNING] 19:44:10.997 File 'UserDto.java' not found in project sources
[WARNING] 19:44:10.997 File 'GroupDto.java' not found in project sources
[WARNING] 19:44:10.997 File 'FormFieldOptionDto.java' not found in project sources
[WARNING] 19:44:10.997 File 'RelatedContentDto.java' not found in project sources
[WARNING] 19:44:10.998 File 'UserController.java' not found in project sources
[WARNING] 19:44:10.998 File 'GroupController.java' not found in project sources
[WARNING] 19:44:10.998 File 'PrivilegeController.java' not found in project sources
[WARNING] 19:44:10.998 File 'AppController.java' not found in project sources
[WARNING] 19:44:10.998 File 'ProcessDefinitionController.java' not found in project sources
[WARNING] 19:44:10.998 File 'ExternalLoginController.java' not found in project sources
[WARNING] 19:44:10.998 File 'ModelController.java' not found in project sources
[WARNING] 19:44:10.998 File 'AppDefinitionController.java' not found in project sources
[WARNING] 19:44:10.998 File 'FormController.java' not found in project sources
[WARNING] 19:44:10.998 File 'FormOptionSetController.java' not found in project sources
[WARNING] 19:44:10.998 File 'FormFieldOptionController.java' not found in project sources
[WARNING] 19:44:10.998 File 'ReferenceDataController.java' not found in project sources
[WARNING] 19:44:10.998 File 'RestExceptionHandlerAdvice.java' not found in project sources
[WARNING] 19:44:10.998 File 'ProcessInstanceController.java' not found in project sources
[WARNING] 19:44:10.998 File 'CommentController.java' not found in project sources
[WARNING] 19:44:10.998 File 'UserPreferencesController.java' not found in project sources
[WARNING] 19:44:10.998 File 'ProcessDefinitionsController.java' not found in project sources
[WARNING] 19:44:10.998 File 'ProcessInstanceVariableController.java' not found in project sources
[WARNING] 19:44:10.998 File 'TaskQueryController.java' not found in project sources
[WARNING] 19:44:10.998 File 'TaskActionController.java' not found in project sources
[WARNING] 19:44:10.998 File 'RelatedContentController.java' not found in project sources
[WARNING] 19:44:10.998 File 'ProcessInstanceQueryController.java' not found in project sources
[WARNING] 19:44:10.998 File 'TaskController.java' not found in project sources
[WARNING] 19:44:10.998 File 'DateRestVariableConverter.java' not found in project sources
[WARNING] 19:44:10.998 File 'DoubleRestVariableConverter.java' not found in project sources
[WARNING] 19:44:10.998 File 'LongRestVariableConverter.java' not found in project sources
[WARNING] 19:44:10.998 File 'RestVariableConverter.java' not found in project sources
[WARNING] 19:44:10.998 File 'IntegerRestVariableConverter.java' not found in project sources
[WARNING] 19:44:10.998 File 'StringRestVariableConverter.java' not found in project sources
[WARNING] 19:44:10.998 File 'ShortRestVariableConverter.java' not found in project sources
[WARNING] 19:44:10.998 File 'BooleanRestVariableConverter.java' not found in project sources
[WARNING] 19:44:10.998 File 'AppServiceImpl.java' not found in project sources
[WARNING] 19:44:10.998 File 'RestVariableFactory.java' not found in project sources
[WARNING] 19:44:10.998 File 'ProcessDefinitionServiceImpl.java' not found in project sources
[WARNING] 19:44:10.998 File 'AuthServiceImpl.java' not found in project sources
[WARNING] 19:44:10.998 File 'TaskQueryServiceImpl.java' not found in project sources
[WARNING] 19:44:10.998 File 'GroupServiceImpl.java' not found in project sources
[WARNING] 19:44:10.998 File 'InsightProcessIdGenService.java' not found in project sources
[WARNING] 19:44:10.998 File 'IReferenceDataLookupDefinitionService.java' not found in project sources
[WARNING] 19:44:10.998 File 'InsightSequenceService.java' not found in project sources
[WARNING] 19:44:10.998 File 'WorkflowIdentifierConfiguration.java' not found in project sources
[WARNING] 19:44:10.998 File 'ProcessInstanceServiceImpl.java' not found in project sources
[WARNING] 19:44:10.998 File 'ReferenceDataServiceImpl.java' not found in project sources
[WARNING] 19:44:10.998 File 'TaskServiceImpl.java' not found in project sources
[WARNING] 19:44:10.998 File 'ContentStorageServiceImpl.java' not found in project sources
[WARNING] 19:44:10.998 File 'AESServiceImpl.java' not found in project sources
[WARNING] 19:44:10.998 File 'CommentServiceImpl.java' not found in project sources
[WARNING] 19:44:10.998 File 'ProcessInstanceVariableServiceImpl.java' not found in project sources
[WARNING] 19:44:10.998 File 'UserSynchronizationServiceImpl.java' not found in project sources
[WARNING] 19:44:10.998 File 'RelatedContentServiceImpl.java' not found in project sources
[WARNING] 19:44:10.998 File 'FormOptionSetServiceImpl.java' not found in project sources
[WARNING] 19:44:10.998 File 'UserInitializerServiceImpl.java' not found in project sources
[WARNING] 19:44:10.998 File 'ProcessInstanceQueryServiceImpl.java' not found in project sources
[WARNING] 19:44:10.998 File 'UserPreferencesServiceImpl.java' not found in project sources
[WARNING] 19:44:10.998 File 'FormFieldOptionServiceImpl.java' not found in project sources
[WARNING] 19:44:10.998 File 'ReferenceDataLookupDefinitionServiceImpl.java' not found in project sources
[WARNING] 19:44:10.998 File 'UserSyncCacheServiceImpl.java' not found in project sources
[WARNING] 19:44:10.998 File 'UserServiceImpl.java' not found in project sources
[WARNING] 19:44:10.998 File 'UserCacheImpl.java' not found in project sources
[WARNING] 19:44:10.998 File 'ArchiveFormDefinition.java' not found in project sources
[WARNING] 19:44:10.998 File 'PrivilegeServiceImpl.java' not found in project sources
[WARNING] 19:44:10.998 File 'FormServiceImpl.java' not found in project sources
[WARNING] 19:44:10.998 File 'TaskActionServiceImpl.java' not found in project sources
[WARNING] 19:44:10.998 File 'AcmInitializerServiceImpl.java' not found in project sources
[WARNING] 19:44:10.998 File 'RoleResourceServiceImpl.java' not found in project sources
[WARNING] 19:44:10.998 File 'AcmLoginTalk.java' not found in project sources
[WARNING] 19:44:10.998 File 'LoadAcmConfigurationServiceImpl.java' not found in project sources
[WARNING] 19:44:10.998 File 'FullTextFunctions.java' not found in project sources
[WARNING] 19:44:10.998 File 'SearchTxSynchronization.java' not found in project sources
[WARNING] 19:44:10.998 File 'SearchRefreshService.java' not found in project sources
[WARNING] 19:44:10.998 File 'SearchEventListener.java' not found in project sources
[WARNING] 19:44:10.998 File 'SearchWorkSet.java' not found in project sources
[WARNING] 19:44:10.998 File 'FieldConfigurationDto.java' not found in project sources
[WARNING] 19:44:10.998 File 'ModelServiceImpl.java' not found in project sources
[WARNING] 19:44:10.998 File 'FormAppArchiveService.java' not found in project sources
[WARNING] 19:44:10.998 File 'ModelRelationServiceImpl.java' not found in project sources
[WARNING] 19:44:10.998 File 'ArchiveFormResources.java' not found in project sources
[WARNING] 19:44:10.998 File 'KickstartArchive.java' not found in project sources
[WARNING] 19:44:10.998 File 'ModelHistoryServiceImpl.java' not found in project sources
[WARNING] 19:44:10.998 File 'AppArchiveServiceImpl.java' not found in project sources
[WARNING] 19:44:10.998 File 'AppDefinitionServiceImpl.java' not found in project sources
[WARNING] 19:44:10.998 File 'InsightProcessIdGenListener.java' not found in project sources
[WARNING] 19:44:10.998 File 'InsightSequenceListener.java' not found in project sources
[WARNING] 19:44:10.998 File 'VariableDeletedEventHandler.java' not found in project sources
[WARNING] 19:44:10.998 File 'TaskCreatedEventHandler.java' not found in project sources
[WARNING] 19:44:10.998 File 'VariableUpdatedEventHandler.java' not found in project sources
[WARNING] 19:44:10.998 File 'TaskAssignedEventHandler.java' not found in project sources
[WARNING] 19:44:10.998 File 'ProcessCompletedEventHandler.java' not found in project sources
[WARNING] 19:44:10.998 File 'InsightEventListener.java' not found in project sources
[WARNING] 19:44:10.998 File 'ProcessCompletedWithEscalationEndEventHandler.java' not found in project sources
[WARNING] 19:44:10.998 File 'TaskNameChangedEventHandler.java' not found in project sources
[WARNING] 19:44:10.998 File 'ProcessCreatedEventHandler.java' not found in project sources
[WARNING] 19:44:10.998 File 'TaskFormSavedEventHandler.java' not found in project sources
[WARNING] 19:44:10.998 File 'TaskDueDateChangedEventHandler.java' not found in project sources
[WARNING] 19:44:10.998 File 'CandidateGroupAddedEventHandler.java' not found in project sources
[WARNING] 19:44:10.998 File 'ProcessStartedEventHandler.java' not found in project sources
[WARNING] 19:44:10.998 File 'ProcessCompletedWithTerminateEndEventHandler.java' not found in project sources
[WARNING] 19:44:10.998 File 'TaskCompletedEventHandler.java' not found in project sources
[WARNING] 19:44:10.998 File 'ProcessCancelledEventHandler.java' not found in project sources
[WARNING] 19:44:10.998 File 'TaskDeletedEventHandler.java' not found in project sources
[WARNING] 19:44:10.998 File 'InsightEntityEvent.java' not found in project sources
[WARNING] 19:44:10.998 File 'EntityTaskDeletedEventHandler.java' not found in project sources
[WARNING] 19:44:10.998 File 'EntityHistoricProcessInstanceDeletedEventHandler.java' not found in project sources
[WARNING] 19:44:10.998 File 'AbstractInsightEventHandler.java' not found in project sources
[WARNING] 19:44:10.998 File 'UpdateStepEventHandler.java' not found in project sources
[WARNING] 19:44:10.998 File 'VariableCreatedEventHandler.java' not found in project sources
[WARNING] 19:44:10.998 File 'InsightEventType.java' not found in project sources
[WARNING] 19:44:10.998 File 'HistoricProcessInstanceDeletedEventHandler.java' not found in project sources
[WARNING] 19:44:10.998 File 'TaskOwnerChangedEventHandler.java' not found in project sources
[WARNING] 19:44:10.998 File 'UpdateSignatureEventHandler.java' not found in project sources
[WARNING] 19:44:10.998 File 'ProcessCompletedWithErrorEndEventHandler.java' not found in project sources
[WARNING] 19:44:10.998 File 'TaskPriorityChangedEventHandler.java' not found in project sources
[WARNING] 19:44:10.998 File 'ProcessDeletedEventHandler.java' not found in project sources
[WARNING] 19:44:10.998 File 'CriteriaQuerySupport.java' not found in project sources
[WARNING] 19:44:10.998 File 'ProcessDefinitionModelMapperImpl.java' not found in project sources
[WARNING] 19:44:10.998 File 'UserPreferencesMapperImpl.java' not found in project sources
[WARNING] 19:44:10.998 File 'FormOptionSetMapper.java' not found in project sources
[WARNING] 19:44:10.998 File 'GroupPrivilegeMapperImpl.java' not found in project sources
[WARNING] 19:44:10.998 File 'RelatedContentMapper.java' not found in project sources
[WARNING] 19:44:10.998 File 'ReferenceDataLookupDefinitionMapper.java' not found in project sources
[WARNING] 19:44:10.998 File 'GroupMapperImpl.java' not found in project sources
[WARNING] 19:44:10.998 File 'ProcessDefinitionModelHistoryMapperImpl.java' not found in project sources
[WARNING] 19:44:10.998 File 'ModelTypeCodec.java' not found in project sources
[WARNING] 19:44:10.998 File 'ProcessDefinitionModelRelationMapper.java' not found in project sources
[WARNING] 19:44:10.998 File 'FormFieldOptionMapper.java' not found in project sources
[WARNING] 19:44:10.998 File 'UserPreferencesMapper.java' not found in project sources
[WARNING] 19:44:10.998 File 'FormFieldOptionMapperImpl.java' not found in project sources
[WARNING] 19:44:10.998 File 'TaskMapperImpl.java' not found in project sources
[WARNING] 19:44:10.998 File 'ProcessDefinitionModelMapper.java' not found in project sources
[WARNING] 19:44:10.998 File 'GroupMapper.java' not found in project sources
[WARNING] 19:44:10.998 File 'GroupPrivilegeMapper.java' not found in project sources
[WARNING] 19:44:10.998 File 'TaskMapper.java' not found in project sources
[WARNING] 19:44:10.998 File 'UserMapperImpl.java' not found in project sources
[WARNING] 19:44:10.998 File 'FormOptionSetMapperImpl.java' not found in project sources
[WARNING] 19:44:10.998 File 'CommentMapper.java' not found in project sources
[WARNING] 19:44:10.998 File 'ProcessDefinitionModelRelationMapperImpl.java' not found in project sources
[WARNING] 19:44:10.998 File 'UserMapper.java' not found in project sources
[WARNING] 19:44:10.998 File 'ReferenceDataLookupDefinitionMapperImpl.java' not found in project sources
[WARNING] 19:44:10.998 File 'CommentMapperImpl.java' not found in project sources
[WARNING] 19:44:10.998 File 'RelatedContentMapperImpl.java' not found in project sources
[WARNING] 19:44:10.998 File 'ProcessDefinitionModelHistoryMapper.java' not found in project sources
[WARNING] 19:44:10.998 File 'InsightAppUser.java' not found in project sources
[WARNING] 19:44:10.998 File 'SecurityUtils.java' not found in project sources
[WARNING] 19:44:10.998 File 'RmqEventListenerImpl.java' not found in project sources
[WARNING] 19:44:10.998 File 'RmqServiceImpl.java' not found in project sources
[WARNING] 19:44:10.998 File 'RmqHealthCheckServiceImpl.java' not found in project sources
[WARNING] 19:44:10.998 File 'ICommentRequest.java' not found in project sources
[WARNING] 19:44:10.998 File 'IIdentityLinkRequest.java' not found in project sources
[WARNING] 19:44:10.998 File 'ISavedSearchRequest.java' not found in project sources
[WARNING] 19:44:10.998 File 'IUserIdentityRequest.java' not found in project sources
[WARNING] 19:44:10.998 File 'IAddGroupPrivilegesRequest.java' not found in project sources
[WARNING] 19:44:10.998 File 'IUpdateProcessDefinitionModelRequest.java' not found in project sources
[WARNING] 19:44:10.998 File 'IUserActionRequest.java' not found in project sources
[WARNING] 19:44:10.998 File 'IAttachmentRequest.java' not found in project sources
[WARNING] 19:44:10.998 File 'IFormSubmitRequest.java' not found in project sources
[WARNING] 19:44:10.998 File 'IMembershipRequest.java' not found in project sources
[WARNING] 19:44:10.998 File 'ICreateUserRequest.java' not found in project sources
[WARNING] 19:44:10.998 File 'IProcessVariableRequest.java' not found in project sources
[WARNING] 19:44:10.998 File 'ICreateProcessDefinitionModelRequest.java' not found in project sources
[WARNING] 19:44:10.998 File 'IUserSearchRequest.java' not found in project sources
[WARNING] 19:44:10.998 File 'IProcessInstanceStateRequest.java' not found in project sources
[WARNING] 19:44:10.998 File 'IProcessInstanceStartRequest.java' not found in project sources
[WARNING] 19:44:10.998 File 'IProcessDefinitionActionRequest.java' not found in project sources
[WARNING] 19:44:10.998 File 'IUpdateAppDefinitionDraftRequest.java' not found in project sources
[WARNING] 19:44:10.998 File 'IUpdateGroupRequest.java' not found in project sources
[WARNING] 19:44:10.998 File 'IUserInfoRequest.java' not found in project sources
[WARNING] 19:44:10.998 File 'ITaskActionRequest.java' not found in project sources
[WARNING] 19:44:10.999 File 'IGroupRequest.java' not found in project sources
[WARNING] 19:44:10.999 File 'IUserRequest.java' not found in project sources
[WARNING] 19:44:10.999 File 'ITaskRequest.java' not found in project sources
[WARNING] 19:44:10.999 File 'IGroupSearchRequest.java' not found in project sources
[WARNING] 19:44:10.999 File 'IProcessInstanceSearchRequest.java' not found in project sources
[WARNING] 19:44:10.999 File 'IUserPictureRequest.java' not found in project sources
[WARNING] 19:44:10.999 File 'ITaskSearchRequest.java' not found in project sources
[WARNING] 19:44:10.999 File 'ICreateAppDefinitionDraftRequest.java' not found in project sources
[WARNING] 19:44:10.999 File 'InsightUserDetails.java' not found in project sources
[WARNING] 19:44:10.999 File 'FullTextSearchableString.java' not found in project sources
[WARNING] 19:44:10.999 File 'FullTextSearchGenerator.java' not found in project sources
[WARNING] 19:44:10.999 File 'SearchType.java' not found in project sources
[WARNING] 19:44:10.999 File 'AccountType.java' not found in project sources
[WARNING] 19:44:10.999 File 'QueueType.java' not found in project sources
[WARNING] 19:44:10.999 File 'GroupType.java' not found in project sources
[WARNING] 19:44:10.999 File 'DisplayValueEnum.java' not found in project sources
[WARNING] 19:44:10.999 File 'UserAccountType.java' not found in project sources
[WARNING] 19:44:10.999 File 'LightUserDto.java' not found in project sources
[WARNING] 19:44:10.999 File 'AbstractUserDto.java' not found in project sources
[WARNING] 19:44:10.999 File 'FullTextSearchGeneratorPostgresImpl.java' not found in project sources
[WARNING] 19:44:10.999 File 'IProcessInstanceQuery.java' not found in project sources
[WARNING] 19:44:10.999 File 'IGroupQueryRequest.java' not found in project sources
[WARNING] 19:44:10.999 File 'ITaskFilterRequest.java' not found in project sources
[WARNING] 19:44:10.999 File 'IProcessInstanceFilterRequest.java' not found in project sources
[WARNING] 19:44:10.999 File 'ITaskQueryRequest.java' not found in project sources
[WARNING] 19:44:10.999 File 'IUserQueryRequest.java' not found in project sources
[WARNING] 19:44:10.999 File 'IProcessDefinitionModelQueryRequest.java' not found in project sources
[WARNING] 19:44:10.999 File 'IPagedRequest.java' not found in project sources
[WARNING] 19:44:10.999 File 'ProcessState.java' not found in project sources
[WARNING] 19:44:10.999 File 'TaskPriority.java' not found in project sources
[WARNING] 19:44:10.999 File 'ProcessSort.java' not found in project sources
[WARNING] 19:44:10.999 File 'ModelType.java' not found in project sources
[WARNING] 19:44:10.999 File 'RestVariableScope.java' not found in project sources
[WARNING] 19:44:10.999 File 'ModelRelationType.java' not found in project sources
[WARNING] 19:44:10.999 File 'UserSort.java' not found in project sources
[WARNING] 19:44:10.999 File 'GroupSort.java' not found in project sources
[WARNING] 19:44:10.999 File 'TaskSort.java' not found in project sources
[WARNING] 19:44:10.999 File 'ProcessModelSort.java' not found in project sources
[WARNING] 19:44:10.999 File 'FtsWeight.java' not found in project sources
[WARNING] 19:44:10.999 File 'NotFoundException.java' not found in project sources
[WARNING] 19:44:10.999 File 'AuthenticationException.java' not found in project sources
[WARNING] 19:44:10.999 File 'AuthorizationException.java' not found in project sources
[WARNING] 19:44:10.999 File 'EncryptionException.java' not found in project sources
[WARNING] 19:44:10.999 File 'IllegalArgumentException.java' not found in project sources
[WARNING] 19:44:10.999 File 'ConflictRequestException.java' not found in project sources
[WARNING] 19:44:10.999 File 'BaseRestException.java' not found in project sources
[WARNING] 19:44:10.999 File 'BadRequestException.java' not found in project sources
[WARNING] 19:44:10.999 File 'IntegrationException.java' not found in project sources
[WARNING] 19:44:10.999 File 'ContentStorageException.java' not found in project sources
[WARNING] 19:44:10.999 File 'InternalServerErrorException.java' not found in project sources
[WARNING] 19:44:10.999 File 'ErrorInfo.java' not found in project sources
[WARNING] 19:44:10.999 File 'ModelHistoryService.java' not found in project sources
[WARNING] 19:44:10.999 File 'ModelService.java' not found in project sources
[WARNING] 19:44:10.999 File 'AppArchiveService.java' not found in project sources
[WARNING] 19:44:10.999 File 'ModelRelationService.java' not found in project sources
[WARNING] 19:44:10.999 File 'AppDefinitionService.java' not found in project sources
[WARNING] 19:44:10.999 File 'ChecksumUtil.java' not found in project sources
[WARNING] 19:44:10.999 File 'ThreadLocalContext.java' not found in project sources
[WARNING] 19:44:10.999 File 'AcmUtils.java' not found in project sources
[WARNING] 19:44:10.999 File 'Const.java' not found in project sources
[WARNING] 19:44:10.999 File 'Utils.java' not found in project sources
[WARNING] 19:44:10.999 File 'ServerTalk.java' not found in project sources
[WARNING] 19:44:10.999 File 'ReferenceDataLookupDto.java' not found in project sources
[WARNING] 19:44:10.999 File 'IPermissionRep.java' not found in project sources
[WARNING] 19:44:10.999 File 'IGroupPrivilegeDto.java' not found in project sources
[WARNING] 19:44:10.999 File 'IUserPreferencesDto.java' not found in project sources
[WARNING] 19:44:10.999 File 'IGroupDto.java' not found in project sources
[WARNING] 19:44:10.999 File 'ReferenceDataLookupValueDto.java' not found in project sources
[WARNING] 19:44:10.999 File 'IUserGroupDto.java' not found in project sources
[WARNING] 19:44:10.999 File 'IUserDto.java' not found in project sources
[WARNING] 19:44:10.999 File 'IFormOptionSetDto.java' not found in project sources
[WARNING] 19:44:10.999 File 'IFormFieldOptionDto.java' not found in project sources
[WARNING] 19:44:10.999 File 'SearchRequest.java' not found in project sources
[WARNING] 19:44:10.999 File 'IAcmUserGroupRep.java' not found in project sources
[WARNING] 19:44:10.999 File 'IAcmConfigurationRep.java' not found in project sources
[WARNING] 19:44:10.999 File 'ReferenceDataLookupKeyDto.java' not found in project sources
[WARNING] 19:44:10.999 File 'IRelatedContentDto.java' not found in project sources
[WARNING] 19:44:10.999 File 'ReferenceDataLookupDefinitionDto.java' not found in project sources
[WARNING] 19:44:10.999 File 'RmqEventPublisher.java' not found in project sources
[WARNING] 19:44:10.999 File 'RmqHealthCheckService.java' not found in project sources
[WARNING] 19:44:10.999 File 'RmqEventListener.java' not found in project sources
[WARNING] 19:44:10.999 File 'RmqService.java' not found in project sources
[WARNING] 19:44:10.999 File 'IReferenceDataLookupValueDto.java' not found in project sources
[WARNING] 19:44:10.999 File 'IReferenceDataLookupKeyDto.java' not found in project sources
[WARNING] 19:44:10.999 File 'FormService.java' not found in project sources
[WARNING] 19:44:10.999 File 'UserSyncCacheService.java' not found in project sources
[WARNING] 19:44:10.999 File 'CommentService.java' not found in project sources
[WARNING] 19:44:10.999 File 'FormOptionSetService.java' not found in project sources
[WARNING] 19:44:10.999 File 'TaskService.java' not found in project sources
[WARNING] 19:44:10.999 File 'LoadAcmConfigurationService.java' not found in project sources
[WARNING] 19:44:10.999 File 'FormFieldOptionService.java' not found in project sources
[WARNING] 19:44:10.999 File 'TaskQueryService.java' not found in project sources
[WARNING] 19:44:10.999 File 'ProcessInstanceQueryService.java' not found in project sources
[WARNING] 19:44:10.999 File 'RoleResourceService.java' not found in project sources
[WARNING] 19:44:10.999 File 'AuthService.java' not found in project sources
[WARNING] 19:44:10.999 File 'IReferenceDataService.java' not found in project sources
[WARNING] 19:44:10.999 File 'UserService.java' not found in project sources
[WARNING] 19:44:10.999 File 'AcmInitializerService.java' not found in project sources
[WARNING] 19:44:10.999 File 'AppService.java' not found in project sources
[WARNING] 19:44:10.999 File 'PrivilegeService.java' not found in project sources
[WARNING] 19:44:10.999 File 'UserPreferencesService.java' not found in project sources
[WARNING] 19:44:10.999 File 'ProcessInstanceVariableService.java' not found in project sources
[WARNING] 19:44:10.999 File 'ContentStorageService.java' not found in project sources
[WARNING] 19:44:10.999 File 'UserCache.java' not found in project sources
[WARNING] 19:44:10.999 File 'ProcessInstanceService.java' not found in project sources
[WARNING] 19:44:10.999 File 'TaskActionService.java' not found in project sources
[WARNING] 19:44:10.999 File 'RelatedContentService.java' not found in project sources
[WARNING] 19:44:10.999 File 'AESService.java' not found in project sources
[WARNING] 19:44:10.999 File 'UserSynchronizationService.java' not found in project sources
[WARNING] 19:44:10.999 File 'ProcessDefinitionService.java' not found in project sources
[WARNING] 19:44:10.999 File 'GroupService.java' not found in project sources
[WARNING] 19:44:10.999 File 'IFormDataResponse.java' not found in project sources
[WARNING] 19:44:10.999 File 'IProcessDefinitionModelResponse.java' not found in project sources
[WARNING] 19:44:10.999 File 'IAppPublishResponse.java' not found in project sources
[WARNING] 19:44:10.999 File 'IAttachmentResponse.java' not found in project sources
[WARNING] 19:44:10.999 File 'IUserGroupSummary.java' not found in project sources
[WARNING] 19:44:10.999 File 'IAppDefinitionDraftSummaryResponse.java' not found in project sources
[WARNING] 19:44:10.999 File 'IProcessInstanceResponse.java' not found in project sources
[WARNING] 19:44:10.999 File 'IProcessVariableResponse.java' not found in project sources
[WARNING] 19:44:10.999 File 'ISavedSearchResponse.java' not found in project sources
[WARNING] 19:44:10.999 File 'IUserDetailsResponse.java' not found in project sources
[WARNING] 19:44:10.999 File 'ITaskResponse.java' not found in project sources
[WARNING] 19:44:10.999 File 'IIdentityLinkResponse.java' not found in project sources
[WARNING] 19:44:10.999 File 'IMembershipResponse.java' not found in project sources
[WARNING] 19:44:10.999 File 'IProcessDefinitionModelRelationResponse.java' not found in project sources
[WARNING] 19:44:10.999 File 'ICountResponse.java' not found in project sources
[WARNING] 19:44:10.999 File 'IFormFieldResponse.java' not found in project sources
[WARNING] 19:44:10.999 File 'IDeploymentResourceResponse.java' not found in project sources
[WARNING] 19:44:10.999 File 'IAppDefinitionDraftResponse.java' not found in project sources
[WARNING] 19:44:10.999 File 'IGroupResponse.java' not found in project sources
[WARNING] 19:44:10.999 File 'IUserResponse.java' not found in project sources
[WARNING] 19:44:10.999 File 'IAggregatedResponse.java' not found in project sources
[WARNING] 19:44:10.999 File 'ICommentResponse.java' not found in project sources
[WARNING] 19:44:10.999 File 'IUserInfoResponse.java' not found in project sources
[WARNING] 19:44:10.999 File 'IUserDetailResponse.java' not found in project sources
[WARNING] 19:44:10.999 File 'IProcessDefinitionModelHistoryResponse.java' not found in project sources
[WARNING] 19:44:10.999 File 'IPagedResponse.java' not found in project sources
[WARNING] 19:44:10.999 File 'IProcessDefinitionModelSummaryResponse.java' not found in project sources
[WARNING] 19:44:10.999 File 'IProcessDefinitionResponse.java' not found in project sources
[WARNING] 19:44:10.999 File 'IAppDeploymentResponse.java' not found in project sources
[WARNING] 19:44:10.999 File 'IAppDefinitionResponse.java' not found in project sources
[WARNING] 19:44:10.999 File 'ICookieProperties.java' not found in project sources
[WARNING] 19:44:10.999 File 'IGroupEntity.java' not found in project sources
[WARNING] 19:44:11.000 File 'IEventSyncEntity.java' not found in project sources
[WARNING] 19:44:11.000 File 'IRuntimeIdentityLinkEntity.java' not found in project sources
[WARNING] 19:44:11.000 File 'IRuntimeExecutionEntity.java' not found in project sources
[WARNING] 19:44:11.000 File 'IUserEntity.java' not found in project sources
[WARNING] 19:44:11.000 File 'IProcessDefinitionModelHistoryEntity.java' not found in project sources
[WARNING] 19:44:11.000 File 'IHistoricIdentityLinkEntity.java' not found in project sources
[WARNING] 19:44:11.000 File 'IAbstractAuditEntity.java' not found in project sources
[WARNING] 19:44:11.000 File 'ITaskEntity.java' not found in project sources
[WARNING] 19:44:11.000 File 'IGroupPrivilegeEntity.java' not found in project sources
[WARNING] 19:44:11.000 File 'IHistoricTaskEntity.java' not found in project sources
[WARNING] 19:44:11.000 File 'IProcessDefinitionEntity.java' not found in project sources
[WARNING] 19:44:11.000 File 'IProcessSearchEntity.java' not found in project sources
[WARNING] 19:44:11.000 File 'IUserPreferencesEntity.java' not found in project sources
[WARNING] 19:44:11.000 File 'IMutableId.java' not found in project sources
[WARNING] 19:44:11.000 File 'IAppDeploymentEntity.java' not found in project sources
[WARNING] 19:44:11.000 File 'ICommentEntity.java' not found in project sources
[WARNING] 19:44:11.000 File 'IProcessDefinitionModelEntity.java' not found in project sources
[WARNING] 19:44:11.000 File 'IDeploymentEntity.java' not found in project sources
[WARNING] 19:44:11.000 File 'IProcessDefinitionModelRelationEntity.java' not found in project sources
[WARNING] 19:44:11.000 File 'IHistoricVariableInstanceEntity.java' not found in project sources
[WARNING] 19:44:11.000 File 'ITaskSearchEntity.java' not found in project sources
[WARNING] 19:44:11.000 File 'IRelatedContentEntity.java' not found in project sources
[WARNING] 19:44:11.000 File 'IAbstractTaskInfoEntity.java' not found in project sources
[WARNING] 19:44:11.000 File 'IHistoricProcessInstanceEntity.java' not found in project sources
[WARNING] 19:44:11.000 File 'ICommentNotify.java' not found in project sources
[WARNING] 19:44:11.000 File 'IRestVariable.java' not found in project sources
[WARNING] 19:44:11.000 File 'RelatedContentStatus.java' not found in project sources
[WARNING] 19:44:11.000 File 'GroupStatus.java' not found in project sources
[WARNING] 19:44:11.000 File 'UserAccountStatus.java' not found in project sources
[WARNING] 19:44:11.000 File 'TaskState.java' not found in project sources
[WARNING] 19:44:11.000 File 'InsightEventHandler.java' not found in project sources
[WARNING] 19:44:11.000 File 'IEventDto.java' not found in project sources
[WARNING] 19:44:11.000 File 'ISavedSearch.java' not found in project sources
[WARNING] 19:44:11.000 File 'IUserPreferences.java' not found in project sources
[WARNING] 19:44:11.000 File 'ITableColumnDefinition.java' not found in project sources
[INFO] 19:44:11.000 Sensor JaCoCo XML Report Importer [jacoco] (done) | time=23ms
[INFO] 19:44:11.000 Sensor IaC hadolint report Sensor [iac]
[INFO] 19:44:11.000 Sensor IaC hadolint report Sensor [iac] (done) | time=0ms
[INFO] 19:44:11.000 Sensor Java Config Sensor [iac]
[INFO] 19:44:11.018 There are no files to be analyzed for the Java language
[INFO] 19:44:11.018 Sensor Java Config Sensor [iac] (done) | time=17ms
[INFO] 19:44:11.018 Sensor IaC Docker Sensor [iac]
[INFO] 19:44:11.018 Sensor IaC Docker Sensor is restricted to changed files only
[INFO] 19:44:11.018 There are no files to be analyzed for the Docker language
[INFO] 19:44:11.018 Sensor IaC Docker Sensor [iac] (done) | time=0ms
[INFO] 19:44:11.018 Sensor IaC GitHub Actions Sensor [iac]
[INFO] 19:44:11.018 There are no files to be analyzed for the GitHub Actions language
[INFO] 19:44:11.018 Sensor IaC GitHub Actions Sensor [iac] (done) | time=0ms
[INFO] 19:44:11.018 Sensor IaC actionlint report Sensor [iac]
[INFO] 19:44:11.018 Sensor IaC actionlint report Sensor [iac] (done) | time=0ms
[INFO] 19:44:11.018 Sensor IaC Shell Sensor [iac]
[INFO] 19:44:11.018 There are no files to be analyzed for the Shell language
[INFO] 19:44:11.018 Sensor IaC Shell Sensor [iac] (done) | time=0ms
[INFO] 19:44:11.018 Sensor ThymeLeaf template sensor [securityjavafrontend]
[INFO] 19:44:11.018 Sensor ThymeLeaf template sensor [securityjavafrontend] (done) | time=0ms
[INFO] 19:44:11.018 Sensor JavaAndroidConfigurationSensor [securityjavafrontend]
[INFO] 19:44:11.018 Sensor JavaAndroidConfigurationSensor [securityjavafrontend] (done) | time=0ms
[INFO] 19:44:11.018 Sensor JavaModuleSecuritySensor [securityjavafrontend]
[INFO] 19:44:11.018 Sensor JavaModuleSecuritySensor [securityjavafrontend] (done) | time=0ms
[INFO] 19:44:11.019 Sensor SurefireSensor [java]
[INFO] 19:44:11.019 parsing [/home/jenkins/agent/workspace/rd_insight-server_PR-57/insight-config/target/surefire-reports]
[INFO] 19:44:11.024 Sensor SurefireSensor [java] (done) | time=5ms
[INFO] 19:44:11.024 Sensor XML Sensor [xml]
[INFO] 19:44:11.024 Sensor XML Sensor is restricted to changed files only
[INFO] 19:44:11.024 Sensor XML Sensor [xml] (done) | time=0ms
[INFO] 19:44:11.025 ------------- Run sensors on module Insight - API
[INFO] 19:44:11.086 Sensor JavaSensor [java]
[INFO] 19:44:11.086 Configured Java source version (sonar.java.source): 21, preview features enabled (sonar.java.enablePreview): false
[INFO] 19:44:11.091 The Java analyzer is running in a context where unchanged files can be skipped. Full analysis is performed for changed files, optimized analysis for unchanged files.
[INFO] 19:44:11.178 Server-side caching is enabled. The Java analyzer was able to leverage cached data from previous analyses for 51 out of 203 files. These files will not be parsed.
[INFO] 19:44:11.178 Using ECJ batch to parse 152 Main java source files with batch size 194 KB.
[INFO] 19:44:11.180 Starting batch processing.
[INFO] 19:44:11.279 No boundary descriptors defined
[INFO] 19:44:12.240 100% analyzed
[INFO] 19:44:12.241 Batch processing: Done.
[INFO] 19:44:12.241 Optimized analysis for 151 of 152 files.
[INFO] 19:44:12.250 No "Test" source files to scan.
[INFO] 19:44:12.250 No "Generated" source files to scan.
[INFO] 19:44:12.250 Sensor JavaSensor [java] (done) | time=1163ms
[INFO] 19:44:12.250 Sensor JaCoCo XML Report Importer [jacoco]
[INFO] 19:44:12.250 Importing 1 report(s). Turn your logs in debug mode in order to see the exhaustive list.
[WARNING] 19:44:12.269 File 'AcmProperties.java' not found in project sources
[WARNING] 19:44:12.269 File 'PdfProperties.java' not found in project sources
[WARNING] 19:44:12.269 File 'UserProperties.java' not found in project sources
[WARNING] 19:44:12.269 File 'SecurityProperties.java' not found in project sources
[WARNING] 19:44:12.269 File 'RmqProperties.java' not found in project sources
[WARNING] 19:44:12.269 File 'ExportConfig.java' not found in project sources
[WARNING] 19:44:12.269 File 'TableConfig.java' not found in project sources
[WARNING] 19:44:12.269 File 'ClientProperties.java' not found in project sources
[WARNING] 19:44:12.269 File 'ColumnConfig.java' not found in project sources
[WARNING] 19:44:12.269 File 'S3ApplicationProperties.java' not found in project sources
[WARNING] 19:44:12.269 File 'CookieProperties.java' not found in project sources
[WARNING] 19:44:12.269 File 'StorageClientConfig.java' not found in project sources
[WARNING] 19:44:12.269 File 'HttpClientConfig.java' not found in project sources
[WARNING] 19:44:12.269 File 'DynamicRmqConfig.java' not found in project sources
[WARNING] 19:44:12.269 File 'DatabaseConfiguration.java' not found in project sources
[WARNING] 19:44:12.269 File 'FlowableConfig.java' not found in project sources
[WARNING] 19:44:12.269 File 'RestControllerPathLogger.java' not found in project sources
[WARNING] 19:44:12.269 File 'JacksonConfig.java' not found in project sources
[WARNING] 19:44:12.269 File 'CacheConfiguration.java' not found in project sources
[WARNING] 19:44:12.269 File 'LegacyInitiatorAssignmentParseHandler.java' not found in project sources
[WARNING] 19:44:12.269 File 'DataSourceBuilder.java' not found in project sources
[WARNING] 19:44:12.269 File 'JwtAuthenticationFilter.java' not found in project sources
[WARNING] 19:44:12.269 File 'SecurityConfig.java' not found in project sources
[WARNING] 19:44:12.269 File 'SpringSecurityAuthenticationContext.java' not found in project sources
[WARNING] 19:44:12.269 File 'WorkflowIdentifierLockEntity_.java' not found in project sources
[WARNING] 19:44:12.269 File 'ReferenceDataLookupEntity.java' not found in project sources
[WARNING] 19:44:12.269 File 'UserEntity_.java' not found in project sources
[WARNING] 19:44:12.269 File 'AbstractTaskInfoEntity_.java' not found in project sources
[WARNING] 19:44:12.269 File 'InsightSequenceEntity_.java' not found in project sources
[WARNING] 19:44:12.269 File 'GroupEntity.java' not found in project sources
[WARNING] 19:44:12.269 File 'HistoricProcessInstanceEntity.java' not found in project sources
[WARNING] 19:44:12.269 File 'TaskEntity_.java' not found in project sources
[WARNING] 19:44:12.269 File 'ArchivePublicationLockEntity_.java' not found in project sources
[WARNING] 19:44:12.269 File 'UserPreferencesEntity.java' not found in project sources
[WARNING] 19:44:12.269 File 'InsightProcessIdEntity.java' not found in project sources
[WARNING] 19:44:12.269 File 'ReferenceDataLookupKeyEntity.java' not found in project sources
[WARNING] 19:44:12.269 File 'ProcessDefinitionModelHistoryEntity.java' not found in project sources
[WARNING] 19:44:12.269 File 'AbstractAuditEntity.java' not found in project sources
[WARNING] 19:44:12.269 File 'TaskSearchEntity_.java' not found in project sources
[WARNING] 19:44:12.269 File 'ProcessDefinitionEntity_.java' not found in project sources
[WARNING] 19:44:12.269 File 'GroupPrivilegeEntity.java' not found in project sources
[WARNING] 19:44:12.269 File 'RelatedContentEntity_.java' not found in project sources
[WARNING] 19:44:12.269 File 'DeploymentEntity.java' not found in project sources
[WARNING] 19:44:12.269 File 'CommentEntity.java' not found in project sources
[WARNING] 19:44:12.269 File 'ReferenceDataLookupEntity_.java' not found in project sources
[WARNING] 19:44:12.269 File 'TaskEntity.java' not found in project sources
[WARNING] 19:44:12.269 File 'ReferenceDataLookupValueEntity.java' not found in project sources
[WARNING] 19:44:12.269 File 'HistoricProcessInstanceEntity_.java' not found in project sources
[WARNING] 19:44:12.269 File 'RuntimeExecutionEntity_.java' not found in project sources
[WARNING] 19:44:12.269 File 'HistoricIdentityLinkEntity_.java' not found in project sources
[WARNING] 19:44:12.269 File 'ProcessDefinitionEntity.java' not found in project sources
[WARNING] 19:44:12.269 File 'EventSyncEntity.java' not found in project sources
[WARNING] 19:44:12.269 File 'AbstractAuditEntity_.java' not found in project sources
[WARNING] 19:44:12.269 File 'UserEntity.java' not found in project sources
[WARNING] 19:44:12.269 File 'ProcessDefinitionModelHistoryEntity_.java' not found in project sources
[WARNING] 19:44:12.269 File 'ReferenceDataLookupKeyEntity_.java' not found in project sources
[WARNING] 19:44:12.269 File 'HistoricTaskEntity.java' not found in project sources
[WARNING] 19:44:12.269 File 'UserGroupEntity.java' not found in project sources
[WARNING] 19:44:12.269 File 'InsightSequenceEntity.java' not found in project sources
[WARNING] 19:44:12.269 File 'RuntimeIdentityLinkEntity.java' not found in project sources
[WARNING] 19:44:12.269 File 'FormFieldOptionEntity.java' not found in project sources
[WARNING] 19:44:12.269 File 'ProcessSearchEntity_.java' not found in project sources
[WARNING] 19:44:12.269 File 'FormFieldOptionEntity_.java' not found in project sources
[WARNING] 19:44:12.269 File 'ProcessDefinitionModelEntity_.java' not found in project sources
[WARNING] 19:44:12.269 File 'AppDeploymentEntity_.java' not found in project sources
[WARNING] 19:44:12.269 File 'AppDeploymentEntity.java' not found in project sources
[WARNING] 19:44:12.269 File 'HistoricVariableInstanceEntity.java' not found in project sources
[WARNING] 19:44:12.269 File 'HistoricIdentityLinkEntity.java' not found in project sources
[WARNING] 19:44:12.269 File 'AbstractTaskInfoEntity.java' not found in project sources
[WARNING] 19:44:12.269 File 'ReferenceDataLookupValueEntity_.java' not found in project sources
[WARNING] 19:44:12.269 File 'UserGroupEntity_.java' not found in project sources
[WARNING] 19:44:12.269 File 'RuntimeIdentityLinkEntity_.java' not found in project sources
[WARNING] 19:44:12.269 File 'GroupEntity_.java' not found in project sources
[WARNING] 19:44:12.269 File 'GroupPrivilegeEntity_.java' not found in project sources
[WARNING] 19:44:12.269 File 'EventSyncEntity_.java' not found in project sources
[WARNING] 19:44:12.269 File 'ProcessDefinitionModelRelationEntity_.java' not found in project sources
[WARNING] 19:44:12.269 File 'ProcessSearchEntity.java' not found in project sources
[WARNING] 19:44:12.269 File 'FormOptionSetEntity_.java' not found in project sources
[WARNING] 19:44:12.269 File 'ProcessDefinitionModelRelationEntity.java' not found in project sources
[WARNING] 19:44:12.269 File 'RelatedContentEntity.java' not found in project sources
[WARNING] 19:44:12.269 File 'HistoricVariableInstanceEntity_.java' not found in project sources
[WARNING] 19:44:12.269 File 'ProcessDefinitionModelEntity.java' not found in project sources
[WARNING] 19:44:12.269 File 'WorkflowIdentifierLockEntity.java' not found in project sources
[WARNING] 19:44:12.269 File 'FormOptionSetEntity.java' not found in project sources
[WARNING] 19:44:12.269 File 'RuntimeExecutionEntity.java' not found in project sources
[WARNING] 19:44:12.269 File 'UserPreferencesEntity_.java' not found in project sources
[WARNING] 19:44:12.269 File 'ReferenceDataLookupDefinitionEntity.java' not found in project sources
[WARNING] 19:44:12.269 File 'DeploymentEntity_.java' not found in project sources
[WARNING] 19:44:12.269 File 'HistoricTaskEntity_.java' not found in project sources
[WARNING] 19:44:12.269 File 'TaskSearchEntity.java' not found in project sources
[WARNING] 19:44:12.269 File 'CommentEntity_.java' not found in project sources
[WARNING] 19:44:12.269 File 'ReferenceDataLookupDefinitionEntity_.java' not found in project sources
[WARNING] 19:44:12.269 File 'ArchivePublicationLockEntity.java' not found in project sources
[WARNING] 19:44:12.269 File 'InsightProcessIdEntity_.java' not found in project sources
[WARNING] 19:44:12.269 File 'ReferenceDataLookupRepositoryCustom.java' not found in project sources
[WARNING] 19:44:12.269 File 'ProcessDefinitionModelRepository.java' not found in project sources
[WARNING] 19:44:12.269 File 'RuntimeExecutionRepository.java' not found in project sources
[WARNING] 19:44:12.269 File 'AppDeploymentRepository.java' not found in project sources
[WARNING] 19:44:12.269 File 'ProcessDefinitionModelHistoryRepository.java' not found in project sources
[WARNING] 19:44:12.269 File 'UserGroupRepository.java' not found in project sources
[WARNING] 19:44:12.269 File 'GroupRepository.java' not found in project sources
[WARNING] 19:44:12.269 File 'InsightProcessIdRepository.java' not found in project sources
[WARNING] 19:44:12.269 File 'ReferenceDataLookupDefinitionRepository.java' not found in project sources
[WARNING] 19:44:12.269 File 'TaskSearchRepository.java' not found in project sources
[WARNING] 19:44:12.269 File 'FormFieldOptionRepository.java' not found in project sources
[WARNING] 19:44:12.269 File 'FormOptionSetRepository.java' not found in project sources
[WARNING] 19:44:12.269 File 'TaskRepository.java' not found in project sources
[WARNING] 19:44:12.269 File 'HistoricVariableInstanceRepository.java' not found in project sources
[WARNING] 19:44:12.269 File 'EventSyncRepository.java' not found in project sources
[WARNING] 19:44:12.269 File 'ProcessSearchRepository.java' not found in project sources
[WARNING] 19:44:12.269 File 'ArchivePublicationLockRepository.java' not found in project sources
[WARNING] 19:44:12.270 File 'DeploymentRepository.java' not found in project sources
[WARNING] 19:44:12.270 File 'UserPreferencesRepository.java' not found in project sources
[WARNING] 19:44:12.270 File 'HistoricProcessInstanceRepository.java' not found in project sources
[WARNING] 19:44:12.270 File 'CommentRepository.java' not found in project sources
[WARNING] 19:44:12.270 File 'InsightSequenceRepository.java' not found in project sources
[WARNING] 19:44:12.270 File 'RelatedContentRepository.java' not found in project sources
[WARNING] 19:44:12.270 File 'HistoricTaskRepository.java' not found in project sources
[WARNING] 19:44:12.270 File 'ReferenceDataLookupRepository.java' not found in project sources
[WARNING] 19:44:12.270 File 'ReferenceDataLookupRepositoryImpl.java' not found in project sources
[WARNING] 19:44:12.270 File 'WorkflowIdentifierLockRepository.java' not found in project sources
[WARNING] 19:44:12.270 File 'GroupPrivilegeRepository.java' not found in project sources
[WARNING] 19:44:12.270 File 'ProcessDefinitionRepository.java' not found in project sources
[WARNING] 19:44:12.270 File 'UserRepository.java' not found in project sources
[WARNING] 19:44:12.270 File 'ProcessDefinitionModelRelationRepository.java' not found in project sources
[WARNING] 19:44:12.270 File 'TaskInfoQueryWrapper.java' not found in project sources
[WARNING] 19:44:12.270 File 'TaskQueryRequest.java' not found in project sources
[WARNING] 19:44:12.270 File 'TaskFilterRequest.java' not found in project sources
[WARNING] 19:44:12.270 File 'UserQueryRequest.java' not found in project sources
[WARNING] 19:44:12.270 File 'TaskFilter.java' not found in project sources
[WARNING] 19:44:12.270 File 'FilterRequest.java' not found in project sources
[WARNING] 19:44:12.270 File 'ProcessInstanceFilter.java' not found in project sources
[WARNING] 19:44:12.270 File 'ProcessInstanceQueryRequest.java' not found in project sources
[WARNING] 19:44:12.270 File 'Filter.java' not found in project sources
[WARNING] 19:44:12.270 File 'PagedRequest.java' not found in project sources
[WARNING] 19:44:12.270 File 'ProcessDefinitionModelQueryRequest.java' not found in project sources
[WARNING] 19:44:12.270 File 'GroupQueryRequest.java' not found in project sources
[WARNING] 19:44:12.270 File 'ProcessInstanceFilterRequest.java' not found in project sources
[WARNING] 19:44:12.270 File 'CreateProcessDefinitionModelRequest.java' not found in project sources
[WARNING] 19:44:12.270 File 'ProcessDefinitionActionRequest.java' not found in project sources
[WARNING] 19:44:12.270 File 'CreateUserRequest.java' not found in project sources
[WARNING] 19:44:12.270 File 'MembershipRequest.java' not found in project sources
[WARNING] 19:44:12.270 File 'UpdateAppDefinitionDraftRequest.java' not found in project sources
[WARNING] 19:44:12.270 File 'TaskRequest.java' not found in project sources
[WARNING] 19:44:12.270 File 'UserInfoRequest.java' not found in project sources
[WARNING] 19:44:12.270 File 'ProcessInstanceStartRequest.java' not found in project sources
[WARNING] 19:44:12.270 File 'TaskActionRequest.java' not found in project sources
[WARNING] 19:44:12.270 File 'AddGroupPrivilegesRequest.java' not found in project sources
[WARNING] 19:44:12.270 File 'IdentityLinkRequest.java' not found in project sources
[WARNING] 19:44:12.270 File 'UserActionRequest.java' not found in project sources
[WARNING] 19:44:12.270 File 'ProcessInstanceSearchRequest.java' not found in project sources
[WARNING] 19:44:12.270 File 'AttachmentRequest.java' not found in project sources
[WARNING] 19:44:12.270 File 'SavedSearchRequest.java' not found in project sources
[WARNING] 19:44:12.270 File 'ProcessVariableRequest.java' not found in project sources
[WARNING] 19:44:12.270 File 'UserPictureRequest.java' not found in project sources
[WARNING] 19:44:12.270 File 'GroupRequest.java' not found in project sources
[WARNING] 19:44:12.270 File 'UserRequest.java' not found in project sources
[WARNING] 19:44:12.270 File 'UpdateProcessDefinitionModelRequest.java' not found in project sources
[WARNING] 19:44:12.270 File 'UserSearchRequest.java' not found in project sources
[WARNING] 19:44:12.270 File 'UserIdentityRequest.java' not found in project sources
[WARNING] 19:44:12.270 File 'TaskSearchRequest.java' not found in project sources
[WARNING] 19:44:12.270 File 'CommentRequest.java' not found in project sources
[WARNING] 19:44:12.270 File 'UpdateGroupRequest.java' not found in project sources
[WARNING] 19:44:12.270 File 'ProcessInstanceStateRequest.java' not found in project sources
[WARNING] 19:44:12.270 File 'CreateAppDefinitionDraftRequest.java' not found in project sources
[WARNING] 19:44:12.270 File 'FormSubmitRequest.java' not found in project sources
[WARNING] 19:44:12.270 File 'GroupSearchRequest.java' not found in project sources
[WARNING] 19:44:12.270 File 'AcmUserGroupRep.java' not found in project sources
[WARNING] 19:44:12.270 File 'UserGroupRep.java' not found in project sources
[WARNING] 19:44:12.270 File 'AcmConfigurationRep.java' not found in project sources
[WARNING] 19:44:12.270 File 'AcmResource.java' not found in project sources
[WARNING] 19:44:12.270 File 'LoginParameter.java' not found in project sources
[WARNING] 19:44:12.270 File 'PermissionRep.java' not found in project sources
[WARNING] 19:44:12.270 File 'SimpleContentTypeMapper.java' not found in project sources
[WARNING] 19:44:12.270 File 'AppDefinitionResponse.java' not found in project sources
[WARNING] 19:44:12.270 File 'FormDataResponse.java' not found in project sources
[WARNING] 19:44:12.270 File 'ProcessDefinitionModelResponse.java' not found in project sources
[WARNING] 19:44:12.270 File 'FormFieldResponse.java' not found in project sources
[WARNING] 19:44:12.270 File 'PagedResponse.java' not found in project sources
[WARNING] 19:44:12.270 File 'UserInfoResponse.java' not found in project sources
[WARNING] 19:44:12.270 File 'AggregatedResponse.java' not found in project sources
[WARNING] 19:44:12.270 File 'ProcessDefinitionModelHistoryResponse.java' not found in project sources
[WARNING] 19:44:12.270 File 'AppDeploymentResponse.java' not found in project sources
[WARNING] 19:44:12.270 File 'UserGroupSummary.java' not found in project sources
[WARNING] 19:44:12.270 File 'ProcessDefinitionResponse.java' not found in project sources
[WARNING] 19:44:12.270 File 'ProcessDefinitionModelRelationResponse.java' not found in project sources
[WARNING] 19:44:12.270 File 'CountResponse.java' not found in project sources
[WARNING] 19:44:12.270 File 'UserDetailResponse.java' not found in project sources
[WARNING] 19:44:12.270 File 'UserResponse.java' not found in project sources
[WARNING] 19:44:12.270 File 'ProcessDefinitionModelSummaryResponse.java' not found in project sources
[WARNING] 19:44:12.270 File 'SavedSearchResponse.java' not found in project sources
[WARNING] 19:44:12.270 File 'GroupResponse.java' not found in project sources
[WARNING] 19:44:12.270 File 'AppDefinitionDraftResponse.java' not found in project sources
[WARNING] 19:44:12.270 File 'ProcessInstanceResponse.java' not found in project sources
[WARNING] 19:44:12.270 File 'AttachmentResponse.java' not found in project sources
[WARNING] 19:44:12.270 File 'IdentityLinkResponse.java' not found in project sources
[WARNING] 19:44:12.270 File 'MembershipResponse.java' not found in project sources
[WARNING] 19:44:12.270 File 'AppDefinitionDraftSummaryResponse.java' not found in project sources
[WARNING] 19:44:12.270 File 'ProcessVariableResponse.java' not found in project sources
[WARNING] 19:44:12.270 File 'TaskResponse.java' not found in project sources
[WARNING] 19:44:12.270 File 'UserDetailsResponse.java' not found in project sources
[WARNING] 19:44:12.270 File 'DeploymentResourceResponse.java' not found in project sources
[WARNING] 19:44:12.270 File 'CommentResponse.java' not found in project sources
[WARNING] 19:44:12.270 File 'AppPublishResponse.java' not found in project sources
[WARNING] 19:44:12.270 File 'TokenResponse.java' not found in project sources
[WARNING] 19:44:12.270 File 'EncryptedJSON.java' not found in project sources
[WARNING] 19:44:12.270 File 'CookiePropertiesModel.java' not found in project sources
[WARNING] 19:44:12.270 File 'TokenRequest.java' not found in project sources
[WARNING] 19:44:12.270 File 'Privileges.java' not found in project sources
[WARNING] 19:44:12.270 File 'RestVariable.java' not found in project sources
[WARNING] 19:44:12.270 File 'CommentNotify.java' not found in project sources
[WARNING] 19:44:12.270 File 'PageInfo.java' not found in project sources
[WARNING] 19:44:12.270 File 'AppDefinitionContent.java' not found in project sources
[WARNING] 19:44:12.270 File 'SavedSearch.java' not found in project sources
[WARNING] 19:44:12.270 File 'SavedSearchBase.java' not found in project sources
[WARNING] 19:44:12.270 File 'UserPreferences.java' not found in project sources
[WARNING] 19:44:12.270 File 'TableColumnDefinition.java' not found in project sources
[WARNING] 19:44:12.270 File 'FormOptionSetDto.java' not found in project sources
[WARNING] 19:44:12.270 File 'UserPreferencesDto.java' not found in project sources
[WARNING] 19:44:12.270 File 'UserGroupDto.java' not found in project sources
[WARNING] 19:44:12.270 File 'GroupPrivilegeDto.java' not found in project sources
[WARNING] 19:44:12.270 File 'UserDto.java' not found in project sources
[WARNING] 19:44:12.270 File 'GroupDto.java' not found in project sources
[WARNING] 19:44:12.270 File 'FormFieldOptionDto.java' not found in project sources
[WARNING] 19:44:12.270 File 'RelatedContentDto.java' not found in project sources
[WARNING] 19:44:12.270 File 'UserController.java' not found in project sources
[WARNING] 19:44:12.270 File 'GroupController.java' not found in project sources
[WARNING] 19:44:12.270 File 'PrivilegeController.java' not found in project sources
[WARNING] 19:44:12.270 File 'AppController.java' not found in project sources
[WARNING] 19:44:12.270 File 'ProcessDefinitionController.java' not found in project sources
[WARNING] 19:44:12.270 File 'ExternalLoginController.java' not found in project sources
[WARNING] 19:44:12.270 File 'ModelController.java' not found in project sources
[WARNING] 19:44:12.270 File 'AppDefinitionController.java' not found in project sources
[WARNING] 19:44:12.270 File 'FormController.java' not found in project sources
[WARNING] 19:44:12.270 File 'FormOptionSetController.java' not found in project sources
[WARNING] 19:44:12.270 File 'FormFieldOptionController.java' not found in project sources
[WARNING] 19:44:12.270 File 'ReferenceDataController.java' not found in project sources
[WARNING] 19:44:12.270 File 'RestExceptionHandlerAdvice.java' not found in project sources
[WARNING] 19:44:12.270 File 'ProcessInstanceController.java' not found in project sources
[WARNING] 19:44:12.270 File 'CommentController.java' not found in project sources
[WARNING] 19:44:12.270 File 'UserPreferencesController.java' not found in project sources
[WARNING] 19:44:12.270 File 'ProcessDefinitionsController.java' not found in project sources
[WARNING] 19:44:12.270 File 'ProcessInstanceVariableController.java' not found in project sources
[WARNING] 19:44:12.270 File 'TaskQueryController.java' not found in project sources
[WARNING] 19:44:12.270 File 'TaskActionController.java' not found in project sources
[WARNING] 19:44:12.270 File 'RelatedContentController.java' not found in project sources
[WARNING] 19:44:12.270 File 'ProcessInstanceQueryController.java' not found in project sources
[WARNING] 19:44:12.270 File 'TaskController.java' not found in project sources
[WARNING] 19:44:12.270 File 'DateRestVariableConverter.java' not found in project sources
[WARNING] 19:44:12.270 File 'DoubleRestVariableConverter.java' not found in project sources
[WARNING] 19:44:12.270 File 'LongRestVariableConverter.java' not found in project sources
[WARNING] 19:44:12.270 File 'RestVariableConverter.java' not found in project sources
[WARNING] 19:44:12.270 File 'IntegerRestVariableConverter.java' not found in project sources
[WARNING] 19:44:12.270 File 'StringRestVariableConverter.java' not found in project sources
[WARNING] 19:44:12.270 File 'ShortRestVariableConverter.java' not found in project sources
[WARNING] 19:44:12.270 File 'BooleanRestVariableConverter.java' not found in project sources
[WARNING] 19:44:12.270 File 'AppServiceImpl.java' not found in project sources
[WARNING] 19:44:12.270 File 'RestVariableFactory.java' not found in project sources
[WARNING] 19:44:12.270 File 'ProcessDefinitionServiceImpl.java' not found in project sources
[WARNING] 19:44:12.270 File 'AuthServiceImpl.java' not found in project sources
[WARNING] 19:44:12.270 File 'TaskQueryServiceImpl.java' not found in project sources
[WARNING] 19:44:12.270 File 'GroupServiceImpl.java' not found in project sources
[WARNING] 19:44:12.270 File 'InsightProcessIdGenService.java' not found in project sources
[WARNING] 19:44:12.270 File 'IReferenceDataLookupDefinitionService.java' not found in project sources
[WARNING] 19:44:12.270 File 'InsightSequenceService.java' not found in project sources
[WARNING] 19:44:12.270 File 'WorkflowIdentifierConfiguration.java' not found in project sources
[WARNING] 19:44:12.270 File 'ProcessInstanceServiceImpl.java' not found in project sources
[WARNING] 19:44:12.270 File 'ReferenceDataServiceImpl.java' not found in project sources
[WARNING] 19:44:12.270 File 'TaskServiceImpl.java' not found in project sources
[WARNING] 19:44:12.270 File 'ContentStorageServiceImpl.java' not found in project sources
[WARNING] 19:44:12.270 File 'AESServiceImpl.java' not found in project sources
[WARNING] 19:44:12.270 File 'CommentServiceImpl.java' not found in project sources
[WARNING] 19:44:12.270 File 'ProcessInstanceVariableServiceImpl.java' not found in project sources
[WARNING] 19:44:12.270 File 'UserSynchronizationServiceImpl.java' not found in project sources
[WARNING] 19:44:12.270 File 'RelatedContentServiceImpl.java' not found in project sources
[WARNING] 19:44:12.270 File 'FormOptionSetServiceImpl.java' not found in project sources
[WARNING] 19:44:12.270 File 'UserInitializerServiceImpl.java' not found in project sources
[WARNING] 19:44:12.270 File 'ProcessInstanceQueryServiceImpl.java' not found in project sources
[WARNING] 19:44:12.270 File 'UserPreferencesServiceImpl.java' not found in project sources
[WARNING] 19:44:12.270 File 'FormFieldOptionServiceImpl.java' not found in project sources
[WARNING] 19:44:12.270 File 'ReferenceDataLookupDefinitionServiceImpl.java' not found in project sources
[WARNING] 19:44:12.270 File 'UserSyncCacheServiceImpl.java' not found in project sources
[WARNING] 19:44:12.270 File 'UserServiceImpl.java' not found in project sources
[WARNING] 19:44:12.270 File 'UserCacheImpl.java' not found in project sources
[WARNING] 19:44:12.270 File 'ArchiveFormDefinition.java' not found in project sources
[WARNING] 19:44:12.271 File 'PrivilegeServiceImpl.java' not found in project sources
[WARNING] 19:44:12.271 File 'FormServiceImpl.java' not found in project sources
[WARNING] 19:44:12.271 File 'TaskActionServiceImpl.java' not found in project sources
[WARNING] 19:44:12.271 File 'AcmInitializerServiceImpl.java' not found in project sources
[WARNING] 19:44:12.271 File 'RoleResourceServiceImpl.java' not found in project sources
[WARNING] 19:44:12.271 File 'AcmLoginTalk.java' not found in project sources
[WARNING] 19:44:12.271 File 'LoadAcmConfigurationServiceImpl.java' not found in project sources
[WARNING] 19:44:12.271 File 'FullTextFunctions.java' not found in project sources
[WARNING] 19:44:12.271 File 'SearchTxSynchronization.java' not found in project sources
[WARNING] 19:44:12.271 File 'SearchRefreshService.java' not found in project sources
[WARNING] 19:44:12.271 File 'SearchEventListener.java' not found in project sources
[WARNING] 19:44:12.271 File 'SearchWorkSet.java' not found in project sources
[WARNING] 19:44:12.271 File 'FieldConfigurationDto.java' not found in project sources
[WARNING] 19:44:12.271 File 'ModelServiceImpl.java' not found in project sources
[WARNING] 19:44:12.271 File 'FormAppArchiveService.java' not found in project sources
[WARNING] 19:44:12.271 File 'ModelRelationServiceImpl.java' not found in project sources
[WARNING] 19:44:12.271 File 'ArchiveFormResources.java' not found in project sources
[WARNING] 19:44:12.271 File 'KickstartArchive.java' not found in project sources
[WARNING] 19:44:12.271 File 'ModelHistoryServiceImpl.java' not found in project sources
[WARNING] 19:44:12.271 File 'AppArchiveServiceImpl.java' not found in project sources
[WARNING] 19:44:12.271 File 'AppDefinitionServiceImpl.java' not found in project sources
[WARNING] 19:44:12.271 File 'InsightProcessIdGenListener.java' not found in project sources
[WARNING] 19:44:12.271 File 'InsightSequenceListener.java' not found in project sources
[WARNING] 19:44:12.271 File 'VariableDeletedEventHandler.java' not found in project sources
[WARNING] 19:44:12.271 File 'TaskCreatedEventHandler.java' not found in project sources
[WARNING] 19:44:12.271 File 'VariableUpdatedEventHandler.java' not found in project sources
[WARNING] 19:44:12.271 File 'TaskAssignedEventHandler.java' not found in project sources
[WARNING] 19:44:12.271 File 'ProcessCompletedEventHandler.java' not found in project sources
[WARNING] 19:44:12.271 File 'InsightEventListener.java' not found in project sources
[WARNING] 19:44:12.271 File 'ProcessCompletedWithEscalationEndEventHandler.java' not found in project sources
[WARNING] 19:44:12.271 File 'TaskNameChangedEventHandler.java' not found in project sources
[WARNING] 19:44:12.271 File 'ProcessCreatedEventHandler.java' not found in project sources
[WARNING] 19:44:12.271 File 'TaskFormSavedEventHandler.java' not found in project sources
[WARNING] 19:44:12.271 File 'TaskDueDateChangedEventHandler.java' not found in project sources
[WARNING] 19:44:12.271 File 'CandidateGroupAddedEventHandler.java' not found in project sources
[WARNING] 19:44:12.271 File 'ProcessStartedEventHandler.java' not found in project sources
[WARNING] 19:44:12.271 File 'ProcessCompletedWithTerminateEndEventHandler.java' not found in project sources
[WARNING] 19:44:12.271 File 'TaskCompletedEventHandler.java' not found in project sources
[WARNING] 19:44:12.271 File 'ProcessCancelledEventHandler.java' not found in project sources
[WARNING] 19:44:12.271 File 'TaskDeletedEventHandler.java' not found in project sources
[WARNING] 19:44:12.271 File 'InsightEntityEvent.java' not found in project sources
[WARNING] 19:44:12.271 File 'EntityTaskDeletedEventHandler.java' not found in project sources
[WARNING] 19:44:12.271 File 'EntityHistoricProcessInstanceDeletedEventHandler.java' not found in project sources
[WARNING] 19:44:12.271 File 'AbstractInsightEventHandler.java' not found in project sources
[WARNING] 19:44:12.271 File 'UpdateStepEventHandler.java' not found in project sources
[WARNING] 19:44:12.271 File 'VariableCreatedEventHandler.java' not found in project sources
[WARNING] 19:44:12.271 File 'InsightEventType.java' not found in project sources
[WARNING] 19:44:12.271 File 'HistoricProcessInstanceDeletedEventHandler.java' not found in project sources
[WARNING] 19:44:12.271 File 'TaskOwnerChangedEventHandler.java' not found in project sources
[WARNING] 19:44:12.271 File 'UpdateSignatureEventHandler.java' not found in project sources
[WARNING] 19:44:12.271 File 'ProcessCompletedWithErrorEndEventHandler.java' not found in project sources
[WARNING] 19:44:12.271 File 'TaskPriorityChangedEventHandler.java' not found in project sources
[WARNING] 19:44:12.271 File 'ProcessDeletedEventHandler.java' not found in project sources
[WARNING] 19:44:12.271 File 'CriteriaQuerySupport.java' not found in project sources
[WARNING] 19:44:12.271 File 'ProcessDefinitionModelMapperImpl.java' not found in project sources
[WARNING] 19:44:12.271 File 'UserPreferencesMapperImpl.java' not found in project sources
[WARNING] 19:44:12.271 File 'FormOptionSetMapper.java' not found in project sources
[WARNING] 19:44:12.271 File 'GroupPrivilegeMapperImpl.java' not found in project sources
[WARNING] 19:44:12.271 File 'RelatedContentMapper.java' not found in project sources
[WARNING] 19:44:12.271 File 'ReferenceDataLookupDefinitionMapper.java' not found in project sources
[WARNING] 19:44:12.271 File 'GroupMapperImpl.java' not found in project sources
[WARNING] 19:44:12.271 File 'ProcessDefinitionModelHistoryMapperImpl.java' not found in project sources
[WARNING] 19:44:12.271 File 'ModelTypeCodec.java' not found in project sources
[WARNING] 19:44:12.271 File 'ProcessDefinitionModelRelationMapper.java' not found in project sources
[WARNING] 19:44:12.271 File 'FormFieldOptionMapper.java' not found in project sources
[WARNING] 19:44:12.271 File 'UserPreferencesMapper.java' not found in project sources
[WARNING] 19:44:12.271 File 'FormFieldOptionMapperImpl.java' not found in project sources
[WARNING] 19:44:12.271 File 'TaskMapperImpl.java' not found in project sources
[WARNING] 19:44:12.271 File 'ProcessDefinitionModelMapper.java' not found in project sources
[WARNING] 19:44:12.271 File 'GroupMapper.java' not found in project sources
[WARNING] 19:44:12.271 File 'GroupPrivilegeMapper.java' not found in project sources
[WARNING] 19:44:12.271 File 'TaskMapper.java' not found in project sources
[WARNING] 19:44:12.271 File 'UserMapperImpl.java' not found in project sources
[WARNING] 19:44:12.271 File 'FormOptionSetMapperImpl.java' not found in project sources
[WARNING] 19:44:12.271 File 'CommentMapper.java' not found in project sources
[WARNING] 19:44:12.271 File 'ProcessDefinitionModelRelationMapperImpl.java' not found in project sources
[WARNING] 19:44:12.271 File 'UserMapper.java' not found in project sources
[WARNING] 19:44:12.271 File 'ReferenceDataLookupDefinitionMapperImpl.java' not found in project sources
[WARNING] 19:44:12.271 File 'CommentMapperImpl.java' not found in project sources
[WARNING] 19:44:12.271 File 'RelatedContentMapperImpl.java' not found in project sources
[WARNING] 19:44:12.271 File 'ProcessDefinitionModelHistoryMapper.java' not found in project sources
[WARNING] 19:44:12.271 File 'InsightAppUser.java' not found in project sources
[WARNING] 19:44:12.271 File 'SecurityUtils.java' not found in project sources
[WARNING] 19:44:12.271 File 'RmqEventListenerImpl.java' not found in project sources
[WARNING] 19:44:12.271 File 'RmqServiceImpl.java' not found in project sources
[WARNING] 19:44:12.271 File 'RmqHealthCheckServiceImpl.java' not found in project sources
[INFO] 19:44:12.276 Sensor JaCoCo XML Report Importer [jacoco] (done) | time=25ms
[INFO] 19:44:12.276 Sensor IaC hadolint report Sensor [iac]
[INFO] 19:44:12.276 Sensor IaC hadolint report Sensor [iac] (done) | time=0ms
[INFO] 19:44:12.276 Sensor Java Config Sensor [iac]
[INFO] 19:44:12.313 There are no files to be analyzed for the Java language
[INFO] 19:44:12.314 Sensor Java Config Sensor [iac] (done) | time=37ms
[INFO] 19:44:12.314 Sensor IaC Docker Sensor [iac]
[INFO] 19:44:12.314 Sensor IaC Docker Sensor is restricted to changed files only
[INFO] 19:44:12.314 There are no files to be analyzed for the Docker language
[INFO] 19:44:12.314 Sensor IaC Docker Sensor [iac] (done) | time=0ms
[INFO] 19:44:12.314 Sensor IaC GitHub Actions Sensor [iac]
[INFO] 19:44:12.314 There are no files to be analyzed for the GitHub Actions language
[INFO] 19:44:12.314 Sensor IaC GitHub Actions Sensor [iac] (done) | time=0ms
[INFO] 19:44:12.314 Sensor IaC actionlint report Sensor [iac]
[INFO] 19:44:12.314 Sensor IaC actionlint report Sensor [iac] (done) | time=0ms
[INFO] 19:44:12.314 Sensor IaC Shell Sensor [iac]
[INFO] 19:44:12.314 There are no files to be analyzed for the Shell language
[INFO] 19:44:12.314 Sensor IaC Shell Sensor [iac] (done) | time=0ms
[INFO] 19:44:12.314 Sensor ThymeLeaf template sensor [securityjavafrontend]
[INFO] 19:44:12.314 Sensor ThymeLeaf template sensor [securityjavafrontend] (done) | time=0ms
[INFO] 19:44:12.314 Sensor JavaAndroidConfigurationSensor [securityjavafrontend]
[INFO] 19:44:12.314 Sensor JavaAndroidConfigurationSensor [securityjavafrontend] (done) | time=0ms
[INFO] 19:44:12.314 Sensor JavaModuleSecuritySensor [securityjavafrontend]
[INFO] 19:44:12.314 Sensor JavaModuleSecuritySensor [securityjavafrontend] (done) | time=0ms
[INFO] 19:44:12.314 Sensor SurefireSensor [java]
[INFO] 19:44:12.314 parsing [/home/jenkins/agent/workspace/rd_insight-server_PR-57/insight-api/target/surefire-reports]
[INFO] 19:44:12.316 Sensor SurefireSensor [java] (done) | time=1ms
[INFO] 19:44:12.316 Sensor XML Sensor [xml]
[INFO] 19:44:12.316 Sensor XML Sensor is restricted to changed files only
[INFO] 19:44:12.317 Sensor XML Sensor [xml] (done) | time=0ms
[INFO] 19:44:12.317 ------------- Run sensors on module Insight - Model
[INFO] 19:44:12.368 Sensor JavaSensor [java]
[INFO] 19:44:12.368 Configured Java source version (sonar.java.source): 21, preview features enabled (sonar.java.enablePreview): false
[INFO] 19:44:12.373 The Java analyzer is running in a context where unchanged files can be skipped. Full analysis is performed for changed files, optimized analysis for unchanged files.
[INFO] 19:44:12.460 Server-side caching is enabled. The Java analyzer was able to leverage cached data from previous analyses for 101 out of 101 files. These files will not be parsed.
[INFO] 19:44:12.460 No "Main" source files to scan.
[INFO] 19:44:12.467 No "Test" source files to scan.
[INFO] 19:44:12.467 No "Generated" source files to scan.
[INFO] 19:44:12.467 Sensor JavaSensor [java] (done) | time=99ms
[INFO] 19:44:12.467 Sensor JaCoCo XML Report Importer [jacoco]
[INFO] 19:44:12.467 Importing 1 report(s). Turn your logs in debug mode in order to see the exhaustive list.
[WARNING] 19:44:12.526 File 'AcmProperties.java' not found in project sources
[WARNING] 19:44:12.527 File 'PdfProperties.java' not found in project sources
[WARNING] 19:44:12.527 File 'UserProperties.java' not found in project sources
[WARNING] 19:44:12.527 File 'SecurityProperties.java' not found in project sources
[WARNING] 19:44:12.527 File 'RmqProperties.java' not found in project sources
[WARNING] 19:44:12.527 File 'ExportConfig.java' not found in project sources
[WARNING] 19:44:12.527 File 'TableConfig.java' not found in project sources
[WARNING] 19:44:12.527 File 'ClientProperties.java' not found in project sources
[WARNING] 19:44:12.527 File 'ColumnConfig.java' not found in project sources
[WARNING] 19:44:12.527 File 'S3ApplicationProperties.java' not found in project sources
[WARNING] 19:44:12.527 File 'CookieProperties.java' not found in project sources
[WARNING] 19:44:12.527 File 'StorageClientConfig.java' not found in project sources
[WARNING] 19:44:12.527 File 'HttpClientConfig.java' not found in project sources
[WARNING] 19:44:12.527 File 'DynamicRmqConfig.java' not found in project sources
[WARNING] 19:44:12.527 File 'DatabaseConfiguration.java' not found in project sources
[WARNING] 19:44:12.527 File 'FlowableConfig.java' not found in project sources
[WARNING] 19:44:12.527 File 'RestControllerPathLogger.java' not found in project sources
[WARNING] 19:44:12.527 File 'JacksonConfig.java' not found in project sources
[WARNING] 19:44:12.527 File 'CacheConfiguration.java' not found in project sources
[WARNING] 19:44:12.527 File 'LegacyInitiatorAssignmentParseHandler.java' not found in project sources
[WARNING] 19:44:12.527 File 'DataSourceBuilder.java' not found in project sources
[WARNING] 19:44:12.527 File 'JwtAuthenticationFilter.java' not found in project sources
[WARNING] 19:44:12.527 File 'SecurityConfig.java' not found in project sources
[WARNING] 19:44:12.527 File 'SpringSecurityAuthenticationContext.java' not found in project sources
[WARNING] 19:44:12.527 File 'WorkflowIdentifierLockEntity_.java' not found in project sources
[WARNING] 19:44:12.527 File 'ReferenceDataLookupEntity.java' not found in project sources
[WARNING] 19:44:12.527 File 'UserEntity_.java' not found in project sources
[WARNING] 19:44:12.527 File 'AbstractTaskInfoEntity_.java' not found in project sources
[WARNING] 19:44:12.527 File 'InsightSequenceEntity_.java' not found in project sources
[WARNING] 19:44:12.527 File 'GroupEntity.java' not found in project sources
[WARNING] 19:44:12.527 File 'HistoricProcessInstanceEntity.java' not found in project sources
[WARNING] 19:44:12.527 File 'TaskEntity_.java' not found in project sources
[WARNING] 19:44:12.527 File 'ArchivePublicationLockEntity_.java' not found in project sources
[WARNING] 19:44:12.527 File 'UserPreferencesEntity.java' not found in project sources
[WARNING] 19:44:12.527 File 'InsightProcessIdEntity.java' not found in project sources
[WARNING] 19:44:12.527 File 'ReferenceDataLookupKeyEntity.java' not found in project sources
[WARNING] 19:44:12.527 File 'ProcessDefinitionModelHistoryEntity.java' not found in project sources
[WARNING] 19:44:12.527 File 'AbstractAuditEntity.java' not found in project sources
[WARNING] 19:44:12.527 File 'TaskSearchEntity_.java' not found in project sources
[WARNING] 19:44:12.527 File 'ProcessDefinitionEntity_.java' not found in project sources
[WARNING] 19:44:12.527 File 'GroupPrivilegeEntity.java' not found in project sources
[WARNING] 19:44:12.527 File 'RelatedContentEntity_.java' not found in project sources
[WARNING] 19:44:12.527 File 'DeploymentEntity.java' not found in project sources
[WARNING] 19:44:12.527 File 'CommentEntity.java' not found in project sources
[WARNING] 19:44:12.527 File 'ReferenceDataLookupEntity_.java' not found in project sources
[WARNING] 19:44:12.527 File 'TaskEntity.java' not found in project sources
[WARNING] 19:44:12.527 File 'ReferenceDataLookupValueEntity.java' not found in project sources
[WARNING] 19:44:12.527 File 'HistoricProcessInstanceEntity_.java' not found in project sources
[WARNING] 19:44:12.527 File 'RuntimeExecutionEntity_.java' not found in project sources
[WARNING] 19:44:12.527 File 'HistoricIdentityLinkEntity_.java' not found in project sources
[WARNING] 19:44:12.527 File 'ProcessDefinitionEntity.java' not found in project sources
[WARNING] 19:44:12.527 File 'EventSyncEntity.java' not found in project sources
[WARNING] 19:44:12.527 File 'AbstractAuditEntity_.java' not found in project sources
[WARNING] 19:44:12.527 File 'UserEntity.java' not found in project sources
[WARNING] 19:44:12.527 File 'ProcessDefinitionModelHistoryEntity_.java' not found in project sources
[WARNING] 19:44:12.527 File 'ReferenceDataLookupKeyEntity_.java' not found in project sources
[WARNING] 19:44:12.527 File 'HistoricTaskEntity.java' not found in project sources
[WARNING] 19:44:12.527 File 'UserGroupEntity.java' not found in project sources
[WARNING] 19:44:12.527 File 'InsightSequenceEntity.java' not found in project sources
[WARNING] 19:44:12.527 File 'RuntimeIdentityLinkEntity.java' not found in project sources
[WARNING] 19:44:12.527 File 'FormFieldOptionEntity.java' not found in project sources
[WARNING] 19:44:12.527 File 'ProcessSearchEntity_.java' not found in project sources
[WARNING] 19:44:12.527 File 'FormFieldOptionEntity_.java' not found in project sources
[WARNING] 19:44:12.527 File 'ProcessDefinitionModelEntity_.java' not found in project sources
[WARNING] 19:44:12.527 File 'AppDeploymentEntity_.java' not found in project sources
[WARNING] 19:44:12.527 File 'AppDeploymentEntity.java' not found in project sources
[WARNING] 19:44:12.527 File 'HistoricVariableInstanceEntity.java' not found in project sources
[WARNING] 19:44:12.527 File 'HistoricIdentityLinkEntity.java' not found in project sources
[WARNING] 19:44:12.527 File 'AbstractTaskInfoEntity.java' not found in project sources
[WARNING] 19:44:12.527 File 'ReferenceDataLookupValueEntity_.java' not found in project sources
[WARNING] 19:44:12.527 File 'UserGroupEntity_.java' not found in project sources
[WARNING] 19:44:12.527 File 'RuntimeIdentityLinkEntity_.java' not found in project sources
[WARNING] 19:44:12.527 File 'GroupEntity_.java' not found in project sources
[WARNING] 19:44:12.527 File 'GroupPrivilegeEntity_.java' not found in project sources
[WARNING] 19:44:12.527 File 'EventSyncEntity_.java' not found in project sources
[WARNING] 19:44:12.527 File 'ProcessDefinitionModelRelationEntity_.java' not found in project sources
[WARNING] 19:44:12.527 File 'ProcessSearchEntity.java' not found in project sources
[WARNING] 19:44:12.527 File 'FormOptionSetEntity_.java' not found in project sources
[WARNING] 19:44:12.527 File 'ProcessDefinitionModelRelationEntity.java' not found in project sources
[WARNING] 19:44:12.527 File 'RelatedContentEntity.java' not found in project sources
[WARNING] 19:44:12.527 File 'HistoricVariableInstanceEntity_.java' not found in project sources
[WARNING] 19:44:12.527 File 'ProcessDefinitionModelEntity.java' not found in project sources
[WARNING] 19:44:12.527 File 'WorkflowIdentifierLockEntity.java' not found in project sources
[WARNING] 19:44:12.527 File 'FormOptionSetEntity.java' not found in project sources
[WARNING] 19:44:12.527 File 'RuntimeExecutionEntity.java' not found in project sources
[WARNING] 19:44:12.527 File 'UserPreferencesEntity_.java' not found in project sources
[WARNING] 19:44:12.527 File 'ReferenceDataLookupDefinitionEntity.java' not found in project sources
[WARNING] 19:44:12.527 File 'DeploymentEntity_.java' not found in project sources
[WARNING] 19:44:12.527 File 'HistoricTaskEntity_.java' not found in project sources
[WARNING] 19:44:12.527 File 'TaskSearchEntity.java' not found in project sources
[WARNING] 19:44:12.527 File 'CommentEntity_.java' not found in project sources
[WARNING] 19:44:12.527 File 'ReferenceDataLookupDefinitionEntity_.java' not found in project sources
[WARNING] 19:44:12.527 File 'ArchivePublicationLockEntity.java' not found in project sources
[WARNING] 19:44:12.527 File 'InsightProcessIdEntity_.java' not found in project sources
[WARNING] 19:44:12.527 File 'ReferenceDataLookupRepositoryCustom.java' not found in project sources
[WARNING] 19:44:12.527 File 'ProcessDefinitionModelRepository.java' not found in project sources
[WARNING] 19:44:12.527 File 'RuntimeExecutionRepository.java' not found in project sources
[WARNING] 19:44:12.527 File 'AppDeploymentRepository.java' not found in project sources
[WARNING] 19:44:12.527 File 'ProcessDefinitionModelHistoryRepository.java' not found in project sources
[WARNING] 19:44:12.527 File 'UserGroupRepository.java' not found in project sources
[WARNING] 19:44:12.527 File 'GroupRepository.java' not found in project sources
[WARNING] 19:44:12.527 File 'InsightProcessIdRepository.java' not found in project sources
[WARNING] 19:44:12.527 File 'ReferenceDataLookupDefinitionRepository.java' not found in project sources
[WARNING] 19:44:12.527 File 'TaskSearchRepository.java' not found in project sources
[WARNING] 19:44:12.527 File 'FormFieldOptionRepository.java' not found in project sources
[WARNING] 19:44:12.527 File 'FormOptionSetRepository.java' not found in project sources
[WARNING] 19:44:12.527 File 'TaskRepository.java' not found in project sources
[WARNING] 19:44:12.527 File 'HistoricVariableInstanceRepository.java' not found in project sources
[WARNING] 19:44:12.527 File 'EventSyncRepository.java' not found in project sources
[WARNING] 19:44:12.527 File 'ProcessSearchRepository.java' not found in project sources
[WARNING] 19:44:12.527 File 'ArchivePublicationLockRepository.java' not found in project sources
[WARNING] 19:44:12.527 File 'DeploymentRepository.java' not found in project sources
[WARNING] 19:44:12.527 File 'UserPreferencesRepository.java' not found in project sources
[WARNING] 19:44:12.527 File 'HistoricProcessInstanceRepository.java' not found in project sources
[WARNING] 19:44:12.527 File 'CommentRepository.java' not found in project sources
[WARNING] 19:44:12.527 File 'InsightSequenceRepository.java' not found in project sources
[WARNING] 19:44:12.527 File 'RelatedContentRepository.java' not found in project sources
[WARNING] 19:44:12.527 File 'HistoricTaskRepository.java' not found in project sources
[WARNING] 19:44:12.527 File 'ReferenceDataLookupRepository.java' not found in project sources
[WARNING] 19:44:12.527 File 'ReferenceDataLookupRepositoryImpl.java' not found in project sources
[WARNING] 19:44:12.527 File 'WorkflowIdentifierLockRepository.java' not found in project sources
[WARNING] 19:44:12.527 File 'GroupPrivilegeRepository.java' not found in project sources
[WARNING] 19:44:12.527 File 'ProcessDefinitionRepository.java' not found in project sources
[WARNING] 19:44:12.527 File 'UserRepository.java' not found in project sources
[WARNING] 19:44:12.527 File 'ProcessDefinitionModelRelationRepository.java' not found in project sources
[WARNING] 19:44:12.527 File 'TaskInfoQueryWrapper.java' not found in project sources
[WARNING] 19:44:12.531 File 'UserController.java' not found in project sources
[WARNING] 19:44:12.531 File 'GroupController.java' not found in project sources
[WARNING] 19:44:12.531 File 'PrivilegeController.java' not found in project sources
[WARNING] 19:44:12.531 File 'AppController.java' not found in project sources
[WARNING] 19:44:12.531 File 'ProcessDefinitionController.java' not found in project sources
[WARNING] 19:44:12.531 File 'ExternalLoginController.java' not found in project sources
[WARNING] 19:44:12.531 File 'ModelController.java' not found in project sources
[WARNING] 19:44:12.531 File 'AppDefinitionController.java' not found in project sources
[WARNING] 19:44:12.531 File 'FormController.java' not found in project sources
[WARNING] 19:44:12.531 File 'FormOptionSetController.java' not found in project sources
[WARNING] 19:44:12.531 File 'FormFieldOptionController.java' not found in project sources
[WARNING] 19:44:12.531 File 'ReferenceDataController.java' not found in project sources
[WARNING] 19:44:12.531 File 'RestExceptionHandlerAdvice.java' not found in project sources
[WARNING] 19:44:12.531 File 'ProcessInstanceController.java' not found in project sources
[WARNING] 19:44:12.531 File 'CommentController.java' not found in project sources
[WARNING] 19:44:12.531 File 'UserPreferencesController.java' not found in project sources
[WARNING] 19:44:12.531 File 'ProcessDefinitionsController.java' not found in project sources
[WARNING] 19:44:12.531 File 'ProcessInstanceVariableController.java' not found in project sources
[WARNING] 19:44:12.531 File 'TaskQueryController.java' not found in project sources
[WARNING] 19:44:12.531 File 'TaskActionController.java' not found in project sources
[WARNING] 19:44:12.531 File 'RelatedContentController.java' not found in project sources
[WARNING] 19:44:12.531 File 'ProcessInstanceQueryController.java' not found in project sources
[WARNING] 19:44:12.531 File 'TaskController.java' not found in project sources
[WARNING] 19:44:12.531 File 'DateRestVariableConverter.java' not found in project sources
[WARNING] 19:44:12.531 File 'DoubleRestVariableConverter.java' not found in project sources
[WARNING] 19:44:12.531 File 'LongRestVariableConverter.java' not found in project sources
[WARNING] 19:44:12.531 File 'RestVariableConverter.java' not found in project sources
[WARNING] 19:44:12.531 File 'IntegerRestVariableConverter.java' not found in project sources
[WARNING] 19:44:12.531 File 'StringRestVariableConverter.java' not found in project sources
[WARNING] 19:44:12.531 File 'ShortRestVariableConverter.java' not found in project sources
[WARNING] 19:44:12.531 File 'BooleanRestVariableConverter.java' not found in project sources
[WARNING] 19:44:12.531 File 'AppServiceImpl.java' not found in project sources
[WARNING] 19:44:12.531 File 'RestVariableFactory.java' not found in project sources
[WARNING] 19:44:12.531 File 'ProcessDefinitionServiceImpl.java' not found in project sources
[WARNING] 19:44:12.531 File 'AuthServiceImpl.java' not found in project sources
[WARNING] 19:44:12.532 File 'TaskQueryServiceImpl.java' not found in project sources
[WARNING] 19:44:12.532 File 'GroupServiceImpl.java' not found in project sources
[WARNING] 19:44:12.532 File 'InsightProcessIdGenService.java' not found in project sources
[WARNING] 19:44:12.532 File 'IReferenceDataLookupDefinitionService.java' not found in project sources
[WARNING] 19:44:12.532 File 'InsightSequenceService.java' not found in project sources
[WARNING] 19:44:12.532 File 'WorkflowIdentifierConfiguration.java' not found in project sources
[WARNING] 19:44:12.532 File 'ProcessInstanceServiceImpl.java' not found in project sources
[WARNING] 19:44:12.532 File 'ReferenceDataServiceImpl.java' not found in project sources
[WARNING] 19:44:12.532 File 'TaskServiceImpl.java' not found in project sources
[WARNING] 19:44:12.532 File 'ContentStorageServiceImpl.java' not found in project sources
[WARNING] 19:44:12.532 File 'AESServiceImpl.java' not found in project sources
[WARNING] 19:44:12.532 File 'CommentServiceImpl.java' not found in project sources
[WARNING] 19:44:12.532 File 'ProcessInstanceVariableServiceImpl.java' not found in project sources
[WARNING] 19:44:12.532 File 'UserSynchronizationServiceImpl.java' not found in project sources
[WARNING] 19:44:12.532 File 'RelatedContentServiceImpl.java' not found in project sources
[WARNING] 19:44:12.532 File 'FormOptionSetServiceImpl.java' not found in project sources
[WARNING] 19:44:12.532 File 'UserInitializerServiceImpl.java' not found in project sources
[WARNING] 19:44:12.532 File 'ProcessInstanceQueryServiceImpl.java' not found in project sources
[WARNING] 19:44:12.532 File 'UserPreferencesServiceImpl.java' not found in project sources
[WARNING] 19:44:12.532 File 'FormFieldOptionServiceImpl.java' not found in project sources
[WARNING] 19:44:12.532 File 'ReferenceDataLookupDefinitionServiceImpl.java' not found in project sources
[WARNING] 19:44:12.532 File 'UserSyncCacheServiceImpl.java' not found in project sources
[WARNING] 19:44:12.532 File 'UserServiceImpl.java' not found in project sources
[WARNING] 19:44:12.532 File 'UserCacheImpl.java' not found in project sources
[WARNING] 19:44:12.532 File 'ArchiveFormDefinition.java' not found in project sources
[WARNING] 19:44:12.532 File 'PrivilegeServiceImpl.java' not found in project sources
[WARNING] 19:44:12.532 File 'FormServiceImpl.java' not found in project sources
[WARNING] 19:44:12.532 File 'TaskActionServiceImpl.java' not found in project sources
[WARNING] 19:44:12.532 File 'AcmInitializerServiceImpl.java' not found in project sources
[WARNING] 19:44:12.532 File 'RoleResourceServiceImpl.java' not found in project sources
[WARNING] 19:44:12.532 File 'AcmLoginTalk.java' not found in project sources
[WARNING] 19:44:12.532 File 'LoadAcmConfigurationServiceImpl.java' not found in project sources
[WARNING] 19:44:12.532 File 'FullTextFunctions.java' not found in project sources
[WARNING] 19:44:12.532 File 'SearchTxSynchronization.java' not found in project sources
[WARNING] 19:44:12.532 File 'SearchRefreshService.java' not found in project sources
[WARNING] 19:44:12.532 File 'SearchEventListener.java' not found in project sources
[WARNING] 19:44:12.532 File 'SearchWorkSet.java' not found in project sources
[WARNING] 19:44:12.532 File 'FieldConfigurationDto.java' not found in project sources
[WARNING] 19:44:12.532 File 'ModelServiceImpl.java' not found in project sources
[WARNING] 19:44:12.532 File 'FormAppArchiveService.java' not found in project sources
[WARNING] 19:44:12.532 File 'ModelRelationServiceImpl.java' not found in project sources
[WARNING] 19:44:12.532 File 'ArchiveFormResources.java' not found in project sources
[WARNING] 19:44:12.532 File 'KickstartArchive.java' not found in project sources
[WARNING] 19:44:12.532 File 'ModelHistoryServiceImpl.java' not found in project sources
[WARNING] 19:44:12.532 File 'AppArchiveServiceImpl.java' not found in project sources
[WARNING] 19:44:12.532 File 'AppDefinitionServiceImpl.java' not found in project sources
[WARNING] 19:44:12.532 File 'InsightProcessIdGenListener.java' not found in project sources
[WARNING] 19:44:12.532 File 'InsightSequenceListener.java' not found in project sources
[WARNING] 19:44:12.532 File 'VariableDeletedEventHandler.java' not found in project sources
[WARNING] 19:44:12.532 File 'TaskCreatedEventHandler.java' not found in project sources
[WARNING] 19:44:12.532 File 'VariableUpdatedEventHandler.java' not found in project sources
[WARNING] 19:44:12.532 File 'TaskAssignedEventHandler.java' not found in project sources
[WARNING] 19:44:12.532 File 'ProcessCompletedEventHandler.java' not found in project sources
[WARNING] 19:44:12.532 File 'InsightEventListener.java' not found in project sources
[WARNING] 19:44:12.532 File 'ProcessCompletedWithEscalationEndEventHandler.java' not found in project sources
[WARNING] 19:44:12.532 File 'TaskNameChangedEventHandler.java' not found in project sources
[WARNING] 19:44:12.532 File 'ProcessCreatedEventHandler.java' not found in project sources
[WARNING] 19:44:12.532 File 'TaskFormSavedEventHandler.java' not found in project sources
[WARNING] 19:44:12.532 File 'TaskDueDateChangedEventHandler.java' not found in project sources
[WARNING] 19:44:12.532 File 'CandidateGroupAddedEventHandler.java' not found in project sources
[WARNING] 19:44:12.532 File 'ProcessStartedEventHandler.java' not found in project sources
[WARNING] 19:44:12.532 File 'ProcessCompletedWithTerminateEndEventHandler.java' not found in project sources
[WARNING] 19:44:12.532 File 'TaskCompletedEventHandler.java' not found in project sources
[WARNING] 19:44:12.532 File 'ProcessCancelledEventHandler.java' not found in project sources
[WARNING] 19:44:12.532 File 'TaskDeletedEventHandler.java' not found in project sources
[WARNING] 19:44:12.532 File 'InsightEntityEvent.java' not found in project sources
[WARNING] 19:44:12.532 File 'EntityTaskDeletedEventHandler.java' not found in project sources
[WARNING] 19:44:12.532 File 'EntityHistoricProcessInstanceDeletedEventHandler.java' not found in project sources
[WARNING] 19:44:12.532 File 'AbstractInsightEventHandler.java' not found in project sources
[WARNING] 19:44:12.532 File 'UpdateStepEventHandler.java' not found in project sources
[WARNING] 19:44:12.532 File 'VariableCreatedEventHandler.java' not found in project sources
[WARNING] 19:44:12.532 File 'InsightEventType.java' not found in project sources
[WARNING] 19:44:12.532 File 'HistoricProcessInstanceDeletedEventHandler.java' not found in project sources
[WARNING] 19:44:12.532 File 'TaskOwnerChangedEventHandler.java' not found in project sources
[WARNING] 19:44:12.532 File 'UpdateSignatureEventHandler.java' not found in project sources
[WARNING] 19:44:12.532 File 'ProcessCompletedWithErrorEndEventHandler.java' not found in project sources
[WARNING] 19:44:12.532 File 'TaskPriorityChangedEventHandler.java' not found in project sources
[WARNING] 19:44:12.532 File 'ProcessDeletedEventHandler.java' not found in project sources
[WARNING] 19:44:12.532 File 'CriteriaQuerySupport.java' not found in project sources
[WARNING] 19:44:12.532 File 'ProcessDefinitionModelMapperImpl.java' not found in project sources
[WARNING] 19:44:12.532 File 'UserPreferencesMapperImpl.java' not found in project sources
[WARNING] 19:44:12.532 File 'FormOptionSetMapper.java' not found in project sources
[WARNING] 19:44:12.532 File 'GroupPrivilegeMapperImpl.java' not found in project sources
[WARNING] 19:44:12.532 File 'RelatedContentMapper.java' not found in project sources
[WARNING] 19:44:12.532 File 'ReferenceDataLookupDefinitionMapper.java' not found in project sources
[WARNING] 19:44:12.532 File 'GroupMapperImpl.java' not found in project sources
[WARNING] 19:44:12.532 File 'ProcessDefinitionModelHistoryMapperImpl.java' not found in project sources
[WARNING] 19:44:12.532 File 'ModelTypeCodec.java' not found in project sources
[WARNING] 19:44:12.532 File 'ProcessDefinitionModelRelationMapper.java' not found in project sources
[WARNING] 19:44:12.532 File 'FormFieldOptionMapper.java' not found in project sources
[WARNING] 19:44:12.532 File 'UserPreferencesMapper.java' not found in project sources
[WARNING] 19:44:12.532 File 'FormFieldOptionMapperImpl.java' not found in project sources
[WARNING] 19:44:12.532 File 'TaskMapperImpl.java' not found in project sources
[WARNING] 19:44:12.532 File 'ProcessDefinitionModelMapper.java' not found in project sources
[WARNING] 19:44:12.532 File 'GroupMapper.java' not found in project sources
[WARNING] 19:44:12.532 File 'GroupPrivilegeMapper.java' not found in project sources
[WARNING] 19:44:12.532 File 'TaskMapper.java' not found in project sources
[WARNING] 19:44:12.532 File 'UserMapperImpl.java' not found in project sources
[WARNING] 19:44:12.532 File 'FormOptionSetMapperImpl.java' not found in project sources
[WARNING] 19:44:12.532 File 'CommentMapper.java' not found in project sources
[WARNING] 19:44:12.532 File 'ProcessDefinitionModelRelationMapperImpl.java' not found in project sources
[WARNING] 19:44:12.532 File 'UserMapper.java' not found in project sources
[WARNING] 19:44:12.532 File 'ReferenceDataLookupDefinitionMapperImpl.java' not found in project sources
[WARNING] 19:44:12.532 File 'CommentMapperImpl.java' not found in project sources
[WARNING] 19:44:12.532 File 'RelatedContentMapperImpl.java' not found in project sources
[WARNING] 19:44:12.532 File 'ProcessDefinitionModelHistoryMapper.java' not found in project sources
[WARNING] 19:44:12.532 File 'InsightAppUser.java' not found in project sources
[WARNING] 19:44:12.532 File 'SecurityUtils.java' not found in project sources
[WARNING] 19:44:12.532 File 'RmqEventListenerImpl.java' not found in project sources
[WARNING] 19:44:12.532 File 'RmqServiceImpl.java' not found in project sources
[WARNING] 19:44:12.532 File 'RmqHealthCheckServiceImpl.java' not found in project sources
[WARNING] 19:44:12.532 File 'ICommentRequest.java' not found in project sources
[WARNING] 19:44:12.532 File 'IIdentityLinkRequest.java' not found in project sources
[WARNING] 19:44:12.532 File 'ISavedSearchRequest.java' not found in project sources
[WARNING] 19:44:12.532 File 'IUserIdentityRequest.java' not found in project sources
[WARNING] 19:44:12.532 File 'IAddGroupPrivilegesRequest.java' not found in project sources
[WARNING] 19:44:12.532 File 'IUpdateProcessDefinitionModelRequest.java' not found in project sources
[WARNING] 19:44:12.532 File 'IUserActionRequest.java' not found in project sources
[WARNING] 19:44:12.532 File 'IAttachmentRequest.java' not found in project sources
[WARNING] 19:44:12.532 File 'IFormSubmitRequest.java' not found in project sources
[WARNING] 19:44:12.532 File 'IMembershipRequest.java' not found in project sources
[WARNING] 19:44:12.532 File 'ICreateUserRequest.java' not found in project sources
[WARNING] 19:44:12.532 File 'IProcessVariableRequest.java' not found in project sources
[WARNING] 19:44:12.532 File 'ICreateProcessDefinitionModelRequest.java' not found in project sources
[WARNING] 19:44:12.532 File 'IUserSearchRequest.java' not found in project sources
[WARNING] 19:44:12.532 File 'IProcessInstanceStateRequest.java' not found in project sources
[WARNING] 19:44:12.532 File 'IProcessInstanceStartRequest.java' not found in project sources
[WARNING] 19:44:12.532 File 'IProcessDefinitionActionRequest.java' not found in project sources
[WARNING] 19:44:12.532 File 'IUpdateAppDefinitionDraftRequest.java' not found in project sources
[WARNING] 19:44:12.532 File 'IUpdateGroupRequest.java' not found in project sources
[WARNING] 19:44:12.532 File 'IUserInfoRequest.java' not found in project sources
[WARNING] 19:44:12.532 File 'ITaskActionRequest.java' not found in project sources
[WARNING] 19:44:12.532 File 'IGroupRequest.java' not found in project sources
[WARNING] 19:44:12.532 File 'IUserRequest.java' not found in project sources
[WARNING] 19:44:12.532 File 'ITaskRequest.java' not found in project sources
[WARNING] 19:44:12.532 File 'IGroupSearchRequest.java' not found in project sources
[WARNING] 19:44:12.532 File 'IProcessInstanceSearchRequest.java' not found in project sources
[WARNING] 19:44:12.532 File 'IUserPictureRequest.java' not found in project sources
[WARNING] 19:44:12.532 File 'ITaskSearchRequest.java' not found in project sources
[WARNING] 19:44:12.532 File 'ICreateAppDefinitionDraftRequest.java' not found in project sources
[WARNING] 19:44:12.532 File 'InsightUserDetails.java' not found in project sources
[WARNING] 19:44:12.532 File 'FullTextSearchableString.java' not found in project sources
[WARNING] 19:44:12.532 File 'FullTextSearchGenerator.java' not found in project sources
[WARNING] 19:44:12.532 File 'SearchType.java' not found in project sources
[WARNING] 19:44:12.532 File 'AccountType.java' not found in project sources
[WARNING] 19:44:12.532 File 'QueueType.java' not found in project sources
[WARNING] 19:44:12.532 File 'GroupType.java' not found in project sources
[WARNING] 19:44:12.532 File 'DisplayValueEnum.java' not found in project sources
[WARNING] 19:44:12.532 File 'UserAccountType.java' not found in project sources
[WARNING] 19:44:12.532 File 'LightUserDto.java' not found in project sources
[WARNING] 19:44:12.532 File 'AbstractUserDto.java' not found in project sources
[WARNING] 19:44:12.532 File 'FullTextSearchGeneratorPostgresImpl.java' not found in project sources
[WARNING] 19:44:12.532 File 'IProcessInstanceQuery.java' not found in project sources
[WARNING] 19:44:12.532 File 'IGroupQueryRequest.java' not found in project sources
[WARNING] 19:44:12.532 File 'ITaskFilterRequest.java' not found in project sources
[WARNING] 19:44:12.532 File 'IProcessInstanceFilterRequest.java' not found in project sources
[WARNING] 19:44:12.532 File 'ITaskQueryRequest.java' not found in project sources
[WARNING] 19:44:12.532 File 'IUserQueryRequest.java' not found in project sources
[WARNING] 19:44:12.532 File 'IProcessDefinitionModelQueryRequest.java' not found in project sources
[WARNING] 19:44:12.532 File 'IPagedRequest.java' not found in project sources
[WARNING] 19:44:12.532 File 'ProcessState.java' not found in project sources
[WARNING] 19:44:12.532 File 'TaskPriority.java' not found in project sources
[WARNING] 19:44:12.532 File 'ProcessSort.java' not found in project sources
[WARNING] 19:44:12.532 File 'ModelType.java' not found in project sources
[WARNING] 19:44:12.532 File 'RestVariableScope.java' not found in project sources
[WARNING] 19:44:12.532 File 'ModelRelationType.java' not found in project sources
[WARNING] 19:44:12.532 File 'UserSort.java' not found in project sources
[WARNING] 19:44:12.532 File 'GroupSort.java' not found in project sources
[WARNING] 19:44:12.532 File 'TaskSort.java' not found in project sources
[WARNING] 19:44:12.532 File 'ProcessModelSort.java' not found in project sources
[WARNING] 19:44:12.532 File 'FtsWeight.java' not found in project sources
[WARNING] 19:44:12.532 File 'NotFoundException.java' not found in project sources
[WARNING] 19:44:12.532 File 'AuthenticationException.java' not found in project sources
[WARNING] 19:44:12.532 File 'AuthorizationException.java' not found in project sources
[WARNING] 19:44:12.532 File 'EncryptionException.java' not found in project sources
[WARNING] 19:44:12.532 File 'IllegalArgumentException.java' not found in project sources
[WARNING] 19:44:12.532 File 'ConflictRequestException.java' not found in project sources
[WARNING] 19:44:12.532 File 'BaseRestException.java' not found in project sources
[WARNING] 19:44:12.532 File 'BadRequestException.java' not found in project sources
[WARNING] 19:44:12.532 File 'IntegrationException.java' not found in project sources
[WARNING] 19:44:12.532 File 'ContentStorageException.java' not found in project sources
[WARNING] 19:44:12.532 File 'InternalServerErrorException.java' not found in project sources
[WARNING] 19:44:12.532 File 'ErrorInfo.java' not found in project sources
[WARNING] 19:44:12.532 File 'ModelHistoryService.java' not found in project sources
[WARNING] 19:44:12.532 File 'ModelService.java' not found in project sources
[WARNING] 19:44:12.532 File 'AppArchiveService.java' not found in project sources
[WARNING] 19:44:12.532 File 'ModelRelationService.java' not found in project sources
[WARNING] 19:44:12.532 File 'AppDefinitionService.java' not found in project sources
[WARNING] 19:44:12.533 File 'ChecksumUtil.java' not found in project sources
[WARNING] 19:44:12.533 File 'ThreadLocalContext.java' not found in project sources
[WARNING] 19:44:12.533 File 'AcmUtils.java' not found in project sources
[WARNING] 19:44:12.533 File 'Const.java' not found in project sources
[WARNING] 19:44:12.533 File 'Utils.java' not found in project sources
[WARNING] 19:44:12.533 File 'ServerTalk.java' not found in project sources
[WARNING] 19:44:12.533 File 'ReferenceDataLookupDto.java' not found in project sources
[WARNING] 19:44:12.533 File 'IPermissionRep.java' not found in project sources
[WARNING] 19:44:12.533 File 'IGroupPrivilegeDto.java' not found in project sources
[WARNING] 19:44:12.533 File 'IUserPreferencesDto.java' not found in project sources
[WARNING] 19:44:12.533 File 'IGroupDto.java' not found in project sources
[WARNING] 19:44:12.533 File 'ReferenceDataLookupValueDto.java' not found in project sources
[WARNING] 19:44:12.533 File 'IUserGroupDto.java' not found in project sources
[WARNING] 19:44:12.533 File 'IUserDto.java' not found in project sources
[WARNING] 19:44:12.533 File 'IFormOptionSetDto.java' not found in project sources
[WARNING] 19:44:12.533 File 'IFormFieldOptionDto.java' not found in project sources
[WARNING] 19:44:12.533 File 'SearchRequest.java' not found in project sources
[WARNING] 19:44:12.533 File 'IAcmUserGroupRep.java' not found in project sources
[WARNING] 19:44:12.533 File 'IAcmConfigurationRep.java' not found in project sources
[WARNING] 19:44:12.533 File 'ReferenceDataLookupKeyDto.java' not found in project sources
[WARNING] 19:44:12.533 File 'IRelatedContentDto.java' not found in project sources
[WARNING] 19:44:12.533 File 'ReferenceDataLookupDefinitionDto.java' not found in project sources
[WARNING] 19:44:12.533 File 'RmqEventPublisher.java' not found in project sources
[WARNING] 19:44:12.533 File 'RmqHealthCheckService.java' not found in project sources
[WARNING] 19:44:12.533 File 'RmqEventListener.java' not found in project sources
[WARNING] 19:44:12.533 File 'RmqService.java' not found in project sources
[WARNING] 19:44:12.533 File 'IReferenceDataLookupValueDto.java' not found in project sources
[WARNING] 19:44:12.533 File 'IReferenceDataLookupKeyDto.java' not found in project sources
[WARNING] 19:44:12.533 File 'FormService.java' not found in project sources
[WARNING] 19:44:12.533 File 'UserSyncCacheService.java' not found in project sources
[WARNING] 19:44:12.533 File 'CommentService.java' not found in project sources
[WARNING] 19:44:12.533 File 'FormOptionSetService.java' not found in project sources
[WARNING] 19:44:12.533 File 'TaskService.java' not found in project sources
[WARNING] 19:44:12.533 File 'LoadAcmConfigurationService.java' not found in project sources
[WARNING] 19:44:12.533 File 'FormFieldOptionService.java' not found in project sources
[WARNING] 19:44:12.533 File 'TaskQueryService.java' not found in project sources
[WARNING] 19:44:12.533 File 'ProcessInstanceQueryService.java' not found in project sources
[WARNING] 19:44:12.533 File 'RoleResourceService.java' not found in project sources
[WARNING] 19:44:12.533 File 'AuthService.java' not found in project sources
[WARNING] 19:44:12.533 File 'IReferenceDataService.java' not found in project sources
[WARNING] 19:44:12.533 File 'UserService.java' not found in project sources
[WARNING] 19:44:12.533 File 'AcmInitializerService.java' not found in project sources
[WARNING] 19:44:12.533 File 'AppService.java' not found in project sources
[WARNING] 19:44:12.533 File 'PrivilegeService.java' not found in project sources
[WARNING] 19:44:12.533 File 'UserPreferencesService.java' not found in project sources
[WARNING] 19:44:12.533 File 'ProcessInstanceVariableService.java' not found in project sources
[WARNING] 19:44:12.533 File 'ContentStorageService.java' not found in project sources
[WARNING] 19:44:12.533 File 'UserCache.java' not found in project sources
[WARNING] 19:44:12.533 File 'ProcessInstanceService.java' not found in project sources
[WARNING] 19:44:12.533 File 'TaskActionService.java' not found in project sources
[WARNING] 19:44:12.533 File 'RelatedContentService.java' not found in project sources
[WARNING] 19:44:12.533 File 'AESService.java' not found in project sources
[WARNING] 19:44:12.533 File 'UserSynchronizationService.java' not found in project sources
[WARNING] 19:44:12.533 File 'ProcessDefinitionService.java' not found in project sources
[WARNING] 19:44:12.533 File 'GroupService.java' not found in project sources
[WARNING] 19:44:12.533 File 'IFormDataResponse.java' not found in project sources
[WARNING] 19:44:12.533 File 'IProcessDefinitionModelResponse.java' not found in project sources
[WARNING] 19:44:12.533 File 'IAppPublishResponse.java' not found in project sources
[WARNING] 19:44:12.533 File 'IAttachmentResponse.java' not found in project sources
[WARNING] 19:44:12.533 File 'IUserGroupSummary.java' not found in project sources
[WARNING] 19:44:12.533 File 'IAppDefinitionDraftSummaryResponse.java' not found in project sources
[WARNING] 19:44:12.533 File 'IProcessInstanceResponse.java' not found in project sources
[WARNING] 19:44:12.533 File 'IProcessVariableResponse.java' not found in project sources
[WARNING] 19:44:12.533 File 'ISavedSearchResponse.java' not found in project sources
[WARNING] 19:44:12.533 File 'IUserDetailsResponse.java' not found in project sources
[WARNING] 19:44:12.533 File 'ITaskResponse.java' not found in project sources
[WARNING] 19:44:12.533 File 'IIdentityLinkResponse.java' not found in project sources
[WARNING] 19:44:12.533 File 'IMembershipResponse.java' not found in project sources
[WARNING] 19:44:12.533 File 'IProcessDefinitionModelRelationResponse.java' not found in project sources
[WARNING] 19:44:12.533 File 'ICountResponse.java' not found in project sources
[WARNING] 19:44:12.533 File 'IFormFieldResponse.java' not found in project sources
[WARNING] 19:44:12.533 File 'IDeploymentResourceResponse.java' not found in project sources
[WARNING] 19:44:12.533 File 'IAppDefinitionDraftResponse.java' not found in project sources
[WARNING] 19:44:12.533 File 'IGroupResponse.java' not found in project sources
[WARNING] 19:44:12.533 File 'IUserResponse.java' not found in project sources
[WARNING] 19:44:12.533 File 'IAggregatedResponse.java' not found in project sources
[WARNING] 19:44:12.533 File 'ICommentResponse.java' not found in project sources
[WARNING] 19:44:12.533 File 'IUserInfoResponse.java' not found in project sources
[WARNING] 19:44:12.533 File 'IUserDetailResponse.java' not found in project sources
[WARNING] 19:44:12.533 File 'IProcessDefinitionModelHistoryResponse.java' not found in project sources
[WARNING] 19:44:12.533 File 'IPagedResponse.java' not found in project sources
[WARNING] 19:44:12.533 File 'IProcessDefinitionModelSummaryResponse.java' not found in project sources
[WARNING] 19:44:12.533 File 'IProcessDefinitionResponse.java' not found in project sources
[WARNING] 19:44:12.533 File 'IAppDeploymentResponse.java' not found in project sources
[WARNING] 19:44:12.533 File 'IAppDefinitionResponse.java' not found in project sources
[WARNING] 19:44:12.533 File 'ICookieProperties.java' not found in project sources
[WARNING] 19:44:12.533 File 'IGroupEntity.java' not found in project sources
[WARNING] 19:44:12.533 File 'IEventSyncEntity.java' not found in project sources
[WARNING] 19:44:12.533 File 'IRuntimeIdentityLinkEntity.java' not found in project sources
[WARNING] 19:44:12.533 File 'IRuntimeExecutionEntity.java' not found in project sources
[WARNING] 19:44:12.533 File 'IUserEntity.java' not found in project sources
[WARNING] 19:44:12.533 File 'IProcessDefinitionModelHistoryEntity.java' not found in project sources
[WARNING] 19:44:12.533 File 'IHistoricIdentityLinkEntity.java' not found in project sources
[WARNING] 19:44:12.533 File 'IAbstractAuditEntity.java' not found in project sources
[WARNING] 19:44:12.533 File 'ITaskEntity.java' not found in project sources
[WARNING] 19:44:12.533 File 'IGroupPrivilegeEntity.java' not found in project sources
[WARNING] 19:44:12.533 File 'IHistoricTaskEntity.java' not found in project sources
[WARNING] 19:44:12.533 File 'IProcessDefinitionEntity.java' not found in project sources
[WARNING] 19:44:12.533 File 'IProcessSearchEntity.java' not found in project sources
[WARNING] 19:44:12.533 File 'IUserPreferencesEntity.java' not found in project sources
[WARNING] 19:44:12.533 File 'IMutableId.java' not found in project sources
[WARNING] 19:44:12.533 File 'IAppDeploymentEntity.java' not found in project sources
[WARNING] 19:44:12.533 File 'ICommentEntity.java' not found in project sources
[WARNING] 19:44:12.533 File 'IProcessDefinitionModelEntity.java' not found in project sources
[WARNING] 19:44:12.533 File 'IDeploymentEntity.java' not found in project sources
[WARNING] 19:44:12.533 File 'IProcessDefinitionModelRelationEntity.java' not found in project sources
[WARNING] 19:44:12.533 File 'IHistoricVariableInstanceEntity.java' not found in project sources
[WARNING] 19:44:12.533 File 'ITaskSearchEntity.java' not found in project sources
[WARNING] 19:44:12.533 File 'IRelatedContentEntity.java' not found in project sources
[WARNING] 19:44:12.533 File 'IAbstractTaskInfoEntity.java' not found in project sources
[WARNING] 19:44:12.533 File 'IHistoricProcessInstanceEntity.java' not found in project sources
[WARNING] 19:44:12.533 File 'ICommentNotify.java' not found in project sources
[WARNING] 19:44:12.533 File 'IRestVariable.java' not found in project sources
[WARNING] 19:44:12.533 File 'RelatedContentStatus.java' not found in project sources
[WARNING] 19:44:12.533 File 'GroupStatus.java' not found in project sources
[WARNING] 19:44:12.533 File 'UserAccountStatus.java' not found in project sources
[WARNING] 19:44:12.533 File 'TaskState.java' not found in project sources
[WARNING] 19:44:12.533 File 'InsightEventHandler.java' not found in project sources
[WARNING] 19:44:12.533 File 'IEventDto.java' not found in project sources
[WARNING] 19:44:12.533 File 'ISavedSearch.java' not found in project sources
[WARNING] 19:44:12.533 File 'IUserPreferences.java' not found in project sources
[WARNING] 19:44:12.533 File 'ITableColumnDefinition.java' not found in project sources
[INFO] 19:44:12.533 Sensor JaCoCo XML Report Importer [jacoco] (done) | time=66ms
[INFO] 19:44:12.533 Sensor IaC hadolint report Sensor [iac]
[INFO] 19:44:12.533 Sensor IaC hadolint report Sensor [iac] (done) | time=0ms
[INFO] 19:44:12.533 Sensor Java Config Sensor [iac]
[INFO] 19:44:12.556 There are no files to be analyzed for the Java language
[INFO] 19:44:12.556 Sensor Java Config Sensor [iac] (done) | time=22ms
[INFO] 19:44:12.556 Sensor IaC Docker Sensor [iac]
[INFO] 19:44:12.556 Sensor IaC Docker Sensor is restricted to changed files only
[INFO] 19:44:12.557 There are no files to be analyzed for the Docker language
[INFO] 19:44:12.557 Sensor IaC Docker Sensor [iac] (done) | time=0ms
[INFO] 19:44:12.557 Sensor IaC GitHub Actions Sensor [iac]
[INFO] 19:44:12.557 There are no files to be analyzed for the GitHub Actions language
[INFO] 19:44:12.557 Sensor IaC GitHub Actions Sensor [iac] (done) | time=0ms
[INFO] 19:44:12.557 Sensor IaC actionlint report Sensor [iac]
[INFO] 19:44:12.557 Sensor IaC actionlint report Sensor [iac] (done) | time=0ms
[INFO] 19:44:12.557 Sensor IaC Shell Sensor [iac]
[INFO] 19:44:12.557 There are no files to be analyzed for the Shell language
[INFO] 19:44:12.557 Sensor IaC Shell Sensor [iac] (done) | time=0ms
[INFO] 19:44:12.557 Sensor ThymeLeaf template sensor [securityjavafrontend]
[INFO] 19:44:12.557 Sensor ThymeLeaf template sensor [securityjavafrontend] (done) | time=0ms
[INFO] 19:44:12.557 Sensor JavaAndroidConfigurationSensor [securityjavafrontend]
[INFO] 19:44:12.557 Sensor JavaAndroidConfigurationSensor [securityjavafrontend] (done) | time=0ms
[INFO] 19:44:12.557 Sensor JavaModuleSecuritySensor [securityjavafrontend]
[INFO] 19:44:12.557 Sensor JavaModuleSecuritySensor [securityjavafrontend] (done) | time=0ms
[INFO] 19:44:12.557 Sensor SurefireSensor [java]
[INFO] 19:44:12.557 parsing [/home/jenkins/agent/workspace/rd_insight-server_PR-57/insight-model/target/surefire-reports]
[INFO] 19:44:12.558 Sensor SurefireSensor [java] (done) | time=1ms
[INFO] 19:44:12.558 Sensor XML Sensor [xml]
[INFO] 19:44:12.558 Sensor XML Sensor is restricted to changed files only
[INFO] 19:44:12.558 Sensor XML Sensor [xml] (done) | time=0ms
[INFO] 19:44:12.559 ------------- Run sensors on module Insight Server
[WARNING] 19:44:12.585 Binary paths (sonar.java.binaries) are empty. .class files can not be looked up to facilitate caching.
[INFO] 19:44:12.644 Sensor JaCoCo XML Report Importer [jacoco]
[INFO] 19:44:12.645 Importing 1 report(s). Turn your logs in debug mode in order to see the exhaustive list.
[WARNING] 19:44:12.667 File 'AcmProperties.java' not found in project sources
[WARNING] 19:44:12.667 File 'PdfProperties.java' not found in project sources
[WARNING] 19:44:12.667 File 'UserProperties.java' not found in project sources
[WARNING] 19:44:12.667 File 'SecurityProperties.java' not found in project sources
[WARNING] 19:44:12.667 File 'RmqProperties.java' not found in project sources
[WARNING] 19:44:12.667 File 'ExportConfig.java' not found in project sources
[WARNING] 19:44:12.667 File 'TableConfig.java' not found in project sources
[WARNING] 19:44:12.667 File 'ClientProperties.java' not found in project sources
[WARNING] 19:44:12.667 File 'ColumnConfig.java' not found in project sources
[WARNING] 19:44:12.667 File 'S3ApplicationProperties.java' not found in project sources
[WARNING] 19:44:12.667 File 'CookieProperties.java' not found in project sources
[WARNING] 19:44:12.667 File 'StorageClientConfig.java' not found in project sources
[WARNING] 19:44:12.667 File 'HttpClientConfig.java' not found in project sources
[WARNING] 19:44:12.667 File 'DynamicRmqConfig.java' not found in project sources
[WARNING] 19:44:12.667 File 'DatabaseConfiguration.java' not found in project sources
[WARNING] 19:44:12.667 File 'FlowableConfig.java' not found in project sources
[WARNING] 19:44:12.667 File 'RestControllerPathLogger.java' not found in project sources
[WARNING] 19:44:12.667 File 'JacksonConfig.java' not found in project sources
[WARNING] 19:44:12.667 File 'CacheConfiguration.java' not found in project sources
[WARNING] 19:44:12.667 File 'LegacyInitiatorAssignmentParseHandler.java' not found in project sources
[WARNING] 19:44:12.667 File 'DataSourceBuilder.java' not found in project sources
[WARNING] 19:44:12.668 File 'JwtAuthenticationFilter.java' not found in project sources
[WARNING] 19:44:12.668 File 'SecurityConfig.java' not found in project sources
[WARNING] 19:44:12.668 File 'SpringSecurityAuthenticationContext.java' not found in project sources
[WARNING] 19:44:12.668 File 'WorkflowIdentifierLockEntity_.java' not found in project sources
[WARNING] 19:44:12.668 File 'ReferenceDataLookupEntity.java' not found in project sources
[WARNING] 19:44:12.668 File 'UserEntity_.java' not found in project sources
[WARNING] 19:44:12.668 File 'AbstractTaskInfoEntity_.java' not found in project sources
[WARNING] 19:44:12.668 File 'InsightSequenceEntity_.java' not found in project sources
[WARNING] 19:44:12.668 File 'GroupEntity.java' not found in project sources
[WARNING] 19:44:12.668 File 'HistoricProcessInstanceEntity.java' not found in project sources
[WARNING] 19:44:12.668 File 'TaskEntity_.java' not found in project sources
[WARNING] 19:44:12.668 File 'ArchivePublicationLockEntity_.java' not found in project sources
[WARNING] 19:44:12.668 File 'UserPreferencesEntity.java' not found in project sources
[WARNING] 19:44:12.668 File 'InsightProcessIdEntity.java' not found in project sources
[WARNING] 19:44:12.668 File 'ReferenceDataLookupKeyEntity.java' not found in project sources
[WARNING] 19:44:12.668 File 'ProcessDefinitionModelHistoryEntity.java' not found in project sources
[WARNING] 19:44:12.668 File 'AbstractAuditEntity.java' not found in project sources
[WARNING] 19:44:12.668 File 'TaskSearchEntity_.java' not found in project sources
[WARNING] 19:44:12.668 File 'ProcessDefinitionEntity_.java' not found in project sources
[WARNING] 19:44:12.668 File 'GroupPrivilegeEntity.java' not found in project sources
[WARNING] 19:44:12.668 File 'RelatedContentEntity_.java' not found in project sources
[WARNING] 19:44:12.668 File 'DeploymentEntity.java' not found in project sources
[WARNING] 19:44:12.668 File 'CommentEntity.java' not found in project sources
[WARNING] 19:44:12.668 File 'ReferenceDataLookupEntity_.java' not found in project sources
[WARNING] 19:44:12.668 File 'TaskEntity.java' not found in project sources
[WARNING] 19:44:12.668 File 'ReferenceDataLookupValueEntity.java' not found in project sources
[WARNING] 19:44:12.668 File 'HistoricProcessInstanceEntity_.java' not found in project sources
[WARNING] 19:44:12.668 File 'RuntimeExecutionEntity_.java' not found in project sources
[WARNING] 19:44:12.668 File 'HistoricIdentityLinkEntity_.java' not found in project sources
[WARNING] 19:44:12.668 File 'ProcessDefinitionEntity.java' not found in project sources
[WARNING] 19:44:12.668 File 'EventSyncEntity.java' not found in project sources
[WARNING] 19:44:12.668 File 'AbstractAuditEntity_.java' not found in project sources
[WARNING] 19:44:12.668 File 'UserEntity.java' not found in project sources
[WARNING] 19:44:12.668 File 'ProcessDefinitionModelHistoryEntity_.java' not found in project sources
[WARNING] 19:44:12.668 File 'ReferenceDataLookupKeyEntity_.java' not found in project sources
[WARNING] 19:44:12.668 File 'HistoricTaskEntity.java' not found in project sources
[WARNING] 19:44:12.668 File 'UserGroupEntity.java' not found in project sources
[WARNING] 19:44:12.668 File 'InsightSequenceEntity.java' not found in project sources
[WARNING] 19:44:12.668 File 'RuntimeIdentityLinkEntity.java' not found in project sources
[WARNING] 19:44:12.668 File 'FormFieldOptionEntity.java' not found in project sources
[WARNING] 19:44:12.668 File 'ProcessSearchEntity_.java' not found in project sources
[WARNING] 19:44:12.668 File 'FormFieldOptionEntity_.java' not found in project sources
[WARNING] 19:44:12.668 File 'ProcessDefinitionModelEntity_.java' not found in project sources
[WARNING] 19:44:12.668 File 'AppDeploymentEntity_.java' not found in project sources
[WARNING] 19:44:12.668 File 'AppDeploymentEntity.java' not found in project sources
[WARNING] 19:44:12.668 File 'HistoricVariableInstanceEntity.java' not found in project sources
[WARNING] 19:44:12.668 File 'HistoricIdentityLinkEntity.java' not found in project sources
[WARNING] 19:44:12.668 File 'AbstractTaskInfoEntity.java' not found in project sources
[WARNING] 19:44:12.668 File 'ReferenceDataLookupValueEntity_.java' not found in project sources
[WARNING] 19:44:12.668 File 'UserGroupEntity_.java' not found in project sources
[WARNING] 19:44:12.668 File 'RuntimeIdentityLinkEntity_.java' not found in project sources
[WARNING] 19:44:12.668 File 'GroupEntity_.java' not found in project sources
[WARNING] 19:44:12.668 File 'GroupPrivilegeEntity_.java' not found in project sources
[WARNING] 19:44:12.668 File 'EventSyncEntity_.java' not found in project sources
[WARNING] 19:44:12.668 File 'ProcessDefinitionModelRelationEntity_.java' not found in project sources
[WARNING] 19:44:12.668 File 'ProcessSearchEntity.java' not found in project sources
[WARNING] 19:44:12.668 File 'FormOptionSetEntity_.java' not found in project sources
[WARNING] 19:44:12.668 File 'ProcessDefinitionModelRelationEntity.java' not found in project sources
[WARNING] 19:44:12.668 File 'RelatedContentEntity.java' not found in project sources
[WARNING] 19:44:12.668 File 'HistoricVariableInstanceEntity_.java' not found in project sources
[WARNING] 19:44:12.668 File 'ProcessDefinitionModelEntity.java' not found in project sources
[WARNING] 19:44:12.668 File 'WorkflowIdentifierLockEntity.java' not found in project sources
[WARNING] 19:44:12.668 File 'FormOptionSetEntity.java' not found in project sources
[WARNING] 19:44:12.668 File 'RuntimeExecutionEntity.java' not found in project sources
[WARNING] 19:44:12.668 File 'UserPreferencesEntity_.java' not found in project sources
[WARNING] 19:44:12.668 File 'ReferenceDataLookupDefinitionEntity.java' not found in project sources
[WARNING] 19:44:12.668 File 'DeploymentEntity_.java' not found in project sources
[WARNING] 19:44:12.668 File 'HistoricTaskEntity_.java' not found in project sources
[WARNING] 19:44:12.668 File 'TaskSearchEntity.java' not found in project sources
[WARNING] 19:44:12.668 File 'CommentEntity_.java' not found in project sources
[WARNING] 19:44:12.668 File 'ReferenceDataLookupDefinitionEntity_.java' not found in project sources
[WARNING] 19:44:12.668 File 'ArchivePublicationLockEntity.java' not found in project sources
[WARNING] 19:44:12.668 File 'InsightProcessIdEntity_.java' not found in project sources
[WARNING] 19:44:12.668 File 'ReferenceDataLookupRepositoryCustom.java' not found in project sources
[WARNING] 19:44:12.668 File 'ProcessDefinitionModelRepository.java' not found in project sources
[WARNING] 19:44:12.668 File 'RuntimeExecutionRepository.java' not found in project sources
[WARNING] 19:44:12.668 File 'AppDeploymentRepository.java' not found in project sources
[WARNING] 19:44:12.668 File 'ProcessDefinitionModelHistoryRepository.java' not found in project sources
[WARNING] 19:44:12.668 File 'UserGroupRepository.java' not found in project sources
[WARNING] 19:44:12.668 File 'GroupRepository.java' not found in project sources
[WARNING] 19:44:12.668 File 'InsightProcessIdRepository.java' not found in project sources
[WARNING] 19:44:12.668 File 'ReferenceDataLookupDefinitionRepository.java' not found in project sources
[WARNING] 19:44:12.668 File 'TaskSearchRepository.java' not found in project sources
[WARNING] 19:44:12.668 File 'FormFieldOptionRepository.java' not found in project sources
[WARNING] 19:44:12.668 File 'FormOptionSetRepository.java' not found in project sources
[WARNING] 19:44:12.668 File 'TaskRepository.java' not found in project sources
[WARNING] 19:44:12.668 File 'HistoricVariableInstanceRepository.java' not found in project sources
[WARNING] 19:44:12.668 File 'EventSyncRepository.java' not found in project sources
[WARNING] 19:44:12.668 File 'ProcessSearchRepository.java' not found in project sources
[WARNING] 19:44:12.668 File 'ArchivePublicationLockRepository.java' not found in project sources
[WARNING] 19:44:12.668 File 'DeploymentRepository.java' not found in project sources
[WARNING] 19:44:12.668 File 'UserPreferencesRepository.java' not found in project sources
[WARNING] 19:44:12.668 File 'HistoricProcessInstanceRepository.java' not found in project sources
[WARNING] 19:44:12.668 File 'CommentRepository.java' not found in project sources
[WARNING] 19:44:12.668 File 'InsightSequenceRepository.java' not found in project sources
[WARNING] 19:44:12.668 File 'RelatedContentRepository.java' not found in project sources
[WARNING] 19:44:12.668 File 'HistoricTaskRepository.java' not found in project sources
[WARNING] 19:44:12.668 File 'ReferenceDataLookupRepository.java' not found in project sources
[WARNING] 19:44:12.668 File 'ReferenceDataLookupRepositoryImpl.java' not found in project sources
[WARNING] 19:44:12.668 File 'WorkflowIdentifierLockRepository.java' not found in project sources
[WARNING] 19:44:12.668 File 'GroupPrivilegeRepository.java' not found in project sources
[WARNING] 19:44:12.668 File 'ProcessDefinitionRepository.java' not found in project sources
[WARNING] 19:44:12.668 File 'UserRepository.java' not found in project sources
[WARNING] 19:44:12.668 File 'ProcessDefinitionModelRelationRepository.java' not found in project sources
[WARNING] 19:44:12.668 File 'TaskInfoQueryWrapper.java' not found in project sources
[WARNING] 19:44:12.668 File 'TaskQueryRequest.java' not found in project sources
[WARNING] 19:44:12.668 File 'TaskFilterRequest.java' not found in project sources
[WARNING] 19:44:12.668 File 'UserQueryRequest.java' not found in project sources
[WARNING] 19:44:12.668 File 'TaskFilter.java' not found in project sources
[WARNING] 19:44:12.668 File 'FilterRequest.java' not found in project sources
[WARNING] 19:44:12.668 File 'ProcessInstanceFilter.java' not found in project sources
[WARNING] 19:44:12.668 File 'ProcessInstanceQueryRequest.java' not found in project sources
[WARNING] 19:44:12.668 File 'Filter.java' not found in project sources
[WARNING] 19:44:12.668 File 'PagedRequest.java' not found in project sources
[WARNING] 19:44:12.668 File 'ProcessDefinitionModelQueryRequest.java' not found in project sources
[WARNING] 19:44:12.668 File 'GroupQueryRequest.java' not found in project sources
[WARNING] 19:44:12.668 File 'ProcessInstanceFilterRequest.java' not found in project sources
[WARNING] 19:44:12.668 File 'CreateProcessDefinitionModelRequest.java' not found in project sources
[WARNING] 19:44:12.668 File 'ProcessDefinitionActionRequest.java' not found in project sources
[WARNING] 19:44:12.668 File 'CreateUserRequest.java' not found in project sources
[WARNING] 19:44:12.668 File 'MembershipRequest.java' not found in project sources
[WARNING] 19:44:12.668 File 'UpdateAppDefinitionDraftRequest.java' not found in project sources
[WARNING] 19:44:12.668 File 'TaskRequest.java' not found in project sources
[WARNING] 19:44:12.668 File 'UserInfoRequest.java' not found in project sources
[WARNING] 19:44:12.668 File 'ProcessInstanceStartRequest.java' not found in project sources
[WARNING] 19:44:12.668 File 'TaskActionRequest.java' not found in project sources
[WARNING] 19:44:12.668 File 'AddGroupPrivilegesRequest.java' not found in project sources
[WARNING] 19:44:12.668 File 'IdentityLinkRequest.java' not found in project sources
[WARNING] 19:44:12.668 File 'UserActionRequest.java' not found in project sources
[WARNING] 19:44:12.668 File 'ProcessInstanceSearchRequest.java' not found in project sources
[WARNING] 19:44:12.668 File 'AttachmentRequest.java' not found in project sources
[WARNING] 19:44:12.668 File 'SavedSearchRequest.java' not found in project sources
[WARNING] 19:44:12.668 File 'ProcessVariableRequest.java' not found in project sources
[WARNING] 19:44:12.668 File 'UserPictureRequest.java' not found in project sources
[WARNING] 19:44:12.668 File 'GroupRequest.java' not found in project sources
[WARNING] 19:44:12.668 File 'UserRequest.java' not found in project sources
[WARNING] 19:44:12.668 File 'UpdateProcessDefinitionModelRequest.java' not found in project sources
[WARNING] 19:44:12.668 File 'UserSearchRequest.java' not found in project sources
[WARNING] 19:44:12.668 File 'UserIdentityRequest.java' not found in project sources
[WARNING] 19:44:12.668 File 'TaskSearchRequest.java' not found in project sources
[WARNING] 19:44:12.668 File 'CommentRequest.java' not found in project sources
[WARNING] 19:44:12.668 File 'UpdateGroupRequest.java' not found in project sources
[WARNING] 19:44:12.668 File 'ProcessInstanceStateRequest.java' not found in project sources
[WARNING] 19:44:12.668 File 'CreateAppDefinitionDraftRequest.java' not found in project sources
[WARNING] 19:44:12.668 File 'FormSubmitRequest.java' not found in project sources
[WARNING] 19:44:12.668 File 'GroupSearchRequest.java' not found in project sources
[WARNING] 19:44:12.668 File 'AcmUserGroupRep.java' not found in project sources
[WARNING] 19:44:12.668 File 'UserGroupRep.java' not found in project sources
[WARNING] 19:44:12.668 File 'AcmConfigurationRep.java' not found in project sources
[WARNING] 19:44:12.668 File 'AcmResource.java' not found in project sources
[WARNING] 19:44:12.668 File 'LoginParameter.java' not found in project sources
[WARNING] 19:44:12.668 File 'PermissionRep.java' not found in project sources
[WARNING] 19:44:12.668 File 'SimpleContentTypeMapper.java' not found in project sources
[WARNING] 19:44:12.668 File 'AppDefinitionResponse.java' not found in project sources
[WARNING] 19:44:12.668 File 'FormDataResponse.java' not found in project sources
[WARNING] 19:44:12.668 File 'ProcessDefinitionModelResponse.java' not found in project sources
[WARNING] 19:44:12.668 File 'FormFieldResponse.java' not found in project sources
[WARNING] 19:44:12.668 File 'PagedResponse.java' not found in project sources
[WARNING] 19:44:12.668 File 'UserInfoResponse.java' not found in project sources
[WARNING] 19:44:12.668 File 'AggregatedResponse.java' not found in project sources
[WARNING] 19:44:12.668 File 'ProcessDefinitionModelHistoryResponse.java' not found in project sources
[WARNING] 19:44:12.668 File 'AppDeploymentResponse.java' not found in project sources
[WARNING] 19:44:12.668 File 'UserGroupSummary.java' not found in project sources
[WARNING] 19:44:12.668 File 'ProcessDefinitionResponse.java' not found in project sources
[WARNING] 19:44:12.668 File 'ProcessDefinitionModelRelationResponse.java' not found in project sources
[WARNING] 19:44:12.668 File 'CountResponse.java' not found in project sources
[WARNING] 19:44:12.668 File 'UserDetailResponse.java' not found in project sources
[WARNING] 19:44:12.668 File 'UserResponse.java' not found in project sources
[WARNING] 19:44:12.668 File 'ProcessDefinitionModelSummaryResponse.java' not found in project sources
[WARNING] 19:44:12.668 File 'SavedSearchResponse.java' not found in project sources
[WARNING] 19:44:12.668 File 'GroupResponse.java' not found in project sources
[WARNING] 19:44:12.668 File 'AppDefinitionDraftResponse.java' not found in project sources
[WARNING] 19:44:12.668 File 'ProcessInstanceResponse.java' not found in project sources
[WARNING] 19:44:12.668 File 'AttachmentResponse.java' not found in project sources
[WARNING] 19:44:12.668 File 'IdentityLinkResponse.java' not found in project sources
[WARNING] 19:44:12.668 File 'MembershipResponse.java' not found in project sources
[WARNING] 19:44:12.668 File 'AppDefinitionDraftSummaryResponse.java' not found in project sources
[WARNING] 19:44:12.668 File 'ProcessVariableResponse.java' not found in project sources
[WARNING] 19:44:12.668 File 'TaskResponse.java' not found in project sources
[WARNING] 19:44:12.668 File 'UserDetailsResponse.java' not found in project sources
[WARNING] 19:44:12.668 File 'DeploymentResourceResponse.java' not found in project sources
[WARNING] 19:44:12.669 File 'CommentResponse.java' not found in project sources
[WARNING] 19:44:12.669 File 'AppPublishResponse.java' not found in project sources
[WARNING] 19:44:12.669 File 'TokenResponse.java' not found in project sources
[WARNING] 19:44:12.669 File 'EncryptedJSON.java' not found in project sources
[WARNING] 19:44:12.669 File 'CookiePropertiesModel.java' not found in project sources
[WARNING] 19:44:12.669 File 'TokenRequest.java' not found in project sources
[WARNING] 19:44:12.669 File 'Privileges.java' not found in project sources
[WARNING] 19:44:12.669 File 'RestVariable.java' not found in project sources
[WARNING] 19:44:12.669 File 'CommentNotify.java' not found in project sources
[WARNING] 19:44:12.669 File 'PageInfo.java' not found in project sources
[WARNING] 19:44:12.669 File 'AppDefinitionContent.java' not found in project sources
[WARNING] 19:44:12.669 File 'SavedSearch.java' not found in project sources
[WARNING] 19:44:12.669 File 'SavedSearchBase.java' not found in project sources
[WARNING] 19:44:12.669 File 'UserPreferences.java' not found in project sources
[WARNING] 19:44:12.669 File 'TableColumnDefinition.java' not found in project sources
[WARNING] 19:44:12.669 File 'FormOptionSetDto.java' not found in project sources
[WARNING] 19:44:12.669 File 'UserPreferencesDto.java' not found in project sources
[WARNING] 19:44:12.669 File 'UserGroupDto.java' not found in project sources
[WARNING] 19:44:12.669 File 'GroupPrivilegeDto.java' not found in project sources
[WARNING] 19:44:12.669 File 'UserDto.java' not found in project sources
[WARNING] 19:44:12.669 File 'GroupDto.java' not found in project sources
[WARNING] 19:44:12.669 File 'FormFieldOptionDto.java' not found in project sources
[WARNING] 19:44:12.669 File 'RelatedContentDto.java' not found in project sources
[WARNING] 19:44:12.669 File 'UserController.java' not found in project sources
[WARNING] 19:44:12.669 File 'GroupController.java' not found in project sources
[WARNING] 19:44:12.669 File 'PrivilegeController.java' not found in project sources
[WARNING] 19:44:12.669 File 'AppController.java' not found in project sources
[WARNING] 19:44:12.669 File 'ProcessDefinitionController.java' not found in project sources
[WARNING] 19:44:12.669 File 'ExternalLoginController.java' not found in project sources
[WARNING] 19:44:12.669 File 'ModelController.java' not found in project sources
[WARNING] 19:44:12.669 File 'AppDefinitionController.java' not found in project sources
[WARNING] 19:44:12.669 File 'FormController.java' not found in project sources
[WARNING] 19:44:12.669 File 'FormOptionSetController.java' not found in project sources
[WARNING] 19:44:12.669 File 'FormFieldOptionController.java' not found in project sources
[WARNING] 19:44:12.669 File 'ReferenceDataController.java' not found in project sources
[WARNING] 19:44:12.669 File 'RestExceptionHandlerAdvice.java' not found in project sources
[WARNING] 19:44:12.669 File 'ProcessInstanceController.java' not found in project sources
[WARNING] 19:44:12.669 File 'CommentController.java' not found in project sources
[WARNING] 19:44:12.669 File 'UserPreferencesController.java' not found in project sources
[WARNING] 19:44:12.669 File 'ProcessDefinitionsController.java' not found in project sources
[WARNING] 19:44:12.669 File 'ProcessInstanceVariableController.java' not found in project sources
[WARNING] 19:44:12.669 File 'TaskQueryController.java' not found in project sources
[WARNING] 19:44:12.669 File 'TaskActionController.java' not found in project sources
[WARNING] 19:44:12.669 File 'RelatedContentController.java' not found in project sources
[WARNING] 19:44:12.669 File 'ProcessInstanceQueryController.java' not found in project sources
[WARNING] 19:44:12.669 File 'TaskController.java' not found in project sources
[WARNING] 19:44:12.669 File 'DateRestVariableConverter.java' not found in project sources
[WARNING] 19:44:12.669 File 'DoubleRestVariableConverter.java' not found in project sources
[WARNING] 19:44:12.669 File 'LongRestVariableConverter.java' not found in project sources
[WARNING] 19:44:12.669 File 'RestVariableConverter.java' not found in project sources
[WARNING] 19:44:12.669 File 'IntegerRestVariableConverter.java' not found in project sources
[WARNING] 19:44:12.669 File 'StringRestVariableConverter.java' not found in project sources
[WARNING] 19:44:12.669 File 'ShortRestVariableConverter.java' not found in project sources
[WARNING] 19:44:12.669 File 'BooleanRestVariableConverter.java' not found in project sources
[WARNING] 19:44:12.669 File 'AppServiceImpl.java' not found in project sources
[WARNING] 19:44:12.669 File 'RestVariableFactory.java' not found in project sources
[WARNING] 19:44:12.669 File 'ProcessDefinitionServiceImpl.java' not found in project sources
[WARNING] 19:44:12.669 File 'AuthServiceImpl.java' not found in project sources
[WARNING] 19:44:12.669 File 'TaskQueryServiceImpl.java' not found in project sources
[WARNING] 19:44:12.669 File 'GroupServiceImpl.java' not found in project sources
[WARNING] 19:44:12.669 File 'InsightProcessIdGenService.java' not found in project sources
[WARNING] 19:44:12.669 File 'IReferenceDataLookupDefinitionService.java' not found in project sources
[WARNING] 19:44:12.669 File 'InsightSequenceService.java' not found in project sources
[WARNING] 19:44:12.669 File 'WorkflowIdentifierConfiguration.java' not found in project sources
[WARNING] 19:44:12.669 File 'ProcessInstanceServiceImpl.java' not found in project sources
[WARNING] 19:44:12.669 File 'ReferenceDataServiceImpl.java' not found in project sources
[WARNING] 19:44:12.669 File 'TaskServiceImpl.java' not found in project sources
[WARNING] 19:44:12.669 File 'ContentStorageServiceImpl.java' not found in project sources
[WARNING] 19:44:12.669 File 'AESServiceImpl.java' not found in project sources
[WARNING] 19:44:12.669 File 'CommentServiceImpl.java' not found in project sources
[WARNING] 19:44:12.669 File 'ProcessInstanceVariableServiceImpl.java' not found in project sources
[WARNING] 19:44:12.669 File 'UserSynchronizationServiceImpl.java' not found in project sources
[WARNING] 19:44:12.669 File 'RelatedContentServiceImpl.java' not found in project sources
[WARNING] 19:44:12.669 File 'FormOptionSetServiceImpl.java' not found in project sources
[WARNING] 19:44:12.669 File 'UserInitializerServiceImpl.java' not found in project sources
[WARNING] 19:44:12.669 File 'ProcessInstanceQueryServiceImpl.java' not found in project sources
[WARNING] 19:44:12.669 File 'UserPreferencesServiceImpl.java' not found in project sources
[WARNING] 19:44:12.669 File 'FormFieldOptionServiceImpl.java' not found in project sources
[WARNING] 19:44:12.669 File 'ReferenceDataLookupDefinitionServiceImpl.java' not found in project sources
[WARNING] 19:44:12.669 File 'UserSyncCacheServiceImpl.java' not found in project sources
[WARNING] 19:44:12.669 File 'UserServiceImpl.java' not found in project sources
[WARNING] 19:44:12.669 File 'UserCacheImpl.java' not found in project sources
[WARNING] 19:44:12.669 File 'ArchiveFormDefinition.java' not found in project sources
[WARNING] 19:44:12.669 File 'PrivilegeServiceImpl.java' not found in project sources
[WARNING] 19:44:12.669 File 'FormServiceImpl.java' not found in project sources
[WARNING] 19:44:12.669 File 'TaskActionServiceImpl.java' not found in project sources
[WARNING] 19:44:12.669 File 'AcmInitializerServiceImpl.java' not found in project sources
[WARNING] 19:44:12.669 File 'RoleResourceServiceImpl.java' not found in project sources
[WARNING] 19:44:12.669 File 'AcmLoginTalk.java' not found in project sources
[WARNING] 19:44:12.669 File 'LoadAcmConfigurationServiceImpl.java' not found in project sources
[WARNING] 19:44:12.669 File 'FullTextFunctions.java' not found in project sources
[WARNING] 19:44:12.669 File 'SearchTxSynchronization.java' not found in project sources
[WARNING] 19:44:12.669 File 'SearchRefreshService.java' not found in project sources
[WARNING] 19:44:12.669 File 'SearchEventListener.java' not found in project sources
[WARNING] 19:44:12.669 File 'SearchWorkSet.java' not found in project sources
[WARNING] 19:44:12.669 File 'FieldConfigurationDto.java' not found in project sources
[WARNING] 19:44:12.669 File 'ModelServiceImpl.java' not found in project sources
[WARNING] 19:44:12.669 File 'FormAppArchiveService.java' not found in project sources
[WARNING] 19:44:12.669 File 'ModelRelationServiceImpl.java' not found in project sources
[WARNING] 19:44:12.669 File 'ArchiveFormResources.java' not found in project sources
[WARNING] 19:44:12.669 File 'KickstartArchive.java' not found in project sources
[WARNING] 19:44:12.669 File 'ModelHistoryServiceImpl.java' not found in project sources
[WARNING] 19:44:12.669 File 'AppArchiveServiceImpl.java' not found in project sources
[WARNING] 19:44:12.669 File 'AppDefinitionServiceImpl.java' not found in project sources
[WARNING] 19:44:12.669 File 'InsightProcessIdGenListener.java' not found in project sources
[WARNING] 19:44:12.669 File 'InsightSequenceListener.java' not found in project sources
[WARNING] 19:44:12.669 File 'VariableDeletedEventHandler.java' not found in project sources
[WARNING] 19:44:12.669 File 'TaskCreatedEventHandler.java' not found in project sources
[WARNING] 19:44:12.669 File 'VariableUpdatedEventHandler.java' not found in project sources
[WARNING] 19:44:12.669 File 'TaskAssignedEventHandler.java' not found in project sources
[WARNING] 19:44:12.669 File 'ProcessCompletedEventHandler.java' not found in project sources
[WARNING] 19:44:12.669 File 'InsightEventListener.java' not found in project sources
[WARNING] 19:44:12.669 File 'ProcessCompletedWithEscalationEndEventHandler.java' not found in project sources
[WARNING] 19:44:12.669 File 'TaskNameChangedEventHandler.java' not found in project sources
[WARNING] 19:44:12.669 File 'ProcessCreatedEventHandler.java' not found in project sources
[WARNING] 19:44:12.669 File 'TaskFormSavedEventHandler.java' not found in project sources
[WARNING] 19:44:12.669 File 'TaskDueDateChangedEventHandler.java' not found in project sources
[WARNING] 19:44:12.669 File 'CandidateGroupAddedEventHandler.java' not found in project sources
[WARNING] 19:44:12.669 File 'ProcessStartedEventHandler.java' not found in project sources
[WARNING] 19:44:12.669 File 'ProcessCompletedWithTerminateEndEventHandler.java' not found in project sources
[WARNING] 19:44:12.669 File 'TaskCompletedEventHandler.java' not found in project sources
[WARNING] 19:44:12.669 File 'ProcessCancelledEventHandler.java' not found in project sources
[WARNING] 19:44:12.669 File 'TaskDeletedEventHandler.java' not found in project sources
[WARNING] 19:44:12.669 File 'InsightEntityEvent.java' not found in project sources
[WARNING] 19:44:12.669 File 'EntityTaskDeletedEventHandler.java' not found in project sources
[WARNING] 19:44:12.669 File 'EntityHistoricProcessInstanceDeletedEventHandler.java' not found in project sources
[WARNING] 19:44:12.669 File 'AbstractInsightEventHandler.java' not found in project sources
[WARNING] 19:44:12.669 File 'UpdateStepEventHandler.java' not found in project sources
[WARNING] 19:44:12.669 File 'VariableCreatedEventHandler.java' not found in project sources
[WARNING] 19:44:12.669 File 'InsightEventType.java' not found in project sources
[WARNING] 19:44:12.669 File 'HistoricProcessInstanceDeletedEventHandler.java' not found in project sources
[WARNING] 19:44:12.669 File 'TaskOwnerChangedEventHandler.java' not found in project sources
[WARNING] 19:44:12.669 File 'UpdateSignatureEventHandler.java' not found in project sources
[WARNING] 19:44:12.669 File 'ProcessCompletedWithErrorEndEventHandler.java' not found in project sources
[WARNING] 19:44:12.669 File 'TaskPriorityChangedEventHandler.java' not found in project sources
[WARNING] 19:44:12.669 File 'ProcessDeletedEventHandler.java' not found in project sources
[WARNING] 19:44:12.669 File 'CriteriaQuerySupport.java' not found in project sources
[WARNING] 19:44:12.669 File 'ProcessDefinitionModelMapperImpl.java' not found in project sources
[WARNING] 19:44:12.669 File 'UserPreferencesMapperImpl.java' not found in project sources
[WARNING] 19:44:12.669 File 'FormOptionSetMapper.java' not found in project sources
[WARNING] 19:44:12.669 File 'GroupPrivilegeMapperImpl.java' not found in project sources
[WARNING] 19:44:12.669 File 'RelatedContentMapper.java' not found in project sources
[WARNING] 19:44:12.669 File 'ReferenceDataLookupDefinitionMapper.java' not found in project sources
[WARNING] 19:44:12.669 File 'GroupMapperImpl.java' not found in project sources
[WARNING] 19:44:12.669 File 'ProcessDefinitionModelHistoryMapperImpl.java' not found in project sources
[WARNING] 19:44:12.669 File 'ModelTypeCodec.java' not found in project sources
[WARNING] 19:44:12.669 File 'ProcessDefinitionModelRelationMapper.java' not found in project sources
[WARNING] 19:44:12.669 File 'FormFieldOptionMapper.java' not found in project sources
[WARNING] 19:44:12.669 File 'UserPreferencesMapper.java' not found in project sources
[WARNING] 19:44:12.669 File 'FormFieldOptionMapperImpl.java' not found in project sources
[WARNING] 19:44:12.669 File 'TaskMapperImpl.java' not found in project sources
[WARNING] 19:44:12.669 File 'ProcessDefinitionModelMapper.java' not found in project sources
[WARNING] 19:44:12.669 File 'GroupMapper.java' not found in project sources
[WARNING] 19:44:12.669 File 'GroupPrivilegeMapper.java' not found in project sources
[WARNING] 19:44:12.669 File 'TaskMapper.java' not found in project sources
[WARNING] 19:44:12.669 File 'UserMapperImpl.java' not found in project sources
[WARNING] 19:44:12.669 File 'FormOptionSetMapperImpl.java' not found in project sources
[WARNING] 19:44:12.669 File 'CommentMapper.java' not found in project sources
[WARNING] 19:44:12.669 File 'ProcessDefinitionModelRelationMapperImpl.java' not found in project sources
[WARNING] 19:44:12.669 File 'UserMapper.java' not found in project sources
[WARNING] 19:44:12.669 File 'ReferenceDataLookupDefinitionMapperImpl.java' not found in project sources
[WARNING] 19:44:12.669 File 'CommentMapperImpl.java' not found in project sources
[WARNING] 19:44:12.669 File 'RelatedContentMapperImpl.java' not found in project sources
[WARNING] 19:44:12.669 File 'ProcessDefinitionModelHistoryMapper.java' not found in project sources
[WARNING] 19:44:12.669 File 'InsightAppUser.java' not found in project sources
[WARNING] 19:44:12.669 File 'SecurityUtils.java' not found in project sources
[WARNING] 19:44:12.669 File 'RmqEventListenerImpl.java' not found in project sources
[WARNING] 19:44:12.669 File 'RmqServiceImpl.java' not found in project sources
[WARNING] 19:44:12.669 File 'RmqHealthCheckServiceImpl.java' not found in project sources
[WARNING] 19:44:12.669 File 'ICommentRequest.java' not found in project sources
[WARNING] 19:44:12.669 File 'IIdentityLinkRequest.java' not found in project sources
[WARNING] 19:44:12.669 File 'ISavedSearchRequest.java' not found in project sources
[WARNING] 19:44:12.669 File 'IUserIdentityRequest.java' not found in project sources
[WARNING] 19:44:12.669 File 'IAddGroupPrivilegesRequest.java' not found in project sources
[WARNING] 19:44:12.669 File 'IUpdateProcessDefinitionModelRequest.java' not found in project sources
[WARNING] 19:44:12.669 File 'IUserActionRequest.java' not found in project sources
[WARNING] 19:44:12.669 File 'IAttachmentRequest.java' not found in project sources
[WARNING] 19:44:12.670 File 'IFormSubmitRequest.java' not found in project sources
[WARNING] 19:44:12.670 File 'IMembershipRequest.java' not found in project sources
[WARNING] 19:44:12.670 File 'ICreateUserRequest.java' not found in project sources
[WARNING] 19:44:12.670 File 'IProcessVariableRequest.java' not found in project sources
[WARNING] 19:44:12.670 File 'ICreateProcessDefinitionModelRequest.java' not found in project sources
[WARNING] 19:44:12.670 File 'IUserSearchRequest.java' not found in project sources
[WARNING] 19:44:12.670 File 'IProcessInstanceStateRequest.java' not found in project sources
[WARNING] 19:44:12.670 File 'IProcessInstanceStartRequest.java' not found in project sources
[WARNING] 19:44:12.670 File 'IProcessDefinitionActionRequest.java' not found in project sources
[WARNING] 19:44:12.670 File 'IUpdateAppDefinitionDraftRequest.java' not found in project sources
[WARNING] 19:44:12.670 File 'IUpdateGroupRequest.java' not found in project sources
[WARNING] 19:44:12.670 File 'IUserInfoRequest.java' not found in project sources
[WARNING] 19:44:12.670 File 'ITaskActionRequest.java' not found in project sources
[WARNING] 19:44:12.670 File 'IGroupRequest.java' not found in project sources
[WARNING] 19:44:12.670 File 'IUserRequest.java' not found in project sources
[WARNING] 19:44:12.670 File 'ITaskRequest.java' not found in project sources
[WARNING] 19:44:12.670 File 'IGroupSearchRequest.java' not found in project sources
[WARNING] 19:44:12.670 File 'IProcessInstanceSearchRequest.java' not found in project sources
[WARNING] 19:44:12.670 File 'IUserPictureRequest.java' not found in project sources
[WARNING] 19:44:12.670 File 'ITaskSearchRequest.java' not found in project sources
[WARNING] 19:44:12.670 File 'ICreateAppDefinitionDraftRequest.java' not found in project sources
[WARNING] 19:44:12.670 File 'InsightUserDetails.java' not found in project sources
[WARNING] 19:44:12.670 File 'FullTextSearchableString.java' not found in project sources
[WARNING] 19:44:12.670 File 'FullTextSearchGenerator.java' not found in project sources
[WARNING] 19:44:12.670 File 'SearchType.java' not found in project sources
[WARNING] 19:44:12.670 File 'AccountType.java' not found in project sources
[WARNING] 19:44:12.670 File 'QueueType.java' not found in project sources
[WARNING] 19:44:12.670 File 'GroupType.java' not found in project sources
[WARNING] 19:44:12.670 File 'DisplayValueEnum.java' not found in project sources
[WARNING] 19:44:12.670 File 'UserAccountType.java' not found in project sources
[WARNING] 19:44:12.670 File 'LightUserDto.java' not found in project sources
[WARNING] 19:44:12.670 File 'AbstractUserDto.java' not found in project sources
[WARNING] 19:44:12.670 File 'FullTextSearchGeneratorPostgresImpl.java' not found in project sources
[WARNING] 19:44:12.670 File 'IProcessInstanceQuery.java' not found in project sources
[WARNING] 19:44:12.670 File 'IGroupQueryRequest.java' not found in project sources
[WARNING] 19:44:12.670 File 'ITaskFilterRequest.java' not found in project sources
[WARNING] 19:44:12.670 File 'IProcessInstanceFilterRequest.java' not found in project sources
[WARNING] 19:44:12.670 File 'ITaskQueryRequest.java' not found in project sources
[WARNING] 19:44:12.670 File 'IUserQueryRequest.java' not found in project sources
[WARNING] 19:44:12.670 File 'IProcessDefinitionModelQueryRequest.java' not found in project sources
[WARNING] 19:44:12.670 File 'IPagedRequest.java' not found in project sources
[WARNING] 19:44:12.670 File 'ProcessState.java' not found in project sources
[WARNING] 19:44:12.670 File 'TaskPriority.java' not found in project sources
[WARNING] 19:44:12.670 File 'ProcessSort.java' not found in project sources
[WARNING] 19:44:12.670 File 'ModelType.java' not found in project sources
[WARNING] 19:44:12.670 File 'RestVariableScope.java' not found in project sources
[WARNING] 19:44:12.670 File 'ModelRelationType.java' not found in project sources
[WARNING] 19:44:12.670 File 'UserSort.java' not found in project sources
[WARNING] 19:44:12.670 File 'GroupSort.java' not found in project sources
[WARNING] 19:44:12.670 File 'TaskSort.java' not found in project sources
[WARNING] 19:44:12.670 File 'ProcessModelSort.java' not found in project sources
[WARNING] 19:44:12.670 File 'FtsWeight.java' not found in project sources
[WARNING] 19:44:12.670 File 'NotFoundException.java' not found in project sources
[WARNING] 19:44:12.670 File 'AuthenticationException.java' not found in project sources
[WARNING] 19:44:12.670 File 'AuthorizationException.java' not found in project sources
[WARNING] 19:44:12.670 File 'EncryptionException.java' not found in project sources
[WARNING] 19:44:12.670 File 'IllegalArgumentException.java' not found in project sources
[WARNING] 19:44:12.670 File 'ConflictRequestException.java' not found in project sources
[WARNING] 19:44:12.670 File 'BaseRestException.java' not found in project sources
[WARNING] 19:44:12.670 File 'BadRequestException.java' not found in project sources
[WARNING] 19:44:12.670 File 'IntegrationException.java' not found in project sources
[WARNING] 19:44:12.670 File 'ContentStorageException.java' not found in project sources
[WARNING] 19:44:12.670 File 'InternalServerErrorException.java' not found in project sources
[WARNING] 19:44:12.670 File 'ErrorInfo.java' not found in project sources
[WARNING] 19:44:12.670 File 'ModelHistoryService.java' not found in project sources
[WARNING] 19:44:12.670 File 'ModelService.java' not found in project sources
[WARNING] 19:44:12.670 File 'AppArchiveService.java' not found in project sources
[WARNING] 19:44:12.670 File 'ModelRelationService.java' not found in project sources
[WARNING] 19:44:12.670 File 'AppDefinitionService.java' not found in project sources
[WARNING] 19:44:12.670 File 'ChecksumUtil.java' not found in project sources
[WARNING] 19:44:12.670 File 'ThreadLocalContext.java' not found in project sources
[WARNING] 19:44:12.670 File 'AcmUtils.java' not found in project sources
[WARNING] 19:44:12.670 File 'Const.java' not found in project sources
[WARNING] 19:44:12.670 File 'Utils.java' not found in project sources
[WARNING] 19:44:12.670 File 'ServerTalk.java' not found in project sources
[WARNING] 19:44:12.670 File 'ReferenceDataLookupDto.java' not found in project sources
[WARNING] 19:44:12.670 File 'IPermissionRep.java' not found in project sources
[WARNING] 19:44:12.670 File 'IGroupPrivilegeDto.java' not found in project sources
[WARNING] 19:44:12.670 File 'IUserPreferencesDto.java' not found in project sources
[WARNING] 19:44:12.670 File 'IGroupDto.java' not found in project sources
[WARNING] 19:44:12.670 File 'ReferenceDataLookupValueDto.java' not found in project sources
[WARNING] 19:44:12.670 File 'IUserGroupDto.java' not found in project sources
[WARNING] 19:44:12.670 File 'IUserDto.java' not found in project sources
[WARNING] 19:44:12.670 File 'IFormOptionSetDto.java' not found in project sources
[WARNING] 19:44:12.670 File 'IFormFieldOptionDto.java' not found in project sources
[WARNING] 19:44:12.670 File 'SearchRequest.java' not found in project sources
[WARNING] 19:44:12.670 File 'IAcmUserGroupRep.java' not found in project sources
[WARNING] 19:44:12.670 File 'IAcmConfigurationRep.java' not found in project sources
[WARNING] 19:44:12.670 File 'ReferenceDataLookupKeyDto.java' not found in project sources
[WARNING] 19:44:12.670 File 'IRelatedContentDto.java' not found in project sources
[WARNING] 19:44:12.670 File 'ReferenceDataLookupDefinitionDto.java' not found in project sources
[WARNING] 19:44:12.670 File 'RmqEventPublisher.java' not found in project sources
[WARNING] 19:44:12.670 File 'RmqHealthCheckService.java' not found in project sources
[WARNING] 19:44:12.670 File 'RmqEventListener.java' not found in project sources
[WARNING] 19:44:12.670 File 'RmqService.java' not found in project sources
[WARNING] 19:44:12.670 File 'IReferenceDataLookupValueDto.java' not found in project sources
[WARNING] 19:44:12.670 File 'IReferenceDataLookupKeyDto.java' not found in project sources
[WARNING] 19:44:12.670 File 'FormService.java' not found in project sources
[WARNING] 19:44:12.670 File 'UserSyncCacheService.java' not found in project sources
[WARNING] 19:44:12.670 File 'CommentService.java' not found in project sources
[WARNING] 19:44:12.670 File 'FormOptionSetService.java' not found in project sources
[WARNING] 19:44:12.670 File 'TaskService.java' not found in project sources
[WARNING] 19:44:12.670 File 'LoadAcmConfigurationService.java' not found in project sources
[WARNING] 19:44:12.670 File 'FormFieldOptionService.java' not found in project sources
[WARNING] 19:44:12.670 File 'TaskQueryService.java' not found in project sources
[WARNING] 19:44:12.670 File 'ProcessInstanceQueryService.java' not found in project sources
[WARNING] 19:44:12.670 File 'RoleResourceService.java' not found in project sources
[WARNING] 19:44:12.670 File 'AuthService.java' not found in project sources
[WARNING] 19:44:12.670 File 'IReferenceDataService.java' not found in project sources
[WARNING] 19:44:12.670 File 'UserService.java' not found in project sources
[WARNING] 19:44:12.670 File 'AcmInitializerService.java' not found in project sources
[WARNING] 19:44:12.670 File 'AppService.java' not found in project sources
[WARNING] 19:44:12.670 File 'PrivilegeService.java' not found in project sources
[WARNING] 19:44:12.670 File 'UserPreferencesService.java' not found in project sources
[WARNING] 19:44:12.670 File 'ProcessInstanceVariableService.java' not found in project sources
[WARNING] 19:44:12.670 File 'ContentStorageService.java' not found in project sources
[WARNING] 19:44:12.670 File 'UserCache.java' not found in project sources
[WARNING] 19:44:12.670 File 'ProcessInstanceService.java' not found in project sources
[WARNING] 19:44:12.670 File 'TaskActionService.java' not found in project sources
[WARNING] 19:44:12.670 File 'RelatedContentService.java' not found in project sources
[WARNING] 19:44:12.670 File 'AESService.java' not found in project sources
[WARNING] 19:44:12.670 File 'UserSynchronizationService.java' not found in project sources
[WARNING] 19:44:12.670 File 'ProcessDefinitionService.java' not found in project sources
[WARNING] 19:44:12.670 File 'GroupService.java' not found in project sources
[WARNING] 19:44:12.670 File 'IFormDataResponse.java' not found in project sources
[WARNING] 19:44:12.670 File 'IProcessDefinitionModelResponse.java' not found in project sources
[WARNING] 19:44:12.670 File 'IAppPublishResponse.java' not found in project sources
[WARNING] 19:44:12.670 File 'IAttachmentResponse.java' not found in project sources
[WARNING] 19:44:12.670 File 'IUserGroupSummary.java' not found in project sources
[WARNING] 19:44:12.670 File 'IAppDefinitionDraftSummaryResponse.java' not found in project sources
[WARNING] 19:44:12.670 File 'IProcessInstanceResponse.java' not found in project sources
[WARNING] 19:44:12.670 File 'IProcessVariableResponse.java' not found in project sources
[WARNING] 19:44:12.670 File 'ISavedSearchResponse.java' not found in project sources
[WARNING] 19:44:12.670 File 'IUserDetailsResponse.java' not found in project sources
[WARNING] 19:44:12.670 File 'ITaskResponse.java' not found in project sources
[WARNING] 19:44:12.670 File 'IIdentityLinkResponse.java' not found in project sources
[WARNING] 19:44:12.670 File 'IMembershipResponse.java' not found in project sources
[WARNING] 19:44:12.670 File 'IProcessDefinitionModelRelationResponse.java' not found in project sources
[WARNING] 19:44:12.670 File 'ICountResponse.java' not found in project sources
[WARNING] 19:44:12.670 File 'IFormFieldResponse.java' not found in project sources
[WARNING] 19:44:12.670 File 'IDeploymentResourceResponse.java' not found in project sources
[WARNING] 19:44:12.670 File 'IAppDefinitionDraftResponse.java' not found in project sources
[WARNING] 19:44:12.670 File 'IGroupResponse.java' not found in project sources
[WARNING] 19:44:12.670 File 'IUserResponse.java' not found in project sources
[WARNING] 19:44:12.670 File 'IAggregatedResponse.java' not found in project sources
[WARNING] 19:44:12.670 File 'ICommentResponse.java' not found in project sources
[WARNING] 19:44:12.670 File 'IUserInfoResponse.java' not found in project sources
[WARNING] 19:44:12.670 File 'IUserDetailResponse.java' not found in project sources
[WARNING] 19:44:12.670 File 'IProcessDefinitionModelHistoryResponse.java' not found in project sources
[WARNING] 19:44:12.670 File 'IPagedResponse.java' not found in project sources
[WARNING] 19:44:12.670 File 'IProcessDefinitionModelSummaryResponse.java' not found in project sources
[WARNING] 19:44:12.670 File 'IProcessDefinitionResponse.java' not found in project sources
[WARNING] 19:44:12.670 File 'IAppDeploymentResponse.java' not found in project sources
[WARNING] 19:44:12.670 File 'IAppDefinitionResponse.java' not found in project sources
[WARNING] 19:44:12.670 File 'ICookieProperties.java' not found in project sources
[WARNING] 19:44:12.670 File 'IGroupEntity.java' not found in project sources
[WARNING] 19:44:12.670 File 'IEventSyncEntity.java' not found in project sources
[WARNING] 19:44:12.670 File 'IRuntimeIdentityLinkEntity.java' not found in project sources
[WARNING] 19:44:12.670 File 'IRuntimeExecutionEntity.java' not found in project sources
[WARNING] 19:44:12.670 File 'IUserEntity.java' not found in project sources
[WARNING] 19:44:12.670 File 'IProcessDefinitionModelHistoryEntity.java' not found in project sources
[WARNING] 19:44:12.670 File 'IHistoricIdentityLinkEntity.java' not found in project sources
[WARNING] 19:44:12.670 File 'IAbstractAuditEntity.java' not found in project sources
[WARNING] 19:44:12.670 File 'ITaskEntity.java' not found in project sources
[WARNING] 19:44:12.670 File 'IGroupPrivilegeEntity.java' not found in project sources
[WARNING] 19:44:12.670 File 'IHistoricTaskEntity.java' not found in project sources
[WARNING] 19:44:12.670 File 'IProcessDefinitionEntity.java' not found in project sources
[WARNING] 19:44:12.670 File 'IProcessSearchEntity.java' not found in project sources
[WARNING] 19:44:12.670 File 'IUserPreferencesEntity.java' not found in project sources
[WARNING] 19:44:12.670 File 'IMutableId.java' not found in project sources
[WARNING] 19:44:12.670 File 'IAppDeploymentEntity.java' not found in project sources
[WARNING] 19:44:12.670 File 'ICommentEntity.java' not found in project sources
[WARNING] 19:44:12.670 File 'IProcessDefinitionModelEntity.java' not found in project sources
[WARNING] 19:44:12.670 File 'IDeploymentEntity.java' not found in project sources
[WARNING] 19:44:12.670 File 'IProcessDefinitionModelRelationEntity.java' not found in project sources
[WARNING] 19:44:12.670 File 'IHistoricVariableInstanceEntity.java' not found in project sources
[WARNING] 19:44:12.670 File 'ITaskSearchEntity.java' not found in project sources
[WARNING] 19:44:12.670 File 'IRelatedContentEntity.java' not found in project sources
[WARNING] 19:44:12.670 File 'IAbstractTaskInfoEntity.java' not found in project sources
[WARNING] 19:44:12.670 File 'IHistoricProcessInstanceEntity.java' not found in project sources
[WARNING] 19:44:12.670 File 'ICommentNotify.java' not found in project sources
[WARNING] 19:44:12.670 File 'IRestVariable.java' not found in project sources
[WARNING] 19:44:12.670 File 'RelatedContentStatus.java' not found in project sources
[WARNING] 19:44:12.671 File 'GroupStatus.java' not found in project sources
[WARNING] 19:44:12.671 File 'UserAccountStatus.java' not found in project sources
[WARNING] 19:44:12.671 File 'TaskState.java' not found in project sources
[WARNING] 19:44:12.671 File 'InsightEventHandler.java' not found in project sources
[WARNING] 19:44:12.671 File 'IEventDto.java' not found in project sources
[WARNING] 19:44:12.671 File 'ISavedSearch.java' not found in project sources
[WARNING] 19:44:12.671 File 'IUserPreferences.java' not found in project sources
[WARNING] 19:44:12.671 File 'ITableColumnDefinition.java' not found in project sources
[INFO] 19:44:12.671 Sensor JaCoCo XML Report Importer [jacoco] (done) | time=26ms
[INFO] 19:44:12.671 Sensor IaC hadolint report Sensor [iac]
[INFO] 19:44:12.671 Sensor IaC hadolint report Sensor [iac] (done) | time=0ms
[INFO] 19:44:12.671 Sensor Java Config Sensor [iac]
[INFO] 19:44:12.709 There are no files to be analyzed for the Java language
[INFO] 19:44:12.709 Sensor Java Config Sensor [iac] (done) | time=38ms
[INFO] 19:44:12.709 Sensor IaC Docker Sensor [iac]
[INFO] 19:44:12.709 Sensor IaC Docker Sensor is restricted to changed files only
[INFO] 19:44:12.710 There are no files to be analyzed for the Docker language
[INFO] 19:44:12.710 Sensor IaC Docker Sensor [iac] (done) | time=0ms
[INFO] 19:44:12.710 Sensor IaC GitHub Actions Sensor [iac]
[INFO] 19:44:12.710 There are no files to be analyzed for the GitHub Actions language
[INFO] 19:44:12.710 Sensor IaC GitHub Actions Sensor [iac] (done) | time=0ms
[INFO] 19:44:12.710 Sensor IaC actionlint report Sensor [iac]
[INFO] 19:44:12.710 Sensor IaC actionlint report Sensor [iac] (done) | time=0ms
[INFO] 19:44:12.710 Sensor IaC Shell Sensor [iac]
[INFO] 19:44:12.710 There are no files to be analyzed for the Shell language
[INFO] 19:44:12.710 Sensor IaC Shell Sensor [iac] (done) | time=0ms
[INFO] 19:44:12.710 Sensor ThymeLeaf template sensor [securityjavafrontend]
[INFO] 19:44:12.710 Sensor ThymeLeaf template sensor [securityjavafrontend] (done) | time=0ms
[INFO] 19:44:12.710 Sensor JavaAndroidConfigurationSensor [securityjavafrontend]
[INFO] 19:44:12.710 Sensor JavaAndroidConfigurationSensor [securityjavafrontend] (done) | time=0ms
[INFO] 19:44:12.710 Sensor XML Sensor [xml]
[INFO] 19:44:12.710 Sensor XML Sensor is restricted to changed files only
[INFO] 19:44:12.710 Sensor XML Sensor [xml] (done) | time=0ms
[INFO] 19:44:12.710 Sensor DBD/Java IR Generation [dbdjavafrontend]
[INFO] 19:44:13.015 Sensor DBD/Java IR Generation [dbdjavafrontend] (done) | time=304ms
[INFO] 19:44:13.015 Sensor javabugs [dbd]
[INFO] 19:44:13.628 Analyzing 3856/6296 functions to detect bugs.
[INFO] 19:44:15.327 Sensor javabugs [dbd] (done) | time=2311ms
[INFO] 19:44:15.327 Sensor pythonbugs [dbd]
[INFO] 19:44:15.328 No IR files have been included for analysis.
[INFO] 19:44:15.329 Sensor pythonbugs [dbd] (done) | time=1ms
[INFO] 19:44:15.329 Sensor DeveloperTextAndSecretsSensor [textdeveloper]
[INFO] 19:44:15.329 Sensor DeveloperTextAndSecretsSensor is restricted to changed files only
[INFO] 19:44:15.333 Available processors: 2
[INFO] 19:44:15.333 Using 2 threads for analysis.
[INFO] 19:44:15.656 Start fetching files for the text and secrets analysis
[INFO] 19:44:15.662 Using Git CLI to retrieve dirty files
[INFO] 19:44:15.732 Retrieving language associated files and files included via "sonar.text.inclusions" that are tracked by git
[INFO] 19:44:15.733 Starting the text and secrets analysis
[INFO] 19:44:15.734 9 source files to be analyzed for the text and secrets analysis
[INFO] 19:44:15.776 9/9 source files have been analyzed for the text and secrets analysis
[INFO] 19:44:15.809 Start fetching files for the binary file analysis
[INFO] 19:44:15.810 There are no files to be analyzed for the binary file analysis
[INFO] 19:44:15.814 Sensor DeveloperTextAndSecretsSensor [textdeveloper] (done) | time=485ms
[INFO] 19:44:15.814 Sensor JavaSecuritySensor [security]
[INFO] 19:44:15.818 29 taint analysis rules enabled.
[INFO] 19:44:16.291 Analyzing 3500 UCFGs to detect vulnerabilities.
[INFO] 19:44:16.313 Cache loaded: B{ucfgsHashes.count=3491, typeDefinitionsHashes.count=1126}
[INFO] 19:44:18.449 Analyzing 9 new or changed file(s) (PR analysis).
[INFO] 19:44:18.558 No entry points found.
[INFO] 19:44:18.560 java security sensor: Begin: 2026-10-07T19:44:15.817130971Z, End: 2026-10-07T19:44:18.559630989Z, Duration: 00:00:02.742
  Load type hierarchy and UCFGs: Begin: 2026-10-07T19:44:15.821253983Z, End: 2026-10-07T19:44:16.291075624Z, Duration: 00:00:00.469
    Load type hierarchy: Begin: 2026-10-07T19:44:15.821270343Z, End: 2026-10-07T19:44:15.921505820Z, Duration: 00:00:00.100
    Load UCFGs: Begin: 2026-10-07T19:44:15.921656581Z, End: 2026-10-07T19:44:16.291011962Z, Duration: 00:00:00.369
  Check cache: Begin: 2026-10-07T19:44:16.291239256Z, End: 2026-10-07T19:44:16.313216453Z, Duration: 00:00:00.021
    Load cache: Begin: 2026-10-07T19:44:16.291681310Z, End: 2026-10-07T19:44:16.311287348Z, Duration: 00:00:00.019
    Compare cache: Begin: 2026-10-07T19:44:16.311551118Z, End: 2026-10-07T19:44:16.313178302Z, Duration: 00:00:00.001
  Create runtime call graph: Begin: 2026-10-07T19:44:16.313228625Z, End: 2026-10-07T19:44:16.631500301Z, Duration: 00:00:00.318
    Variable Type Analysis #1: Begin: 2026-10-07T19:44:16.313836394Z, End: 2026-10-07T19:44:16.421536095Z, Duration: 00:00:00.107
      Create runtime type propagation graph: Begin: 2026-10-07T19:44:16.314482524Z, End: 2026-10-07T19:44:16.371635429Z, Duration: 00:00:00.057
      Run SCC (Tarjan) on 13732 nodes: Begin: 2026-10-07T19:44:16.372019657Z, End: 2026-10-07T19:44:16.385981822Z, Duration: 00:00:00.013
      Propagate runtime types to strongly connected components: Begin: 2026-10-07T19:44:16.386064967Z, End: 2026-10-07T19:44:16.421478435Z, Duration: 00:00:00.035
    Variable Type Analysis #2: Begin: 2026-10-07T19:44:16.425279197Z, End: 2026-10-07T19:44:16.628781758Z, Duration: 00:00:00.203
      Create runtime type propagation graph: Begin: 2026-10-07T19:44:16.425287577Z, End: 2026-10-07T19:44:16.575146761Z, Duration: 00:00:00.149
      Run SCC (Tarjan) on 13728 nodes: Begin: 2026-10-07T19:44:16.575269314Z, End: 2026-10-07T19:44:16.612171094Z, Duration: 00:00:00.036
      Propagate runtime types to strongly connected components: Begin: 2026-10-07T19:44:16.612258074Z, End: 2026-10-07T19:44:16.628694358Z, Duration: 00:00:00.016
  Load config: Begin: 2026-10-07T19:44:16.631558708Z, End: 2026-10-07T19:44:18.448944419Z, Duration: 00:00:01.817
  Compute entry points: Begin: 2026-10-07T19:44:18.449039949Z, End: 2026-10-07T19:44:18.558766705Z, Duration: 00:00:00.109
[INFO] 19:44:18.560 java security sensor peak memory (pre-GC, max allocation pressure): 800 MB
[INFO] 19:44:18.560 java security sensor peak memory (post-GC, max live footprint): 630 MB
[INFO] 19:44:18.560 Sensor JavaSecuritySensor [security] (done) | time=2746ms
[INFO] 19:44:18.561 ------------- Run sensors on project
[INFO] 19:44:18.747 Sensor JaCoCo Aggregate XML Report Importer [jacoco]
[INFO] 19:44:18.747 Sensor JaCoCo Aggregate XML Report Importer [jacoco] (done) | time=0ms
[INFO] 19:44:18.747 Sensor IaC Project Sensor [iac]
[INFO] 19:44:18.748 Sensor IaC Project Sensor [iac] (done) | time=0ms
[INFO] 19:44:18.748 Sensor JavaProjectSensor [java]
[INFO] 19:44:18.749 Sensor JavaProjectSensor [java] (done) | time=1ms
[INFO] 19:44:18.749 Sensor JavaArchitectureSensor [architecture]
[INFO] 19:44:18.768 Found 1 potential Udg file location(s) for "java" in "/home/jenkins/agent/workspace/rd_insight-server_PR-57/target/sonar"
[INFO] 19:44:18.768 - /home/jenkins/agent/workspace/rd_insight-server_PR-57/target/sonar/architecture/java
[INFO] 19:44:18.779 Architecture analysis is enabled.
[INFO] 19:44:18.783 * Protobuf reading starting | memory total=880 | free=243 | used=636 (MB)
[INFO] 19:44:18.783 * Reading SonarArchitecture UDG data from directory "/home/jenkins/agent/workspace/rd_insight-server_PR-57/target/sonar/architecture/java"
[INFO] 19:44:19.060 * Files successfully loaded: "524" out of "524"
[INFO] 19:44:19.061 * Purging externals (components not scanned) from graphs
[INFO] 19:44:19.071 * Purging excluded nodes from graphs
[INFO] 19:44:19.075 * Protobuf reading complete | memory total=880 | free=157 | used=722 (MB)
[INFO] 19:44:19.231 * Build architecture.graph.java.namespace_graph.default_perspective hierarchy graph complete (filtered=false) | memory total=880 | free=122 | used=757 (MB)
[INFO] 19:44:19.333 No directives configured
[INFO] 19:44:19.343 * No intended architecture defined or detected, using an empty model
[INFO] 19:44:19.744 Sensor JavaArchitectureSensor [architecture] (done) | time=995ms
[INFO] 19:44:19.745 Sensor Zero Coverage Sensor
[INFO] 19:44:19.746 Sensor Zero Coverage Sensor (done) | time=1ms
[INFO] 19:44:19.746 Sensor Java CPD Block Indexer
[INFO] 19:44:19.952 Sensor Java CPD Block Indexer (done) | time=205ms
[INFO] 19:44:19.952 Sensor Architecture Telemetry [architecture]
[INFO] 19:44:19.953 Sensor Architecture Telemetry [architecture] (done) | time=0ms
[INFO] 19:44:19.953 ------------- Gather SCA dependencies on project
[INFO] 19:44:19.956 Dependency analysis skipped
[INFO] 19:44:19.958 SCM Publisher SCM provider for this project is: git
[INFO] 19:44:19.959 SCM Publisher 9 source files to be analyzed
[INFO] 19:44:20.300 SCM Publisher 9/9 source files have been analyzed (done) | time=340ms
[INFO] 19:44:20.317 CPD Executor 156 files had no CPD blocks
[INFO] 19:44:20.317 CPD Executor Calculating CPD for 269 files
[INFO] 19:44:20.359 CPD Executor CPD calculation finished (done) | time=42ms
[INFO] 19:44:20.364 SCM revision ID 'e00b13031a66d84bddb125082a44153f9774cf3a'
[INFO] 19:44:20.454 SCM writing changed lines
[INFO] 19:44:20.456 Merge base sha1: 54b647ccc662691f97203bdda479538815627355
[INFO] 19:44:20.535 SCM writing changed lines (done) | time=82ms
[INFO] 19:44:20.544 Analysis report generated in 175ms, dir size=701.9 kB
[INFO] 19:44:20.696 Analysis report compressed in 152ms, zip size=414.5 kB
[INFO] 19:44:20.832 Analysis report uploaded in 136ms
[INFO] 19:44:20.834 ANALYSIS SUCCESSFUL, you can find the results at: https://sonar.flatirons.cloud/dashboard?id=com.flatirons.insight%3Ainsight-root&pullRequest=57
[INFO] 19:44:20.834 Note that you will be able to access the updated dashboard once the server has processed the submitted analysis report
[INFO] 19:44:20.834 More about the report processing at https://sonar.flatirons.cloud/api/ce/task?id=d99cb277-6473-4f47-999c-cb42798a774e
[INFO] 19:44:20.837 Executing post-job 'Architecture report publisher'
[INFO] 19:44:21.161 Successfully sent architecture data
[INFO] 19:44:21.191 Analysis total time: 20.520 s
[INFO] ------------------------------------------------------------------------
[INFO] Reactor Summary for Insight Server 999.999-kwesley-workflow-scenario-port-target-SNAPSHOT:
[INFO] 
[INFO] Insight Server ..................................... SUCCESS [ 22.663 s]
[INFO] Insight - API ...................................... SUCCESS [  5.715 s]
[INFO] Insight - Spring Configuration ..................... SUCCESS [ 10.152 s]
[INFO] Insight - Model .................................... SUCCESS [  3.737 s]
[INFO] Insight - Entity and Repository .................... SUCCESS [  5.265 s]
[INFO] Insight - Service .................................. SUCCESS [01:17 min]
[INFO] Insight - REST ..................................... SUCCESS [ 14.744 s]
[INFO] Insight - Spring Application ....................... SUCCESS [  5.821 s]
[INFO] ------------------------------------------------------------------------
[INFO] BUILD SUCCESS
[INFO] ------------------------------------------------------------------------
[INFO] Total time:  02:27 min
[INFO] Finished at: 2026-10-07T19:44:21Z
[INFO] ------------------------------------------------------------------------
[INFO] [jenkins-event-spy] Generated /home/jenkins/agent/workspace/rd_insight-server_PR-57@tmp/withMavena5c45bdd/maven-spy-20261007-194153-74712255313308131259828.log
[Pipeline] }
[Pipeline] // withSonarQubeEnv
[Pipeline] timeout
Timeout set to expire in 1 hr 0 min
[Pipeline] {
[Pipeline] waitForQualityGate
Checking status of SonarQube task 'd99cb277-6473-4f47-999c-cb42798a774e' on server 'Devops Sonarqube'
SonarQube task 'd99cb277-6473-4f47-999c-cb42798a774e' status is 'PENDING'
SonarQube task 'd99cb277-6473-4f47-999c-cb42798a774e' status is 'SUCCESS'
SonarQube task 'd99cb277-6473-4f47-999c-cb42798a774e' completed. Quality gate is 'ERROR'
[Pipeline] }
[Pipeline] // timeout
[Pipeline] }
[withMaven] JacocoPublisher is no longer implicitly used with `withMaven` step.
[withMaven] Jacoco plugin has been deprecated and should not be used anymore.
[withMaven] CoveragePublisher will be used instead.

[withMaven] junitPublisher - Archive test results for Maven artifact com.flatirons.insight:insight-api:jar:999.999-kwesley-workflow-scenario-port-target-SNAPSHOT generated by maven-surefire-plugin:test (default-test): insight-api/target/surefire-reports/*.xml
[withMaven] junitPublisher - Archive test results for Maven artifact com.flatirons.insight:insight-config:jar:999.999-kwesley-workflow-scenario-port-target-SNAPSHOT generated by maven-surefire-plugin:test (default-test): insight-config/target/surefire-reports/*.xml
[withMaven] junitPublisher - Archive test results for Maven artifact com.flatirons.insight:insight-model:jar:999.999-kwesley-workflow-scenario-port-target-SNAPSHOT generated by maven-surefire-plugin:test (default-test): insight-model/target/surefire-reports/*.xml
[withMaven] junitPublisher - Archive test results for Maven artifact com.flatirons.insight:insight-dao:jar:999.999-kwesley-workflow-scenario-port-target-SNAPSHOT generated by maven-surefire-plugin:test (default-test): insight-dao/target/surefire-reports/*.xml
[withMaven] junitPublisher - Archive test results for Maven artifact com.flatirons.insight:insight-service:jar:999.999-kwesley-workflow-scenario-port-target-SNAPSHOT generated by maven-surefire-plugin:test (default-test): insight-service/target/surefire-reports/*.xml
[withMaven] junitPublisher - Archive test results for Maven artifact com.flatirons.insight:insight-rest:jar:999.999-kwesley-workflow-scenario-port-target-SNAPSHOT generated by maven-surefire-plugin:test (default-test): insight-rest/target/surefire-reports/*.xml
[withMaven] junitPublisher - Archive test results for Maven artifact com.flatirons.insight:insight-package:war:999.999-kwesley-workflow-scenario-port-target-SNAPSHOT generated by maven-surefire-plugin:test (default-test): insight-package/target/surefire-reports/*.xml
[withMaven] junitPublisher - Jenkins JUnit Attachments Plugin not found, can't publish test attachments.
[withMaven] junitPublisher - Jenkins JUnit Flaky Test Handler Plugin not found, can't publish JUnit flaky tests reports.
Recording test results
[Checks API] No suitable checks publisher found.
[withMaven] Publishers: Pipeline Graph Publisher: 427 ms, Junit Publisher: 159 ms, Dependencies Fingerprint Publisher: 485 ms
[Pipeline] // withMaven
[Pipeline] }
[Pipeline] // container
[Pipeline] }
[Pipeline] // stage
[Pipeline] }
Failed in branch Pull Requests
[Pipeline] // parallel
[Pipeline] }
[Pipeline] // stage
[Pipeline] stage
[Pipeline] { (Deploy)
Stage "Deploy" skipped due to earlier failure(s)
[Pipeline] getContext
[Pipeline] }
[Pipeline] // stage
[Pipeline] }
[Pipeline] // withEnv
[Pipeline] }
[Pipeline] // withEnv
[Pipeline] }
[Pipeline] // node
[Pipeline] }
[Pipeline] // podTemplate
[Pipeline] End of Pipeline
ERROR: Pipeline aborted due to quality gate failure: ERROR
[Bitbucket] Notifying pull request build result
[Bitbucket] Build result notified
Finished: FAILURE

